2026-08-19 23:25:38,944 - INFO - Runner starting
2026-08-19 23:25:38,944 - ERROR - Tokens file not found: tokens.txt
2026-08-19 23:25:38,944 - ERROR - No accounts found in tokens file
2026-08-19 23:26:08,644 - INFO - Runner starting
2026-08-19 23:26:08,644 - ERROR - Tokens file not found: tokens.txt
2026-08-19 23:26:08,644 - ERROR - No accounts found in tokens file
2026-08-19 23:26:47,416 - INFO - Runner starting
2026-08-19 23:26:47,416 - INFO - Running 2 accounts with concurrency=2
2026-08-19 23:26:47,416 - INFO - Starting account 97aa6447d4 -> channel 980696581777027092
2026-08-19 23:26:47,416 - INFO - Starting account bafd1f4103 -> channel 1506890846652338206
2026-08-19 23:26:47,513 - INFO - ====== WebDriver manager ======
2026-08-19 23:26:47,513 - INFO - ====== WebDriver manager ======
2026-08-19 23:26:48,424 - INFO - Driver [C:\Users\satis\.wdm\drivers\chromedriver\win64\151.0.7922.138\chromedriver-win64/chromedriver.exe] found in cache by browser version
2026-08-19 23:26:48,424 - INFO - Driver [C:\Users\satis\.wdm\drivers\chromedriver\win64\151.0.7922.138\chromedriver-win64/chromedriver.exe] found in cache by browser version
2026-08-19 23:26:52,035 - INFO - CDP injection scheduled (single attempt)
2026-08-19 23:26:52,209 - INFO - CDP injection scheduled (single attempt)
2026-08-19 23:27:00,999 - INFO - Token not verified after single attempt; proceeding to open channel
2026-08-19 23:27:00,999 - INFO - Token injection not verified for 97aa6447d4; proceeding to open channel
2026-08-19 23:27:01,115 - INFO - Token not verified after single attempt; proceeding to open channel
2026-08-19 23:27:01,115 - INFO - Token injection not verified for bafd1f4103; proceeding to open channel
2026-08-19 23:27:01,845 - INFO - Starting message loop for account
2026-08-19 23:27:01,855 - INFO - Next message will be sent in 3.7 seconds: owo hunt
2026-08-19 23:27:02,404 - INFO - Starting message loop for account
2026-08-19 23:27:02,418 - INFO - Next message will be sent in 4.0 seconds: owo hunt
2026-08-19 23:27:18,956 - WARNING - No message box for bafd1f4103; will retry after interval
2026-08-19 23:27:18,965 - INFO - Next message will be sent in 5.3 seconds: owo battle
2026-08-19 23:27:22,996 - INFO - Typed message: owo hunt
2026-08-19 23:27:22,998 - INFO - Message sent: owo hunt
2026-08-19 23:27:23,594 - INFO - Next message will be sent in 4.7 seconds: owo battle
2026-08-19 23:27:32,798 - INFO - Typed message: owo battle
2026-08-19 23:27:32,799 - INFO - Message sent: owo battle
2026-08-19 23:27:33,076 - INFO - Next message will be sent in 4.2 seconds: owo sell all
2026-08-19 23:27:36,215 - INFO - Typed message: owo battle
2026-08-19 23:27:36,215 - INFO - Message sent: owo battle
2026-08-19 23:27:36,658 - INFO - Next message will be sent in 4.9 seconds: owo sell all
2026-08-19 23:27:42,530 - INFO - Typed message: owo sell all
2026-08-19 23:27:42,530 - INFO - Message sent: owo sell all
2026-08-19 23:27:42,872 - INFO - Next message will be sent in 4.6 seconds: owo cf 3
2026-08-19 23:27:47,858 - INFO - Typed message: owo sell all
2026-08-19 23:27:47,858 - INFO - Message sent: owo sell all
2026-08-19 23:27:48,113 - INFO - Next message will be sent in 4.4 seconds: owo cf 3
2026-08-19 23:27:52,642 - INFO - Typed message: owo cf 3
2026-08-19 23:27:52,644 - INFO - Message sent: owo cf 3
2026-08-19 23:27:53,242 - INFO - Next message will be sent in 5.4 seconds: owo hunt
2026-08-19 23:27:56,689 - INFO - Typed message: owo cf 3
2026-08-19 23:27:56,689 - INFO - Message sent: owo cf 3
2026-08-19 23:27:57,238 - INFO - Next message will be sent in 5.3 seconds: owo hunt
2026-08-19 23:28:03,507 - INFO - Typed message: owo hunt
2026-08-19 23:28:03,507 - INFO - Message sent: owo hunt
2026-08-19 23:28:03,789 - INFO - Next message will be sent in 2.2 seconds: owo battle
2026-08-19 23:28:06,778 - INFO - Typed message: owo hunt
2026-08-19 23:28:06,780 - INFO - Message sent: owo hunt
2026-08-19 23:28:07,148 - INFO - Next message will be sent in 4.8 seconds: owo battle
2026-08-19 23:28:12,047 - INFO - Typed message: owo battle
2026-08-19 23:28:12,048 - INFO - Message sent: owo battle
2026-08-19 23:28:12,262 - INFO - Next message will be sent in 2.4 seconds: owo sell all
2026-08-19 23:28:13,783 - ERROR - human_type error: Message: stale element reference: stale element not found in the current frame
  (Session info: chrome=151.0.7922.169); For documentation on this error, please visit: https://www.selenium.dev/documentation/webdriver/troubleshooting/errors#staleelementreferenceexception
Stacktrace:
	chromedriver!GetHandleVerifier [0x7ff66f0aabb5+151b5]
	chromedriver!GetHandleVerifier [0x7ff66f0aac10+15210]
	chromedriver!(No symbol) [0x7ff66ebd5d6d]
	chromedriver!(No symbol) [0x7ff66ebddcd1]
	chromedriver!(No symbol) [0x7ff66ebe0c85]
	chromedriver!(No symbol) [0x7ff66ebe0d4f]
	chromedriver!(No symbol) [0x7ff66ec324e0]
	chromedriver!(No symbol) [0x7ff66ec325d7]
	chromedriver!(No symbol) [0x7ff66ec2907a]
	chromedriver!(No symbol) [0x7ff66ec59d0a]
	chromedriver!(No symbol) [0x7ff66ec24f76]
	chromedriver!(No symbol) [0x7ff66ec7ec0b]
	chromedriver!(No symbol) [0x7ff66ec237cc]
	chromedriver!(No symbol) [0x7ff66ec246f3]
	chromedriver!GetHandleVerifier [0x7ff66f6cb79b+635d9b]
	chromedriver!GetHandleVerifier [0x7ff66f6c5ac6+6300c6]
	chromedriver!GetHandleVerifier [0x7ff66f6ebcee+6562ee]
	chromedriver!GetHandleVerifier [0x7ff66f0c8ffe+335fe]
	chromedriver!GetHandleVerifier [0x7ff66f0d147c+3ba7c]
	chromedriver!GetHandleVerifier [0x7ff66f0b4d64+1f364]
	chromedriver!GetHandleVerifier [0x7ff66f0b4ef4+1f4f4]
	chromedriver!GetHandleVerifier [0x7ff66f097d97+2397]
	KERNEL32!BaseThreadInitThunk [0x7ffb9f7eccb7+17]
	ntdll!RtlUserThreadStart [0x7ffba12ead6c+2c]

2026-08-19 23:28:13,783 - WARNING - Failed to send message: owo battle
2026-08-19 23:28:14,032 - INFO - Next message will be sent in 5.4 seconds: owo sell all
2026-08-19 23:28:20,224 - INFO - Typed message: owo sell all
2026-08-19 23:28:20,224 - INFO - Message sent: owo sell all
2026-08-19 23:28:20,592 - INFO - Next message will be sent in 5.1 seconds: owo cf 3
2026-08-19 23:28:26,188 - INFO - Typed message: owo sell all
2026-08-19 23:28:26,188 - INFO - Message sent: owo sell all
2026-08-19 23:28:26,685 - INFO - Next message will be sent in 4.0 seconds: owo cf 3
2026-08-19 23:28:31,767 - INFO - Typed message: owo cf 3
2026-08-19 23:28:31,769 - INFO - Message sent: owo cf 3
2026-08-19 23:28:32,019 - INFO - Next message will be sent in 5.5 seconds: owo hunt
2026-08-19 23:28:35,923 - INFO - Typed message: owo cf 3
2026-08-19 23:28:35,924 - INFO - Message sent: owo cf 3
2026-08-19 23:28:36,636 - INFO - Next message will be sent in 3.9 seconds: owo hunt
2026-08-19 23:28:43,240 - INFO - Typed message: owo hunt
2026-08-19 23:28:43,242 - INFO - Message sent: owo hunt
2026-08-19 23:28:43,971 - INFO - Next message will be sent in 2.3 seconds: owo battle
2026-08-19 23:28:46,082 - INFO - Typed message: owo hunt
2026-08-19 23:28:46,085 - INFO - Message sent: owo hunt
2026-08-19 23:28:46,880 - INFO - Next message will be sent in 5.8 seconds: owo battle
2026-08-19 23:28:54,182 - INFO - Typed message: owo battle
2026-08-19 23:28:54,182 - INFO - Message sent: owo battle
2026-08-19 23:28:54,420 - INFO - Next message will be sent in 4.9 seconds: owo sell all
2026-08-19 23:28:57,876 - INFO - Typed message: owo battle
2026-08-19 23:28:57,878 - INFO - Message sent: owo battle
2026-08-19 23:28:58,141 - INFO - Next message will be sent in 5.5 seconds: owo sell all
2026-08-19 23:29:04,315 - INFO - Typed message: owo sell all
2026-08-19 23:29:04,315 - INFO - Message sent: owo sell all
2026-08-19 23:29:04,995 - INFO - Next message will be sent in 2.7 seconds: owo cf 3
2026-08-19 23:29:10,010 - INFO - Typed message: owo sell all
2026-08-19 23:29:10,011 - INFO - Message sent: owo sell all
2026-08-19 23:29:10,464 - INFO - Next message will be sent in 3.7 seconds: owo cf 3
2026-08-19 23:29:13,441 - INFO - Typed message: owo cf 3
2026-08-19 23:29:13,442 - INFO - Message sent: owo cf 3
2026-08-19 23:29:13,888 - INFO - Next message will be sent in 5.3 seconds: owo hunt
2026-08-19 23:29:20,319 - INFO - Typed message: owo cf 3
2026-08-19 23:29:20,320 - INFO - Message sent: owo cf 3
2026-08-19 23:29:20,723 - INFO - Next message will be sent in 3.5 seconds: owo hunt
2026-08-19 23:29:23,850 - INFO - Typed message: owo hunt
2026-08-19 23:29:23,853 - INFO - Message sent: owo hunt
2026-08-19 23:29:24,385 - INFO - Next message will be sent in 2.8 seconds: owo battle
2026-08-19 23:29:29,812 - INFO - Typed message: owo hunt
2026-08-19 23:29:29,813 - INFO - Message sent: owo hunt
2026-08-19 23:29:30,544 - INFO - Next message will be sent in 2.6 seconds: owo battle
2026-08-19 23:29:32,167 - INFO - Typed message: owo battle
2026-08-19 23:29:32,167 - INFO - Message sent: owo battle
2026-08-19 23:29:32,936 - INFO - Next message will be sent in 2.7 seconds: owo sell all
2026-08-19 23:29:39,250 - INFO - Typed message: owo battle
2026-08-19 23:29:39,252 - INFO - Message sent: owo battle
2026-08-19 23:29:39,995 - INFO - Next message will be sent in 4.2 seconds: owo sell all
2026-08-19 23:29:40,581 - INFO - Typed message: owo sell all
2026-08-19 23:29:40,581 - INFO - Message sent: owo sell all
2026-08-19 23:29:40,846 - INFO - Next message will be sent in 4.4 seconds: owo cf 3
2026-08-19 23:29:49,161 - INFO - Typed message: owo sell all
2026-08-19 23:29:49,164 - INFO - Message sent: owo sell all
2026-08-19 23:29:49,673 - INFO - Next message will be sent in 3.0 seconds: owo cf 3
2026-08-19 23:29:50,039 - INFO - Typed message: owo cf 3
2026-08-19 23:29:50,041 - INFO - Message sent: owo cf 3
2026-08-19 23:29:50,341 - INFO - Next message will be sent in 3.5 seconds: owo hunt
2026-08-19 23:29:58,600 - INFO - Typed message: owo cf 3
2026-08-19 23:29:58,602 - INFO - Message sent: owo cf 3
2026-08-19 23:29:58,953 - INFO - Typed message: owo hunt
2026-08-19 23:29:58,953 - INFO - Message sent: owo hunt
2026-08-19 23:29:59,058 - INFO - Next message will be sent in 5.3 seconds: owo hunt
2026-08-19 23:29:59,455 - INFO - Next message will be sent in 2.6 seconds: owo battle
2026-08-19 23:30:07,652 - INFO - Typed message: owo battle
2026-08-19 23:30:07,653 - INFO - Message sent: owo battle
2026-08-19 23:30:08,117 - INFO - Next message will be sent in 2.9 seconds: owo sell all
2026-08-19 23:30:09,210 - INFO - Typed message: owo hunt
2026-08-19 23:30:09,210 - INFO - Message sent: owo hunt
2026-08-19 23:30:09,511 - INFO - Next message will be sent in 3.3 seconds: owo battle
2026-08-19 23:30:17,238 - INFO - Typed message: owo sell all
2026-08-19 23:30:17,238 - INFO - Message sent: owo sell all
2026-08-19 23:30:17,504 - INFO - Next message will be sent in 6.0 seconds: owo cf 3
2026-08-19 23:30:19,936 - INFO - Typed message: owo battle
2026-08-19 23:30:19,938 - INFO - Message sent: owo battle
2026-08-19 23:30:20,174 - INFO - Next message will be sent in 2.8 seconds: owo sell all
2026-08-19 23:30:28,470 - INFO - Typed message: owo cf 3
2026-08-19 23:30:28,471 - INFO - Message sent: owo cf 3
2026-08-19 23:30:29,225 - INFO - Next message will be sent in 5.5 seconds: owo hunt
2026-08-19 23:30:29,426 - INFO - Typed message: owo sell all
2026-08-19 23:30:29,427 - INFO - Message sent: owo sell all
2026-08-19 23:30:30,186 - INFO - Next message will be sent in 4.9 seconds: owo cf 3
2026-08-19 23:30:40,362 - INFO - Typed message: owo cf 3
2026-08-19 23:30:40,362 - INFO - Message sent: owo cf 3
2026-08-19 23:30:40,561 - INFO - Typed message: owo hunt
2026-08-19 23:30:40,561 - INFO - Message sent: owo hunt
2026-08-19 23:30:40,805 - INFO - Next message will be sent in 2.8 seconds: owo battle
2026-08-19 23:30:40,880 - INFO - Next message will be sent in 5.5 seconds: owo hunt
2026-08-19 23:30:49,863 - INFO - Typed message: owo battle
2026-08-19 23:30:49,863 - INFO - Message sent: owo battle
2026-08-19 23:30:50,636 - INFO - Next message will be sent in 4.2 seconds: owo sell all
2026-08-19 23:30:51,439 - INFO - Typed message: owo hunt
2026-08-19 23:30:51,444 - INFO - Message sent: owo hunt
2026-08-19 23:30:52,002 - INFO - Next message will be sent in 4.8 seconds: owo battle
2026-08-19 23:31:01,662 - INFO - Typed message: owo sell all
2026-08-19 23:31:01,663 - INFO - Message sent: owo sell all
2026-08-19 23:31:02,036 - INFO - Next message will be sent in 3.9 seconds: owo cf 3
2026-08-19 23:31:02,533 - INFO - Typed message: owo battle
2026-08-19 23:31:02,534 - INFO - Message sent: owo battle
2026-08-19 23:31:03,175 - INFO - Next message will be sent in 2.6 seconds: owo sell all
2026-08-19 23:31:11,203 - INFO - Typed message: owo cf 3
2026-08-19 23:31:11,203 - INFO - Message sent: owo cf 3
2026-08-19 23:31:11,661 - INFO - Next message will be sent in 5.6 seconds: owo hunt
2026-08-19 23:31:12,147 - INFO - Typed message: owo sell all
2026-08-19 23:31:12,148 - INFO - Message sent: owo sell all
2026-08-19 23:31:12,629 - INFO - Next message will be sent in 3.5 seconds: owo cf 3
2026-08-19 23:31:21,728 - INFO - Typed message: owo cf 3
2026-08-19 23:31:21,728 - INFO - Message sent: owo cf 3
2026-08-19 23:31:22,217 - INFO - Next message will be sent in 5.9 seconds: owo hunt
2026-08-19 23:31:22,964 - INFO - Typed message: owo hunt
2026-08-19 23:31:22,964 - INFO - Message sent: owo hunt
2026-08-19 23:31:23,684 - INFO - Next message will be sent in 3.0 seconds: owo battle
2026-08-19 23:31:31,347 - INFO - Typed message: owo battle
2026-08-19 23:31:31,347 - INFO - Message sent: owo battle
2026-08-19 23:31:31,942 - INFO - Next message will be sent in 2.3 seconds: owo sell all
2026-08-19 23:31:33,981 - INFO - Typed message: owo hunt
2026-08-19 23:31:33,982 - INFO - Message sent: owo hunt
2026-08-19 23:31:34,305 - INFO - Next message will be sent in 3.6 seconds: owo battle
2026-08-19 23:31:41,039 - INFO - Typed message: owo sell all
2026-08-19 23:31:41,042 - INFO - Message sent: owo sell all
2026-08-19 23:31:41,736 - INFO - Next message will be sent in 2.8 seconds: owo cf 3
2026-08-19 23:31:44,220 - INFO - Typed message: owo battle
2026-08-19 23:31:44,221 - INFO - Message sent: owo battle
2026-08-19 23:31:45,015 - INFO - Next message will be sent in 3.3 seconds: owo sell all
2026-08-19 23:31:50,611 - INFO - Typed message: owo cf 3
2026-08-19 23:31:50,611 - INFO - Message sent: owo cf 3
2026-08-19 23:31:51,402 - INFO - Next message will be sent in 4.9 seconds: owo hunt
2026-08-19 23:31:53,578 - INFO - Typed message: owo sell all
2026-08-19 23:31:53,578 - INFO - Message sent: owo sell all
2026-08-19 23:31:54,320 - INFO - Next message will be sent in 2.3 seconds: owo cf 3
2026-08-19 23:32:03,271 - INFO - Typed message: owo cf 3
2026-08-19 23:32:03,272 - INFO - Message sent: owo cf 3
2026-08-19 23:32:03,350 - INFO - Typed message: owo hunt
2026-08-19 23:32:03,351 - INFO - Message sent: owo hunt
2026-08-19 23:32:03,617 - INFO - Next message will be sent in 4.4 seconds: owo hunt
2026-08-19 23:32:04,133 - INFO - Next message will be sent in 3.5 seconds: owo battle
2026-08-19 23:32:14,188 - INFO - Typed message: owo hunt
2026-08-19 23:32:14,189 - INFO - Message sent: owo hunt
2026-08-19 23:32:14,483 - INFO - Next message will be sent in 5.1 seconds: owo battle
2026-08-19 23:32:14,641 - INFO - Typed message: owo battle
2026-08-19 23:32:14,641 - INFO - Message sent: owo battle
2026-08-19 23:32:15,197 - INFO - Next message will be sent in 5.7 seconds: owo sell all
2026-08-19 23:32:25,695 - INFO - Typed message: owo battle
2026-08-19 23:32:25,697 - INFO - Message sent: owo battle
2026-08-19 23:32:25,951 - INFO - Typed message: owo sell all
2026-08-19 23:32:25,959 - INFO - Message sent: owo sell all
2026-08-19 23:32:26,326 - INFO - Next message will be sent in 4.6 seconds: owo cf 3
2026-08-19 23:32:26,378 - INFO - Next message will be sent in 5.8 seconds: owo sell all
2026-08-19 23:32:37,167 - INFO - Typed message: owo cf 3
2026-08-19 23:32:37,167 - INFO - Message sent: owo cf 3
2026-08-19 23:32:37,882 - INFO - Next message will be sent in 2.5 seconds: owo hunt
2026-08-19 23:32:38,289 - INFO - Typed message: owo sell all
2026-08-19 23:32:38,290 - INFO - Message sent: owo sell all
2026-08-19 23:32:39,049 - INFO - Next message will be sent in 4.6 seconds: owo cf 3
2026-08-19 23:32:46,422 - INFO - Typed message: owo hunt
2026-08-19 23:32:46,422 - INFO - Message sent: owo hunt
2026-08-19 23:32:46,909 - INFO - Next message will be sent in 5.6 seconds: owo battle
2026-08-19 23:32:49,199 - INFO - Typed message: owo cf 3
2026-08-19 23:32:49,200 - INFO - Message sent: owo cf 3
2026-08-19 23:32:49,784 - INFO - Next message will be sent in 5.3 seconds: owo hunt
2026-08-19 23:32:57,874 - INFO - Typed message: owo battle
2026-08-19 23:32:57,874 - INFO - Message sent: owo battle
2026-08-19 23:32:58,360 - INFO - Next message will be sent in 4.7 seconds: owo sell all
2026-08-19 23:33:00,581 - INFO - Typed message: owo hunt
2026-08-19 23:33:00,581 - INFO - Message sent: owo hunt
2026-08-19 23:33:01,073 - INFO - Next message will be sent in 6.0 seconds: owo battle
2026-08-19 23:33:09,228 - INFO - Typed message: owo sell all
2026-08-19 23:33:09,229 - INFO - Message sent: owo sell all
2026-08-19 23:33:09,470 - INFO - Next message will be sent in 5.7 seconds: owo cf 3
2026-08-19 23:33:11,802 - INFO - Typed message: owo battle
2026-08-19 23:33:11,802 - INFO - Message sent: owo battle
2026-08-19 23:33:12,287 - INFO - Next message will be sent in 5.3 seconds: owo sell all
2026-08-19 23:33:20,475 - INFO - Typed message: owo cf 3
2026-08-19 23:33:20,477 - INFO - Message sent: owo cf 3
2026-08-19 23:33:20,742 - INFO - Next message will be sent in 5.9 seconds: owo hunt
2026-08-19 23:33:23,985 - INFO - Typed message: owo sell all
2026-08-19 23:33:23,986 - INFO - Message sent: owo sell all
2026-08-19 23:33:24,456 - INFO - Next message will be sent in 3.4 seconds: owo cf 3
2026-08-19 23:33:31,651 - INFO - Typed message: owo hunt
2026-08-19 23:33:31,653 - INFO - Message sent: owo hunt
2026-08-19 23:33:32,002 - INFO - Next message will be sent in 3.9 seconds: owo battle
2026-08-19 23:33:33,795 - INFO - Typed message: owo cf 3
2026-08-19 23:33:33,795 - INFO - Message sent: owo cf 3
2026-08-19 23:33:34,096 - INFO - Next message will be sent in 3.3 seconds: owo hunt
2026-08-19 23:33:42,559 - INFO - Typed message: owo battle
2026-08-19 23:33:42,559 - INFO - Message sent: owo battle
2026-08-19 23:33:42,763 - INFO - Next message will be sent in 5.8 seconds: owo sell all
2026-08-19 23:33:43,567 - INFO - Typed message: owo hunt
2026-08-19 23:33:43,567 - INFO - Message sent: owo hunt
2026-08-19 23:33:44,117 - INFO - Next message will be sent in 2.4 seconds: owo battle
2026-08-19 23:33:51,086 - INFO - Typed message: owo battle
2026-08-19 23:33:51,086 - INFO - Message sent: owo battle
2026-08-19 23:33:51,361 - INFO - Next message will be sent in 3.1 seconds: owo sell all
2026-08-19 23:33:55,968 - INFO - Typed message: owo sell all
2026-08-19 23:33:55,968 - INFO - Message sent: owo sell all
2026-08-19 23:33:56,344 - INFO - Next message will be sent in 2.4 seconds: owo cf 3
2026-08-19 23:34:01,577 - INFO - Typed message: owo sell all
2026-08-19 23:34:01,577 - INFO - Message sent: owo sell all
2026-08-19 23:34:02,290 - INFO - Next message will be sent in 5.5 seconds: owo cf 3
2026-08-19 23:34:04,315 - INFO - Typed message: owo cf 3
2026-08-19 23:34:04,315 - INFO - Message sent: owo cf 3
2026-08-19 23:34:04,677 - INFO - Next message will be sent in 3.5 seconds: owo hunt
2026-08-19 23:34:12,563 - INFO - Typed message: owo cf 3
2026-08-19 23:34:12,563 - INFO - Message sent: owo cf 3
2026-08-19 23:34:12,696 - INFO - Typed message: owo hunt
2026-08-19 23:34:12,699 - INFO - Message sent: owo hunt
2026-08-19 23:34:12,951 - INFO - Next message will be sent in 3.8 seconds: owo battle
2026-08-19 23:34:13,299 - INFO - Next message will be sent in 5.1 seconds: owo hunt
2026-08-19 23:34:23,002 - INFO - Typed message: owo battle
2026-08-19 23:34:23,002 - INFO - Message sent: owo battle
2026-08-19 23:34:23,754 - INFO - Next message will be sent in 5.4 seconds: owo sell all
2026-08-19 23:34:23,914 - INFO - Typed message: owo hunt
2026-08-19 23:34:23,914 - INFO - Message sent: owo hunt
2026-08-19 23:34:24,128 - INFO - Next message will be sent in 2.6 seconds: owo battle
2026-08-19 23:34:31,410 - INFO - Typed message: owo battle
2026-08-19 23:34:31,411 - INFO - Message sent: owo battle
2026-08-19 23:34:31,850 - INFO - Next message will be sent in 6.0 seconds: owo sell all
2026-08-19 23:34:35,777 - INFO - Typed message: owo sell all
2026-08-19 23:34:35,777 - INFO - Message sent: owo sell all
2026-08-19 23:34:36,257 - INFO - Next message will be sent in 4.9 seconds: owo cf 3
2026-08-19 23:34:44,128 - INFO - Typed message: owo sell all
2026-08-19 23:34:44,128 - INFO - Message sent: owo sell all
2026-08-19 23:34:44,400 - INFO - Next message will be sent in 4.0 seconds: owo cf 3
2026-08-19 23:34:47,961 - INFO - Typed message: owo cf 3
2026-08-19 23:34:47,963 - INFO - Message sent: owo cf 3
2026-08-19 23:34:48,356 - INFO - Next message will be sent in 4.3 seconds: owo hunt
2026-08-19 23:34:53,014 - INFO - Typed message: owo cf 3
2026-08-19 23:34:53,020 - INFO - Message sent: owo cf 3
2026-08-19 23:34:53,766 - INFO - Next message will be sent in 3.2 seconds: owo hunt
2026-08-19 23:34:58,211 - INFO - Typed message: owo hunt
2026-08-19 23:34:58,211 - INFO - Message sent: owo hunt
2026-08-19 23:34:58,918 - INFO - Next message will be sent in 4.6 seconds: owo battle
2026-08-19 23:35:03,427 - INFO - Typed message: owo hunt
2026-08-19 23:35:03,427 - INFO - Message sent: owo hunt
2026-08-19 23:35:03,644 - INFO - Next message will be sent in 2.6 seconds: owo battle
2026-08-19 23:35:19,873 - INFO - Typed message: owo battle
2026-08-19 23:35:19,886 - INFO - Message sent: owo battle
2026-08-19 23:35:20,095 - INFO - Next message will be sent in 2.5 seconds: owo sell all
2026-08-19 23:35:25,143 - INFO - Typed message: owo battle
2026-08-19 23:35:25,145 - INFO - Message sent: owo battle
2026-08-19 23:35:25,597 - INFO - Next message will be sent in 2.7 seconds: owo sell all
2026-08-19 23:35:35,631 - INFO - Typed message: owo sell all
2026-08-19 23:35:35,634 - INFO - Message sent: owo sell all
2026-08-19 23:35:36,006 - INFO - Next message will be sent in 2.9 seconds: owo cf 3
2026-08-19 23:35:39,208 - INFO - Typed message: owo sell all
2026-08-19 23:35:39,209 - INFO - Message sent: owo sell all
2026-08-19 23:35:39,520 - INFO - Next message will be sent in 5.6 seconds: owo cf 3
2026-08-19 23:35:45,448 - INFO - Typed message: owo cf 3
2026-08-19 23:35:45,450 - INFO - Message sent: owo cf 3
2026-08-19 23:35:45,879 - INFO - Next message will be sent in 5.6 seconds: owo hunt
2026-08-19 23:35:52,854 - INFO - Typed message: owo cf 3
2026-08-19 23:35:52,854 - INFO - Message sent: owo cf 3
2026-08-19 23:35:53,220 - INFO - Next message will be sent in 2.2 seconds: owo hunt
2026-08-19 23:35:56,895 - INFO - Typed message: owo hunt
2026-08-19 23:35:56,897 - INFO - Message sent: owo hunt
2026-08-19 23:35:57,481 - INFO - Next message will be sent in 5.5 seconds: owo battle
2026-08-19 23:36:00,795 - INFO - Typed message: owo hunt
2026-08-19 23:36:00,795 - INFO - Message sent: owo hunt
2026-08-19 23:36:01,361 - INFO - Next message will be sent in 4.6 seconds: owo battle
2026-08-19 23:36:09,496 - INFO - Typed message: owo battle
2026-08-19 23:36:09,496 - INFO - Message sent: owo battle
2026-08-19 23:36:10,110 - INFO - Next message will be sent in 3.6 seconds: owo sell all
2026-08-19 23:36:10,596 - INFO - Typed message: owo battle
2026-08-19 23:36:10,596 - INFO - Message sent: owo battle
2026-08-19 23:36:11,372 - INFO - Next message will be sent in 5.5 seconds: owo sell all
2026-08-19 23:36:18,582 - INFO - Typed message: owo sell all
2026-08-19 23:36:18,582 - INFO - Message sent: owo sell all
2026-08-19 23:36:18,793 - INFO - Next message will be sent in 2.6 seconds: owo cf 3
2026-08-19 23:36:23,054 - INFO - Typed message: owo sell all
2026-08-19 23:36:23,057 - INFO - Message sent: owo sell all
2026-08-19 23:36:23,840 - INFO - Next message will be sent in 4.6 seconds: owo cf 3
2026-08-19 23:36:26,124 - INFO - Typed message: owo cf 3
2026-08-19 23:36:26,126 - INFO - Message sent: owo cf 3
2026-08-19 23:36:26,692 - INFO - Next message will be sent in 5.0 seconds: owo hunt
2026-08-19 23:36:34,172 - INFO - Typed message: owo cf 3
2026-08-19 23:36:34,172 - INFO - Message sent: owo cf 3
2026-08-19 23:36:34,882 - INFO - Next message will be sent in 5.5 seconds: owo hunt
2026-08-19 23:36:38,362 - INFO - Typed message: owo hunt
2026-08-19 23:36:38,362 - INFO - Message sent: owo hunt
2026-08-19 23:36:39,036 - INFO - Next message will be sent in 4.0 seconds: owo battle
2026-08-19 23:36:47,950 - INFO - Typed message: owo hunt
2026-08-19 23:36:47,965 - INFO - Message sent: owo hunt
2026-08-19 23:36:48,168 - INFO - Next message will be sent in 3.3 seconds: owo battle
2026-08-19 23:36:50,827 - INFO - Typed message: owo battle
2026-08-19 23:36:50,828 - INFO - Message sent: owo battle
2026-08-19 23:36:51,595 - INFO - Next message will be sent in 2.7 seconds: owo sell all
2026-08-19 23:36:57,975 - INFO - Typed message: owo battle
2026-08-19 23:36:57,975 - INFO - Message sent: owo battle
2026-08-19 23:36:58,630 - INFO - Next message will be sent in 4.8 seconds: owo sell all
2026-08-19 23:37:01,363 - INFO - Typed message: owo sell all
2026-08-19 23:37:01,366 - INFO - Message sent: owo sell all
2026-08-19 23:37:01,979 - INFO - Next message will be sent in 5.6 seconds: owo cf 3
2026-08-19 23:37:08,826 - INFO - Typed message: owo sell all
2026-08-19 23:37:08,828 - INFO - Message sent: owo sell all
2026-08-19 23:37:09,109 - INFO - Next message will be sent in 5.0 seconds: owo cf 3
2026-08-19 23:37:12,440 - INFO - Typed message: owo cf 3
2026-08-19 23:37:12,440 - INFO - Message sent: owo cf 3
2026-08-19 23:37:12,998 - INFO - Next message will be sent in 5.3 seconds: owo hunt
2026-08-19 23:37:18,705 - INFO - Typed message: owo cf 3
2026-08-19 23:37:18,706 - INFO - Message sent: owo cf 3
2026-08-19 23:37:19,110 - INFO - Next message will be sent in 2.2 seconds: owo hunt
2026-08-19 23:37:22,775 - INFO - Typed message: owo hunt
2026-08-19 23:37:22,783 - INFO - Message sent: owo hunt
2026-08-19 23:37:23,208 - INFO - Next message will be sent in 3.8 seconds: owo battle
2026-08-19 23:37:26,469 - INFO - Typed message: owo hunt
2026-08-19 23:37:26,470 - INFO - Message sent: owo hunt
2026-08-19 23:37:26,786 - INFO - Next message will be sent in 2.9 seconds: owo battle
2026-08-19 23:37:33,237 - INFO - Typed message: owo battle
2026-08-19 23:37:33,238 - INFO - Message sent: owo battle
2026-08-19 23:37:33,451 - INFO - Next message will be sent in 2.1 seconds: owo sell all
2026-08-19 23:37:34,773 - INFO - Typed message: owo battle
2026-08-19 23:37:34,773 - INFO - Message sent: owo battle
2026-08-19 23:37:35,213 - INFO - Next message will be sent in 2.3 seconds: owo sell all
2026-08-19 23:37:40,784 - INFO - Typed message: owo sell all
2026-08-19 23:37:40,784 - INFO - Message sent: owo sell all
2026-08-19 23:37:41,523 - INFO - Next message will be sent in 2.3 seconds: owo cf 3
2026-08-19 23:37:44,018 - INFO - Typed message: owo sell all
2026-08-19 23:37:44,018 - INFO - Message sent: owo sell all
2026-08-19 23:37:44,439 - INFO - Next message will be sent in 5.2 seconds: owo cf 3
2026-08-19 23:37:49,105 - INFO - Typed message: owo cf 3
2026-08-19 23:37:49,121 - INFO - Message sent: owo cf 3
2026-08-19 23:37:49,916 - INFO - Next message will be sent in 4.6 seconds: owo hunt
2026-08-19 23:37:54,062 - INFO - Typed message: owo cf 3
2026-08-19 23:37:54,064 - INFO - Message sent: owo cf 3
2026-08-19 23:37:54,710 - INFO - Next message will be sent in 4.7 seconds: owo hunt
2026-08-19 23:38:00,190 - INFO - Typed message: owo hunt
2026-08-19 23:38:00,190 - INFO - Message sent: owo hunt
2026-08-19 23:38:00,432 - INFO - Next message will be sent in 3.1 seconds: owo battle
2026-08-19 23:38:05,679 - INFO - Typed message: owo hunt
2026-08-19 23:38:05,679 - INFO - Message sent: owo hunt
2026-08-19 23:38:06,259 - INFO - Next message will be sent in 4.2 seconds: owo battle
2026-08-19 23:38:08,155 - INFO - Typed message: owo battle
2026-08-19 23:38:08,155 - INFO - Message sent: owo battle
2026-08-19 23:38:08,797 - INFO - Next message will be sent in 4.2 seconds: owo sell all
2026-08-19 23:38:16,817 - INFO - Typed message: owo battle
2026-08-19 23:38:16,817 - INFO - Message sent: owo battle
2026-08-19 23:38:17,581 - INFO - Next message will be sent in 3.8 seconds: owo sell all
2026-08-19 23:38:19,263 - INFO - Typed message: owo sell all
2026-08-19 23:38:19,263 - INFO - Message sent: owo sell all
2026-08-19 23:38:19,548 - INFO - Next message will be sent in 4.0 seconds: owo cf 3
2026-08-19 23:38:28,172 - INFO - Typed message: owo sell all
2026-08-19 23:38:28,182 - INFO - Message sent: owo sell all
2026-08-19 23:38:28,899 - INFO - Next message will be sent in 4.9 seconds: owo cf 3
2026-08-19 23:38:29,476 - INFO - Typed message: owo cf 3
2026-08-19 23:38:29,477 - INFO - Message sent: owo cf 3
2026-08-19 23:38:30,214 - INFO - Next message will be sent in 5.3 seconds: owo hunt
2026-08-19 23:38:39,226 - INFO - Typed message: owo cf 3
2026-08-19 23:38:39,227 - INFO - Message sent: owo cf 3
2026-08-19 23:38:39,747 - INFO - Next message will be sent in 4.1 seconds: owo hunt
2026-08-19 23:38:41,898 - INFO - Typed message: owo hunt
2026-08-19 23:38:41,910 - INFO - Message sent: owo hunt
2026-08-19 23:38:42,220 - INFO - Next message will be sent in 4.2 seconds: owo battle
2026-08-19 23:38:49,854 - INFO - Typed message: owo hunt
2026-08-19 23:38:49,854 - INFO - Message sent: owo hunt
2026-08-19 23:38:50,443 - INFO - Next message will be sent in 3.6 seconds: owo battle
2026-08-19 23:38:51,687 - INFO - Typed message: owo battle
2026-08-19 23:38:51,687 - INFO - Message sent: owo battle
2026-08-19 23:38:52,427 - INFO - Next message will be sent in 2.1 seconds: owo sell all
2026-08-19 23:38:59,219 - INFO - Typed message: owo battle
2026-08-19 23:38:59,233 - INFO - Message sent: owo battle
2026-08-19 23:38:59,814 - INFO - Next message will be sent in 3.3 seconds: owo sell all
2026-08-19 23:39:01,092 - INFO - Typed message: owo sell all
2026-08-19 23:39:01,093 - INFO - Message sent: owo sell all
2026-08-19 23:39:01,828 - INFO - Next message will be sent in 4.8 seconds: owo cf 3
2026-08-19 23:39:09,994 - INFO - Typed message: owo sell all
2026-08-19 23:39:09,994 - INFO - Message sent: owo sell all
2026-08-19 23:39:10,664 - INFO - Next message will be sent in 4.3 seconds: owo cf 3
2026-08-19 23:39:12,780 - INFO - Typed message: owo cf 3
2026-08-19 23:39:12,780 - INFO - Message sent: owo cf 3
2026-08-19 23:39:13,340 - INFO - Next message will be sent in 5.6 seconds: owo hunt
2026-08-19 23:39:19,746 - INFO - Typed message: owo cf 3
2026-08-19 23:39:19,746 - INFO - Message sent: owo cf 3
2026-08-19 23:39:20,331 - INFO - Next message will be sent in 3.6 seconds: owo hunt
2026-08-19 23:39:23,449 - INFO - Typed message: owo hunt
2026-08-19 23:39:23,452 - INFO - Message sent: owo hunt
2026-08-19 23:39:23,869 - INFO - Next message will be sent in 2.3 seconds: owo battle
2026-08-19 23:39:28,620 - INFO - Typed message: owo hunt
2026-08-19 23:39:28,620 - INFO - Message sent: owo hunt
2026-08-19 23:39:29,323 - INFO - Next message will be sent in 5.8 seconds: owo battle
2026-08-19 23:39:31,607 - INFO - Typed message: owo battle
2026-08-19 23:39:31,607 - INFO - Message sent: owo battle
2026-08-19 23:39:31,843 - INFO - Next message will be sent in 3.9 seconds: owo sell all
2026-08-19 23:39:40,924 - INFO - Typed message: owo battle
2026-08-19 23:39:40,925 - INFO - Message sent: owo battle
2026-08-19 23:39:41,308 - INFO - Next message will be sent in 2.2 seconds: owo sell all
2026-08-19 23:39:42,086 - INFO - Typed message: owo sell all
2026-08-19 23:39:42,086 - INFO - Message sent: owo sell all
2026-08-19 23:39:42,639 - INFO - Next message will be sent in 5.5 seconds: owo cf 3
2026-08-19 23:39:50,313 - INFO - Typed message: owo sell all
2026-08-19 23:39:50,317 - INFO - Message sent: owo sell all
2026-08-19 23:39:50,892 - INFO - Next message will be sent in 5.9 seconds: owo cf 3
2026-08-19 23:39:55,013 - INFO - Typed message: owo cf 3
2026-08-19 23:39:55,016 - INFO - Message sent: owo cf 3
2026-08-19 23:39:55,537 - INFO - Next message will be sent in 5.5 seconds: owo hunt
2026-08-19 23:40:01,573 - INFO - Typed message: owo cf 3
2026-08-19 23:40:01,574 - INFO - Message sent: owo cf 3
2026-08-19 23:40:01,964 - INFO - Next message will be sent in 3.8 seconds: owo hunt
2026-08-19 23:40:05,899 - INFO - Typed message: owo hunt
2026-08-19 23:40:05,902 - INFO - Message sent: owo hunt
2026-08-19 23:40:06,311 - INFO - Next message will be sent in 4.4 seconds: owo battle
2026-08-19 23:40:10,529 - INFO - Typed message: owo hunt
2026-08-19 23:40:10,529 - INFO - Message sent: owo hunt
2026-08-19 23:40:10,930 - INFO - Next message will be sent in 4.7 seconds: owo battle
2026-08-19 23:40:17,970 - INFO - Typed message: owo battle
2026-08-19 23:40:17,970 - INFO - Message sent: owo battle
2026-08-19 23:40:18,359 - INFO - Next message will be sent in 4.4 seconds: owo sell all
2026-08-19 23:40:21,717 - INFO - Typed message: owo battle
2026-08-19 23:40:21,717 - INFO - Message sent: owo battle
2026-08-19 23:40:22,242 - INFO - Next message will be sent in 2.6 seconds: owo sell all
2026-08-19 23:40:28,980 - INFO - Typed message: owo sell all
2026-08-19 23:40:28,980 - INFO - Message sent: owo sell all
2026-08-19 23:40:29,351 - INFO - Next message will be sent in 3.4 seconds: owo cf 3
2026-08-19 23:40:30,412 - INFO - Typed message: owo sell all
2026-08-19 23:40:30,413 - INFO - Message sent: owo sell all
2026-08-19 23:40:31,006 - INFO - Next message will be sent in 3.1 seconds: owo cf 3
2026-08-19 23:40:38,270 - INFO - Typed message: owo cf 3
2026-08-19 23:40:38,271 - INFO - Message sent: owo cf 3
2026-08-19 23:40:38,489 - INFO - Next message will be sent in 5.1 seconds: owo hunt
2026-08-19 23:40:39,383 - INFO - Typed message: owo cf 3
2026-08-19 23:40:39,384 - INFO - Message sent: owo cf 3
2026-08-19 23:40:39,907 - INFO - Next message will be sent in 2.9 seconds: owo hunt
2026-08-19 23:40:48,944 - INFO - Typed message: owo hunt
2026-08-19 23:40:48,944 - INFO - Message sent: owo hunt
2026-08-19 23:40:49,188 - INFO - Next message will be sent in 2.2 seconds: owo battle
2026-08-19 23:40:49,838 - INFO - Typed message: owo hunt
2026-08-19 23:40:49,839 - INFO - Message sent: owo hunt
2026-08-19 23:40:50,330 - INFO - Next message will be sent in 2.7 seconds: owo battle
2026-08-19 23:40:56,872 - INFO - Typed message: owo battle
2026-08-19 23:40:56,874 - INFO - Message sent: owo battle
2026-08-19 23:40:57,566 - INFO - Next message will be sent in 5.1 seconds: owo sell all
2026-08-19 23:41:00,200 - INFO - Typed message: owo battle
2026-08-19 23:41:00,200 - INFO - Message sent: owo battle
2026-08-19 23:41:00,436 - INFO - Next message will be sent in 2.8 seconds: owo sell all
2026-08-19 23:41:08,960 - INFO - Typed message: owo sell all
2026-08-19 23:41:08,961 - INFO - Message sent: owo sell all
2026-08-19 23:41:08,997 - INFO - Typed message: owo sell all
2026-08-19 23:41:09,004 - INFO - Message sent: owo sell all
2026-08-19 23:41:09,437 - INFO - Next message will be sent in 5.9 seconds: owo cf 3
2026-08-19 23:41:09,574 - INFO - Next message will be sent in 4.7 seconds: owo cf 3
2026-08-19 23:41:19,934 - INFO - Typed message: owo cf 3
2026-08-19 23:41:19,943 - INFO - Message sent: owo cf 3
2026-08-19 23:41:20,734 - INFO - Next message will be sent in 4.5 seconds: owo hunt
2026-08-19 23:41:21,345 - INFO - Typed message: owo cf 3
2026-08-19 23:41:21,345 - INFO - Message sent: owo cf 3
2026-08-19 23:41:22,116 - INFO - Next message will be sent in 3.9 seconds: owo hunt
2026-08-19 23:41:29,989 - INFO - Typed message: owo hunt
2026-08-19 23:41:29,989 - INFO - Message sent: owo hunt
2026-08-19 23:41:30,413 - INFO - Next message will be sent in 3.6 seconds: owo battle
2026-08-19 23:41:31,306 - INFO - Typed message: owo hunt
2026-08-19 23:41:31,306 - INFO - Message sent: owo hunt
2026-08-19 23:41:32,005 - INFO - Next message will be sent in 2.3 seconds: owo battle
2026-08-19 23:41:39,976 - INFO - Typed message: owo battle
2026-08-19 23:41:39,980 - INFO - Message sent: owo battle
2026-08-19 23:41:40,541 - INFO - Next message will be sent in 2.4 seconds: owo sell all
2026-08-19 23:41:41,427 - INFO - Typed message: owo battle
2026-08-19 23:41:41,429 - INFO - Message sent: owo battle
2026-08-19 23:41:41,786 - INFO - Next message will be sent in 5.9 seconds: owo sell all
2026-08-19 23:41:49,940 - INFO - Typed message: owo sell all
2026-08-19 23:41:49,940 - INFO - Message sent: owo sell all
2026-08-19 23:41:50,456 - INFO - Next message will be sent in 2.7 seconds: owo cf 3
2026-08-19 23:41:54,352 - INFO - Typed message: owo sell all
2026-08-19 23:41:54,358 - INFO - Message sent: owo sell all
2026-08-19 23:41:54,697 - INFO - Next message will be sent in 4.9 seconds: owo cf 3
2026-08-19 23:41:58,290 - INFO - Typed message: owo cf 3
2026-08-19 23:41:58,292 - INFO - Message sent: owo cf 3
2026-08-19 23:41:58,646 - INFO - Next message will be sent in 3.8 seconds: owo hunt
2026-08-19 23:42:04,923 - INFO - Typed message: owo cf 3
2026-08-19 23:42:04,923 - INFO - Message sent: owo cf 3
2026-08-19 23:42:05,599 - INFO - Next message will be sent in 2.5 seconds: owo hunt
2026-08-19 23:42:07,185 - INFO - Typed message: owo hunt
2026-08-19 23:42:07,185 - INFO - Message sent: owo hunt
2026-08-19 23:42:07,435 - INFO - Next message will be sent in 3.2 seconds: owo battle
2026-08-19 23:42:13,695 - INFO - Typed message: owo hunt
2026-08-19 23:42:13,695 - INFO - Message sent: owo hunt
2026-08-19 23:42:14,115 - INFO - Next message will be sent in 5.1 seconds: owo battle
2026-08-19 23:42:15,902 - INFO - Typed message: owo battle
2026-08-19 23:42:15,902 - INFO - Message sent: owo battle
2026-08-19 23:42:16,399 - INFO - Next message will be sent in 5.6 seconds: owo sell all
2026-08-19 23:42:24,969 - INFO - Typed message: owo battle
2026-08-19 23:42:24,969 - INFO - Message sent: owo battle
2026-08-19 23:42:25,756 - INFO - Next message will be sent in 3.6 seconds: owo sell all
2026-08-19 23:42:27,879 - INFO - Typed message: owo sell all
2026-08-19 23:42:27,879 - INFO - Message sent: owo sell all
2026-08-19 23:42:28,654 - INFO - Next message will be sent in 3.2 seconds: owo cf 3
2026-08-19 23:42:36,376 - INFO - Typed message: owo sell all
2026-08-19 23:42:36,376 - INFO - Message sent: owo sell all
2026-08-19 23:42:36,806 - INFO - Typed message: owo cf 3
2026-08-19 23:42:36,806 - INFO - Message sent: owo cf 3
2026-08-19 23:42:37,057 - INFO - Next message will be sent in 2.6 seconds: owo cf 3
2026-08-19 23:42:37,371 - INFO - Next message will be sent in 4.9 seconds: owo hunt
2026-08-19 23:42:44,454 - INFO - Typed message: owo cf 3
2026-08-19 23:42:44,454 - INFO - Message sent: owo cf 3
2026-08-19 23:42:44,940 - INFO - Next message will be sent in 4.0 seconds: owo hunt
2026-08-19 23:42:47,715 - INFO - Typed message: owo hunt
2026-08-19 23:42:47,715 - INFO - Message sent: owo hunt
2026-08-19 23:42:47,959 - INFO - Next message will be sent in 2.7 seconds: owo battle
2026-08-19 23:42:53,081 - INFO - Typed message: owo hunt
2026-08-19 23:42:53,082 - INFO - Message sent: owo hunt
2026-08-19 23:42:53,392 - INFO - Next message will be sent in 2.4 seconds: owo battle
2026-08-19 23:42:56,185 - INFO - Typed message: owo battle
2026-08-19 23:42:56,185 - INFO - Message sent: owo battle
2026-08-19 23:42:56,482 - INFO - Next message will be sent in 3.4 seconds: owo sell all
2026-08-19 23:43:02,708 - INFO - Typed message: owo battle
2026-08-19 23:43:02,708 - INFO - Message sent: owo battle
2026-08-19 23:43:03,477 - INFO - Next message will be sent in 3.7 seconds: owo sell all
2026-08-19 23:43:05,287 - INFO - Typed message: owo sell all
2026-08-19 23:43:05,297 - INFO - Message sent: owo sell all
2026-08-19 23:43:05,953 - INFO - Next message will be sent in 2.4 seconds: owo cf 3
2026-08-19 23:43:13,177 - INFO - Typed message: owo sell all
2026-08-19 23:43:13,189 - INFO - Message sent: owo sell all
2026-08-19 23:43:13,290 - INFO - Typed message: owo cf 3
2026-08-19 23:43:13,292 - INFO - Message sent: owo cf 3
2026-08-19 23:43:13,588 - INFO - Next message will be sent in 2.9 seconds: owo cf 3
2026-08-19 23:43:13,868 - INFO - Next message will be sent in 3.7 seconds: owo hunt
2026-08-19 23:43:21,714 - INFO - Typed message: owo cf 3
2026-08-19 23:43:21,714 - INFO - Message sent: owo cf 3
2026-08-19 23:43:21,990 - INFO - Next message will be sent in 3.1 seconds: owo hunt
2026-08-19 23:43:23,652 - INFO - Typed message: owo hunt
2026-08-19 23:43:23,687 - INFO - Message sent: owo hunt
2026-08-19 23:43:24,060 - INFO - Next message will be sent in 4.1 seconds: owo battle
2026-08-19 23:43:32,933 - INFO - Typed message: owo hunt
2026-08-19 23:43:32,938 - INFO - Message sent: owo hunt
2026-08-19 23:43:33,255 - INFO - Next message will be sent in 4.2 seconds: owo battle
2026-08-19 23:43:35,219 - INFO - Typed message: owo battle
2026-08-19 23:43:35,219 - INFO - Message sent: owo battle
2026-08-19 23:43:35,720 - INFO - Next message will be sent in 6.0 seconds: owo sell all
2026-08-19 23:43:43,957 - INFO - Typed message: owo battle
2026-08-19 23:43:43,957 - INFO - Message sent: owo battle
2026-08-19 23:43:44,410 - INFO - Next message will be sent in 6.0 seconds: owo sell all
2026-08-19 23:43:50,671 - INFO - Typed message: owo sell all
2026-08-19 23:43:50,673 - INFO - Message sent: owo sell all
2026-08-19 23:43:51,098 - INFO - Next message will be sent in 3.3 seconds: owo cf 3
2026-08-19 23:43:55,703 - INFO - Typed message: owo sell all
2026-08-19 23:43:55,703 - INFO - Message sent: owo sell all
2026-08-19 23:43:56,130 - INFO - Next message will be sent in 3.8 seconds: owo cf 3
2026-08-19 23:43:59,277 - INFO - Typed message: owo cf 3
2026-08-19 23:43:59,277 - INFO - Message sent: owo cf 3
2026-08-19 23:43:59,923 - INFO - Next message will be sent in 5.1 seconds: owo hunt
2026-08-19 23:44:06,034 - INFO - Typed message: owo cf 3
2026-08-19 23:44:06,035 - INFO - Message sent: owo cf 3
2026-08-19 23:44:06,448 - INFO - Next message will be sent in 4.5 seconds: owo hunt
2026-08-19 23:44:10,125 - INFO - Typed message: owo hunt
2026-08-19 23:44:10,125 - INFO - Message sent: owo hunt
2026-08-19 23:44:10,593 - INFO - Next message will be sent in 2.4 seconds: owo battle
2026-08-19 23:44:17,134 - INFO - Typed message: owo hunt
2026-08-19 23:44:17,134 - INFO - Message sent: owo hunt
2026-08-19 23:44:17,710 - INFO - Next message will be sent in 4.5 seconds: owo battle
2026-08-19 23:44:19,346 - INFO - Typed message: owo battle
2026-08-19 23:44:19,346 - INFO - Message sent: owo battle
2026-08-19 23:44:20,102 - INFO - Next message will be sent in 3.2 seconds: owo sell all
2026-08-19 23:44:27,378 - INFO - Typed message: owo battle
2026-08-19 23:44:27,378 - INFO - Message sent: owo battle
2026-08-19 23:44:28,056 - INFO - Next message will be sent in 2.7 seconds: owo sell all
2026-08-19 23:44:30,255 - INFO - Typed message: owo sell all
2026-08-19 23:44:30,255 - INFO - Message sent: owo sell all
2026-08-19 23:44:30,619 - INFO - Next message will be sent in 3.9 seconds: owo cf 3
2026-08-19 23:44:36,476 - INFO - Typed message: owo sell all
2026-08-19 23:44:36,476 - INFO - Message sent: owo sell all
2026-08-19 23:44:36,919 - INFO - Next message will be sent in 4.7 seconds: owo cf 3
2026-08-19 23:44:41,044 - INFO - Typed message: owo cf 3
2026-08-19 23:44:41,050 - INFO - Message sent: owo cf 3
2026-08-19 23:44:41,308 - INFO - Next message will be sent in 3.3 seconds: owo hunt
2026-08-19 23:44:47,145 - INFO - Typed message: owo cf 3
2026-08-19 23:44:47,146 - INFO - Message sent: owo cf 3
2026-08-19 23:44:47,711 - INFO - Next message will be sent in 2.2 seconds: owo hunt
2026-08-19 23:44:49,120 - INFO - Typed message: owo hunt
2026-08-19 23:44:49,120 - INFO - Message sent: owo hunt
2026-08-20 00:22:26,681 - INFO - Runner starting
2026-08-20 00:22:26,786 - INFO - Running 2 accounts with concurrency=2
2026-08-20 00:22:26,791 - INFO - Starting account 97aa6447d4 -> channel 980696581777027092
2026-08-20 00:22:26,791 - INFO - Starting account bafd1f4103 -> channel 1506890846652338206
2026-08-20 00:22:26,805 - INFO - ====== WebDriver manager ======
2026-08-20 00:22:26,805 - INFO - ====== WebDriver manager ======
2026-08-20 00:22:28,950 - INFO - Get LATEST chromedriver version for google-chrome
2026-08-20 00:22:28,965 - INFO - Get LATEST chromedriver version for google-chrome
2026-08-20 00:22:30,484 - INFO - Get LATEST chromedriver version for google-chrome
2026-08-20 00:22:31,740 - INFO - WebDriver version 151.0.7922.138 selected
2026-08-20 00:22:31,746 - INFO - Modern chrome version https://storage.googleapis.com/chrome-for-testing-public/151.0.7922.138/win64/chromedriver-win64.zip
2026-08-20 00:22:31,750 - INFO - About to download new driver from https://storage.googleapis.com/chrome-for-testing-public/151.0.7922.138/win64/chromedriver-win64.zip
2026-08-20 00:22:32,479 - INFO - Driver downloading response is 200
2026-08-20 00:22:37,959 - INFO - Driver has been saved in cache [C:\Users\satis\.wdm\drivers\chromedriver\win64\151.0.7922.138]
2026-08-20 00:22:38,765 - INFO - Driver [C:\Users\satis\.wdm\drivers\chromedriver\win64\151.0.7922.138\chromedriver-win64/chromedriver.exe] found in cache by browser version
2026-08-20 00:22:43,099 - INFO - CDP injection scheduled (single attempt)
2026-08-20 00:22:43,263 - INFO - CDP injection scheduled (single attempt)
2026-08-20 00:22:50,893 - INFO - Token not verified after single attempt; proceeding to open channel
2026-08-20 00:22:50,999 - INFO - Token injection not verified for 97aa6447d4; proceeding to open channel
2026-08-20 00:22:52,284 - INFO - Token not verified after single attempt; proceeding to open channel
2026-08-20 00:22:52,372 - INFO - Token injection not verified for bafd1f4103; proceeding to open channel
2026-08-20 00:22:53,488 - INFO - Starting message loop for account
2026-08-20 00:22:53,503 - INFO - Next message will be sent in 2.3 seconds: owo hunt
2026-08-20 00:22:55,684 - INFO - Starting message loop for account
2026-08-20 00:22:55,698 - INFO - Next message will be sent in 2.3 seconds: owo hunt
2026-08-20 00:23:09,258 - INFO - Typed message: owo hunt
2026-08-20 00:23:09,258 - INFO - Message sent: owo hunt
2026-08-20 00:23:10,007 - INFO - Next message will be sent in 2.1 seconds: owo battle
2026-08-20 00:23:11,600 - INFO - Typed message: owo hunt
2026-08-20 00:23:11,602 - INFO - Message sent: owo hunt
2026-08-20 00:23:12,022 - INFO - Next message will be sent in 2.4 seconds: owo battle
2026-08-20 00:23:17,941 - INFO - Typed message: owo battle
2026-08-20 00:23:17,941 - INFO - Message sent: owo battle
2026-08-20 00:23:18,738 - INFO - Next message will be sent in 2.2 seconds: owo sell all
2026-08-20 00:23:20,149 - INFO - Typed message: owo battle
2026-08-20 00:23:20,151 - INFO - Message sent: owo battle
2026-08-20 00:23:20,740 - INFO - Next message will be sent in 2.2 seconds: owo sell all
2026-08-20 00:24:16,792 - INFO - Typed message: owo sell all
2026-08-20 00:24:16,792 - INFO - Message sent: owo sell all
2026-08-20 00:24:17,514 - INFO - Next message will be sent in 2.0 seconds: owo cf 3owo use 75 65 54
2026-08-20 00:24:29,438 - INFO - Typed message: owo sell all
2026-08-20 00:24:29,438 - INFO - Message sent: owo sell all
2026-08-20 00:24:29,960 - INFO - Next message will be sent in 2.8 seconds: owo cf 3owo use 75 65 54
2026-08-20 00:25:11,511 - INFO - Typed message: owo cf 3owo use 75 65 54
2026-08-20 00:25:11,511 - INFO - Message sent: owo cf 3owo use 75 65 54
2026-08-20 00:25:11,851 - INFO - Next message will be sent in 2.6 seconds: owo hunt
2026-08-20 00:25:40,860 - INFO - Typed message: owo cf 3owo use 75 65 54
2026-08-20 00:25:40,860 - INFO - Message sent: owo cf 3owo use 75 65 54
2026-08-20 00:25:41,621 - INFO - Next message will be sent in 2.0 seconds: owo hunt
2026-08-20 00:26:02,727 - INFO - Typed message: owo hunt
2026-08-20 00:26:02,727 - INFO - Message sent: owo hunt
2026-08-20 00:26:03,454 - INFO - Next message will be sent in 2.4 seconds: owo battle
2026-08-20 00:26:10,976 - INFO - Typed message: owo battle
2026-08-20 00:26:10,978 - INFO - Message sent: owo battle
2026-08-20 00:26:11,629 - INFO - Next message will be sent in 2.3 seconds: owo sell all
2026-08-20 00:26:20,652 - INFO - Typed message: owo sell all
2026-08-20 00:26:20,691 - INFO - Message sent: owo sell all
2026-08-20 00:26:21,439 - INFO - Next message will be sent in 2.7 seconds: owo cf 3owo use 75 65 54
2026-08-20 00:26:34,548 - INFO - Typed message: owo cf 3owo use 75 65 54
2026-08-20 00:26:34,564 - INFO - Message sent: owo cf 3owo use 75 65 54
2026-08-20 00:26:35,030 - INFO - Next message will be sent in 2.2 seconds: owo hunt
2026-08-20 00:26:41,980 - INFO - Typed message: owo hunt
2026-08-20 00:26:41,980 - INFO - Message sent: owo hunt
2026-08-20 00:26:42,218 - INFO - Typed message: owo hunt
2026-08-20 00:26:42,218 - INFO - Message sent: owo hunt
2026-08-20 00:26:42,219 - INFO - Next message will be sent in 2.0 seconds: owo battle
2026-08-20 00:26:42,604 - INFO - Next message will be sent in 2.6 seconds: owo battle
2026-08-20 00:26:50,545 - INFO - Typed message: owo battle
2026-08-20 00:26:50,545 - INFO - Message sent: owo battle
2026-08-20 00:26:50,922 - INFO - Next message will be sent in 2.4 seconds: owo sell all
2026-08-20 00:26:57,974 - INFO - Typed message: owo sell all
2026-08-20 00:26:57,974 - INFO - Message sent: owo sell all
2026-08-20 00:26:58,465 - INFO - Next message will be sent in 2.6 seconds: owo cf 3owo use 75 65 54
2026-08-20 00:27:08,789 - INFO - Typed message: owo cf 3owo use 75 65 54
2026-08-20 00:27:08,789 - INFO - Message sent: owo cf 3owo use 75 65 54
2026-08-20 00:27:09,576 - INFO - Next message will be sent in 3.0 seconds: owo hunt
2026-08-20 00:27:12,338 - ERROR - human_type error: Message: invalid session id: session deleted as the browser has closed the connection
from disconnected: not connected to DevTools
  (Session info: chrome=151.0.7922.169); For documentation on this error, please visit: https://www.selenium.dev/documentation/webdriver/troubleshooting/errors#invalidsessionidexception
Stacktrace:
	chromedriver!GetHandleVerifier [0x7ff74e06abb5+151b5]
	chromedriver!GetHandleVerifier [0x7ff74e06ac10+15210]
	chromedriver!(No symbol) [0x7ff74db95d6d]
	chromedriver!(No symbol) [0x7ff74db815c2]
	chromedriver!(No symbol) [0x7ff74dba74a1]
	chromedriver!(No symbol) [0x7ff74dc21320]
	chromedriver!(No symbol) [0x7ff74dc3e4f2]
	chromedriver!(No symbol) [0x7ff74dbe37cc]
	chromedriver!(No symbol) [0x7ff74dbe46f3]
	chromedriver!GetHandleVerifier [0x7ff74e68b79b+635d9b]
	chromedriver!GetHandleVerifier [0x7ff74e685ac6+6300c6]
	chromedriver!GetHandleVerifier [0x7ff74e6abcee+6562ee]
	chromedriver!GetHandleVerifier [0x7ff74e088ffe+335fe]
	chromedriver!GetHandleVerifier [0x7ff74e09147c+3ba7c]
	chromedriver!GetHandleVerifier [0x7ff74e074d64+1f364]
	chromedriver!GetHandleVerifier [0x7ff74e074ef4+1f4f4]
	chromedriver!GetHandleVerifier [0x7ff74e057d97+2397]
	KERNEL32!BaseThreadInitThunk [0x7ffb9f7eccb7+17]
	ntdll!RtlUserThreadStart [0x7ffba12ead6c+2c]

2026-08-20 00:27:12,338 - WARNING - Failed to send message: owo battle
2026-08-20 00:27:12,546 - WARNING - No message box for bafd1f4103; will retry after interval
2026-08-20 00:27:12,546 - INFO - Next message will be sent in 2.6 seconds: owo battle
2026-08-20 00:27:13,019 - INFO - Next message will be sent in 3.0 seconds: owo sell all
2026-08-20 00:27:24,163 - INFO - Runner starting
2026-08-20 00:27:24,163 - INFO - Running 2 accounts with concurrency=2
2026-08-20 00:27:24,163 - INFO - Starting account 97aa6447d4 -> channel 980696581777027092
2026-08-20 00:27:24,163 - INFO - Starting account bafd1f4103 -> channel 1506890846652338206
2026-08-20 00:27:24,163 - INFO - ====== WebDriver manager ======
2026-08-20 00:27:24,163 - INFO - ====== WebDriver manager ======
2026-08-20 00:27:24,932 - INFO - Driver [C:\Users\satis\.wdm\drivers\chromedriver\win64\151.0.7922.138\chromedriver-win64/chromedriver.exe] found in cache by browser version
2026-08-20 00:27:24,932 - INFO - Driver [C:\Users\satis\.wdm\drivers\chromedriver\win64\151.0.7922.138\chromedriver-win64/chromedriver.exe] found in cache by browser version
2026-08-20 00:27:28,568 - INFO - CDP injection scheduled (single attempt)
2026-08-20 00:27:28,631 - INFO - CDP injection scheduled (single attempt)
2026-08-20 00:27:33,492 - INFO - Token not verified after single attempt; proceeding to open channel
2026-08-20 00:27:33,492 - INFO - Token injection not verified for 97aa6447d4; proceeding to open channel
2026-08-20 00:27:33,810 - INFO - Starting message loop for account
2026-08-20 00:27:33,810 - INFO - Next message will be sent in 2.0 seconds: owo hunt
2026-08-20 00:27:33,937 - INFO - Token not verified after single attempt; proceeding to open channel
2026-08-20 00:27:33,937 - INFO - Token injection not verified for bafd1f4103; proceeding to open channel
2026-08-20 00:27:34,185 - INFO - Starting message loop for account
2026-08-20 00:27:34,185 - INFO - Next message will be sent in 2.3 seconds: owo hunt
2026-08-20 00:27:48,609 - WARNING - No message box for bafd1f4103; will retry after interval
2026-08-20 00:27:48,612 - INFO - Next message will be sent in 2.1 seconds: owo battle
2026-08-20 00:27:53,308 - INFO - Typed message: owo hunt
2026-08-20 00:27:53,308 - INFO - Message sent: owo hunt
2026-08-20 00:27:53,882 - INFO - Next message will be sent in 2.6 seconds: owo battle
2026-08-20 00:28:02,333 - INFO - Typed message: owo battle
2026-08-20 00:28:02,335 - INFO - Message sent: owo battle
2026-08-20 00:28:02,697 - INFO - Next message will be sent in 2.7 seconds: owo sell all
2026-08-20 00:28:10,589 - INFO - Typed message: owo sell all
2026-08-20 00:28:10,591 - INFO - Message sent: owo sell all
2026-08-20 00:28:10,817 - INFO - Next message will be sent in 2.3 seconds: owo cf 3
2026-08-20 00:28:13,714 - INFO - Typed message: owo battle
2026-08-20 00:28:13,715 - INFO - Message sent: owo battle
2026-08-20 00:28:14,306 - INFO - Next message will be sent in 2.4 seconds: owo sell all
2026-08-20 00:28:18,602 - INFO - Typed message: owo cf 3
2026-08-20 00:28:18,603 - INFO - Message sent: owo cf 3
2026-08-20 00:28:18,992 - INFO - Next message will be sent in 2.9 seconds: owo use 75 65 54
2026-08-20 00:28:22,577 - INFO - Typed message: owo sell all
2026-08-20 00:28:22,577 - INFO - Message sent: owo sell all
2026-08-20 00:28:23,009 - INFO - Next message will be sent in 2.8 seconds: owo cf 3
2026-08-20 00:28:27,036 - INFO - Typed message: owo use 75 65 54
2026-08-20 00:28:27,038 - INFO - Message sent: owo use 75 65 54
2026-08-20 00:28:27,364 - INFO - Next message will be sent in 2.3 seconds: owo hunt
2026-08-20 00:28:30,446 - INFO - Typed message: owo cf 3
2026-08-20 00:28:30,449 - INFO - Message sent: owo cf 3
2026-08-20 00:28:31,061 - INFO - Next message will be sent in 2.1 seconds: owo use 75 65 54
2026-08-20 00:28:34,690 - INFO - Typed message: owo hunt
2026-08-20 00:28:34,692 - INFO - Message sent: owo hunt
2026-08-20 00:28:35,353 - INFO - Next message will be sent in 2.9 seconds: owo battle
2026-08-20 00:28:39,178 - INFO - Typed message: owo use 75 65 54
2026-08-20 00:28:39,178 - INFO - Message sent: owo use 75 65 54
2026-08-20 00:28:39,949 - INFO - Next message will be sent in 2.3 seconds: owo hunt
2026-08-20 00:28:43,742 - INFO - Typed message: owo battle
2026-08-20 00:28:43,742 - INFO - Message sent: owo battle
2026-08-20 00:28:44,192 - INFO - Next message will be sent in 2.7 seconds: owo sell all
2026-08-20 00:28:46,672 - INFO - Typed message: owo hunt
2026-08-20 00:28:46,674 - INFO - Message sent: owo hunt
2026-08-20 00:28:47,271 - INFO - Next message will be sent in 2.1 seconds: owo battle
2026-08-20 00:28:52,171 - INFO - Typed message: owo sell all
2026-08-20 00:28:52,172 - INFO - Message sent: owo sell all
2026-08-20 00:28:52,709 - INFO - Next message will be sent in 2.7 seconds: owo cf 3
2026-08-20 00:28:54,143 - INFO - Typed message: owo battle
2026-08-20 00:28:54,144 - INFO - Message sent: owo battle
2026-08-20 00:28:54,389 - INFO - Next message will be sent in 2.6 seconds: owo sell all
2026-08-20 00:29:00,371 - INFO - Typed message: owo cf 3
2026-08-20 00:29:00,371 - INFO - Message sent: owo cf 3
2026-08-20 00:29:01,155 - INFO - Next message will be sent in 2.8 seconds: owo use 75 65 54
2026-08-20 00:29:03,332 - INFO - Typed message: owo sell all
2026-08-20 00:29:03,333 - INFO - Message sent: owo sell all
2026-08-20 00:29:03,790 - INFO - Next message will be sent in 2.3 seconds: owo cf 3
2026-08-20 00:29:09,935 - INFO - Typed message: owo use 75 65 54
2026-08-20 00:29:09,936 - INFO - Message sent: owo use 75 65 54
2026-08-20 00:29:10,380 - INFO - Next message will be sent in 2.2 seconds: owo hunt
2026-08-20 00:29:11,355 - INFO - Typed message: owo cf 3
2026-08-20 00:29:11,367 - INFO - Message sent: owo cf 3
2026-08-20 00:29:12,147 - INFO - Next message will be sent in 2.2 seconds: owo use 75 65 54
2026-08-20 00:29:18,197 - INFO - Typed message: owo hunt
2026-08-20 00:29:18,197 - INFO - Message sent: owo hunt
2026-08-20 00:29:18,641 - INFO - Next message will be sent in 2.4 seconds: owo battle
2026-08-20 00:29:21,199 - INFO - Typed message: owo use 75 65 54
2026-08-20 00:29:21,199 - INFO - Message sent: owo use 75 65 54
2026-08-20 00:29:21,412 - INFO - Next message will be sent in 2.6 seconds: owo hunt
2026-08-20 00:29:26,496 - INFO - Typed message: owo battle
2026-08-20 00:29:26,496 - INFO - Message sent: owo battle
2026-08-20 00:29:27,210 - INFO - Next message will be sent in 2.4 seconds: owo sell all
2026-08-20 00:29:29,284 - INFO - Typed message: owo hunt
2026-08-20 00:29:29,285 - INFO - Message sent: owo hunt
2026-08-20 00:29:29,924 - INFO - Next message will be sent in 2.5 seconds: owo battle
2026-08-20 00:29:34,677 - INFO - Typed message: owo sell all
2026-08-20 00:29:34,678 - INFO - Message sent: owo sell all
2026-08-20 00:29:35,122 - INFO - Next message will be sent in 2.2 seconds: owo cf 3
2026-08-20 00:29:37,640 - INFO - Typed message: owo battle
2026-08-20 00:29:37,640 - INFO - Message sent: owo battle
2026-08-20 00:29:37,935 - INFO - Next message will be sent in 2.0 seconds: owo sell all
2026-08-20 00:29:42,966 - INFO - Typed message: owo cf 3
2026-08-20 00:29:42,966 - INFO - Message sent: owo cf 3
2026-08-20 00:29:43,203 - INFO - Next message will be sent in 2.9 seconds: owo use 75 65 54
2026-08-20 00:29:45,119 - INFO - Typed message: owo sell all
2026-08-20 00:29:45,120 - INFO - Message sent: owo sell all
2026-08-20 00:29:45,545 - INFO - Next message will be sent in 2.9 seconds: owo cf 3
2026-08-20 00:29:52,438 - INFO - Typed message: owo use 75 65 54
2026-08-20 00:29:52,439 - INFO - Message sent: owo use 75 65 54
2026-08-20 00:29:52,688 - INFO - Next message will be sent in 2.4 seconds: owo hunt
2026-08-20 00:29:54,151 - INFO - Typed message: owo cf 3
2026-08-20 00:29:54,151 - INFO - Message sent: owo cf 3
2026-08-20 00:29:54,611 - INFO - Next message will be sent in 2.2 seconds: owo use 75 65 54
2026-08-20 00:30:00,415 - INFO - Typed message: owo hunt
2026-08-20 00:30:00,415 - INFO - Message sent: owo hunt
2026-08-20 00:30:00,821 - INFO - Next message will be sent in 2.2 seconds: owo battle
2026-08-20 00:30:02,093 - INFO - Typed message: owo use 75 65 54
2026-08-20 00:30:02,093 - INFO - Message sent: owo use 75 65 54
2026-08-20 00:30:02,436 - INFO - Next message will be sent in 2.7 seconds: owo hunt
2026-08-20 00:30:07,435 - INFO - Typed message: owo battle
2026-08-20 00:30:07,435 - INFO - Message sent: owo battle
2026-08-20 00:30:08,142 - INFO - Next message will be sent in 2.5 seconds: owo sell all
2026-08-20 00:30:10,447 - INFO - Typed message: owo hunt
2026-08-20 00:30:10,449 - INFO - Message sent: owo hunt
2026-08-20 00:30:10,893 - INFO - Next message will be sent in 2.3 seconds: owo battle
2026-08-20 00:30:15,039 - INFO - Typed message: owo sell all
2026-08-20 00:30:15,042 - INFO - Message sent: owo sell all
2026-08-20 00:30:15,676 - INFO - Next message will be sent in 2.5 seconds: owo cf 3
2026-08-20 00:30:19,445 - INFO - Typed message: owo battle
2026-08-20 00:30:19,445 - INFO - Message sent: owo battle
2026-08-20 00:30:19,701 - INFO - Next message will be sent in 2.6 seconds: owo sell all
2026-08-20 00:30:22,219 - INFO - Typed message: owo cf 3
2026-08-20 00:30:22,219 - INFO - Message sent: owo cf 3
2026-08-20 00:30:22,933 - INFO - Next message will be sent in 2.5 seconds: owo use 75 65 54
2026-08-20 00:30:27,653 - INFO - Typed message: owo sell all
2026-08-20 00:30:27,653 - INFO - Message sent: owo sell all
2026-08-20 00:30:27,955 - INFO - Next message will be sent in 2.5 seconds: owo cf 3
2026-08-20 00:30:32,317 - INFO - Typed message: owo use 75 65 54
2026-08-20 00:30:32,318 - INFO - Message sent: owo use 75 65 54
2026-08-20 00:30:33,043 - INFO - Next message will be sent in 2.6 seconds: owo hunt
2026-08-20 00:30:35,535 - INFO - Typed message: owo cf 3
2026-08-20 00:30:35,536 - INFO - Message sent: owo cf 3
2026-08-20 00:30:35,927 - INFO - Next message will be sent in 2.5 seconds: owo use 75 65 54
2026-08-20 00:30:40,099 - INFO - Typed message: owo hunt
2026-08-20 00:30:40,099 - INFO - Message sent: owo hunt
2026-08-20 00:30:40,390 - INFO - Next message will be sent in 2.6 seconds: owo battle
2026-08-20 00:30:43,156 - INFO - Typed message: owo use 75 65 54
2026-08-20 00:30:43,156 - INFO - Message sent: owo use 75 65 54
2026-08-20 00:30:43,532 - INFO - Next message will be sent in 2.6 seconds: owo hunt
2026-08-20 00:30:47,427 - INFO - Typed message: owo battle
2026-08-20 00:30:47,427 - INFO - Message sent: owo battle
2026-08-20 00:30:47,988 - INFO - Next message will be sent in 2.7 seconds: owo sell all
2026-08-20 00:30:50,348 - INFO - Typed message: owo hunt
2026-08-20 00:30:50,355 - INFO - Message sent: owo hunt
2026-08-20 00:30:50,561 - INFO - Next message will be sent in 2.5 seconds: owo battle
2026-08-20 00:30:57,279 - INFO - Typed message: owo sell all
2026-08-20 00:30:57,280 - INFO - Message sent: owo sell all
2026-08-20 00:30:57,643 - INFO - Next message will be sent in 2.3 seconds: owo cf 3
2026-08-20 00:30:58,132 - INFO - Typed message: owo battle
2026-08-20 00:30:58,133 - INFO - Message sent: owo battle
2026-08-20 00:30:58,794 - INFO - Next message will be sent in 2.6 seconds: owo sell all
2026-08-20 00:31:04,819 - INFO - Typed message: owo cf 3
2026-08-20 00:31:04,819 - INFO - Message sent: owo cf 3
2026-08-20 00:31:05,473 - INFO - Next message will be sent in 2.6 seconds: owo use 75 65 54
2026-08-20 00:31:06,597 - INFO - Typed message: owo sell all
2026-08-20 00:31:06,597 - INFO - Message sent: owo sell all
2026-08-20 00:31:07,394 - INFO - Next message will be sent in 2.2 seconds: owo cf 3
2026-08-20 00:31:14,953 - INFO - Typed message: owo use 75 65 54
2026-08-20 00:31:14,953 - INFO - Message sent: owo use 75 65 54
2026-08-20 00:31:15,221 - INFO - Next message will be sent in 2.2 seconds: owo hunt
2026-08-20 00:31:15,657 - INFO - Typed message: owo cf 3
2026-08-20 00:31:15,657 - INFO - Message sent: owo cf 3
2026-08-20 00:31:15,947 - INFO - Next message will be sent in 2.5 seconds: owo use 75 65 54
2026-08-20 00:31:23,196 - INFO - Typed message: owo hunt
2026-08-20 00:31:23,198 - INFO - Message sent: owo hunt
2026-08-20 00:31:23,669 - INFO - Next message will be sent in 2.2 seconds: owo battle
2026-08-20 00:31:24,840 - INFO - Typed message: owo use 75 65 54
2026-08-20 00:31:24,844 - INFO - Message sent: owo use 75 65 54
2026-08-20 00:31:25,335 - INFO - Next message will be sent in 2.2 seconds: owo hunt
2026-08-20 00:31:30,125 - INFO - Typed message: owo battle
2026-08-20 00:31:30,125 - INFO - Message sent: owo battle
2026-08-20 00:31:30,371 - INFO - Next message will be sent in 2.2 seconds: owo sell all
2026-08-20 00:31:33,169 - INFO - Typed message: owo hunt
2026-08-20 00:31:33,169 - INFO - Message sent: owo hunt
2026-08-20 00:31:33,591 - INFO - Next message will be sent in 2.3 seconds: owo battle
2026-08-20 00:31:39,363 - INFO - Typed message: owo sell all
2026-08-20 00:31:39,363 - INFO - Message sent: owo sell all
2026-08-20 00:31:39,817 - INFO - Next message will be sent in 2.7 seconds: owo cf 3
2026-08-20 00:31:41,835 - INFO - Typed message: owo battle
2026-08-20 00:31:41,835 - INFO - Message sent: owo battle
2026-08-20 00:31:42,280 - INFO - Next message will be sent in 2.2 seconds: owo sell all
2026-08-20 00:31:47,892 - INFO - Typed message: owo cf 3
2026-08-20 00:31:47,892 - INFO - Message sent: owo cf 3
2026-08-20 00:31:48,201 - INFO - Next message will be sent in 3.0 seconds: owo use 75 65 54
2026-08-20 00:31:50,596 - INFO - Typed message: owo sell all
2026-08-20 00:31:50,596 - INFO - Message sent: owo sell all
2026-08-20 00:31:51,053 - INFO - Next message will be sent in 2.5 seconds: owo cf 3
2026-08-20 00:31:56,995 - INFO - Typed message: owo use 75 65 54
2026-08-20 00:31:56,995 - INFO - Message sent: owo use 75 65 54
2026-08-20 00:31:57,492 - INFO - Next message will be sent in 2.6 seconds: owo hunt
2026-08-20 00:31:59,199 - INFO - Typed message: owo cf 3
2026-08-20 00:31:59,199 - INFO - Message sent: owo cf 3
2026-08-20 00:31:59,620 - INFO - Next message will be sent in 2.7 seconds: owo use 75 65 54
2026-08-20 00:32:05,090 - INFO - Typed message: owo hunt
2026-08-20 00:32:05,090 - INFO - Message sent: owo hunt
2026-08-20 00:32:05,678 - INFO - Next message will be sent in 2.1 seconds: owo battle
2026-08-20 00:32:08,612 - INFO - Typed message: owo use 75 65 54
2026-08-20 00:32:08,612 - INFO - Message sent: owo use 75 65 54
2026-08-20 00:32:09,379 - INFO - Next message will be sent in 2.3 seconds: owo hunt
2026-08-20 00:32:13,290 - INFO - Typed message: owo battle
2026-08-20 00:32:13,290 - INFO - Message sent: owo battle
2026-08-20 00:32:13,655 - INFO - Next message will be sent in 2.5 seconds: owo sell all
2026-08-20 00:32:16,497 - INFO - Typed message: owo hunt
2026-08-20 00:32:16,499 - INFO - Message sent: owo hunt
2026-08-20 00:32:17,132 - INFO - Next message will be sent in 2.5 seconds: owo battle
2026-08-20 00:32:21,979 - INFO - Typed message: owo sell all
2026-08-20 00:32:21,979 - INFO - Message sent: owo sell all
2026-08-20 00:32:22,273 - INFO - Next message will be sent in 2.2 seconds: owo cf 3
2026-08-20 00:32:25,017 - INFO - Typed message: owo battle
2026-08-20 00:32:25,018 - INFO - Message sent: owo battle
2026-08-20 00:32:25,538 - INFO - Next message will be sent in 2.5 seconds: owo sell all
2026-08-20 00:32:28,931 - INFO - Typed message: owo cf 3
2026-08-20 00:32:28,932 - INFO - Message sent: owo cf 3
2026-08-20 00:32:29,715 - INFO - Next message will be sent in 3.0 seconds: owo use 75 65 54
2026-08-20 00:32:32,619 - INFO - Typed message: owo sell all
2026-08-20 00:32:32,619 - INFO - Message sent: owo sell all
2026-08-20 00:32:33,240 - INFO - Next message will be sent in 2.4 seconds: owo cf 3
2026-08-20 00:32:38,737 - INFO - Typed message: owo use 75 65 54
2026-08-20 00:32:38,737 - INFO - Message sent: owo use 75 65 54
2026-08-20 00:32:39,447 - INFO - Next message will be sent in 2.9 seconds: owo hunt
2026-08-20 00:32:40,235 - INFO - Typed message: owo cf 3
2026-08-20 00:32:40,235 - INFO - Message sent: owo cf 3
2026-08-20 00:32:40,803 - INFO - Next message will be sent in 2.6 seconds: owo use 75 65 54
2026-08-20 00:32:46,577 - INFO - Typed message: owo hunt
2026-08-20 00:32:46,577 - INFO - Message sent: owo hunt
2026-08-20 00:32:47,021 - INFO - Next message will be sent in 2.6 seconds: owo battle
2026-08-20 00:32:50,226 - INFO - Typed message: owo use 75 65 54
2026-08-20 00:32:50,226 - INFO - Message sent: owo use 75 65 54
2026-08-20 00:32:50,980 - INFO - Next message will be sent in 2.8 seconds: owo hunt
2026-08-20 00:32:54,700 - INFO - Typed message: owo battle
2026-08-20 00:32:54,701 - INFO - Message sent: owo battle
2026-08-20 00:32:55,117 - INFO - Next message will be sent in 2.1 seconds: owo sell all
2026-08-20 00:32:58,928 - INFO - Typed message: owo hunt
2026-08-20 00:32:58,928 - INFO - Message sent: owo hunt
2026-08-20 00:32:59,158 - INFO - Next message will be sent in 2.3 seconds: owo battle
2026-08-20 00:33:03,299 - INFO - Typed message: owo sell all
2026-08-20 00:33:03,299 - INFO - Message sent: owo sell all
2026-08-20 00:33:03,820 - INFO - Next message will be sent in 2.1 seconds: owo cf 3
2026-08-20 00:33:07,058 - INFO - Typed message: owo battle
2026-08-20 00:33:07,058 - INFO - Message sent: owo battle
2026-08-20 00:33:07,726 - INFO - Next message will be sent in 2.0 seconds: owo sell all
2026-08-20 00:33:10,275 - INFO - Typed message: owo cf 3
2026-08-20 00:33:10,279 - INFO - Message sent: owo cf 3
2026-08-20 00:33:10,768 - INFO - Next message will be sent in 3.0 seconds: owo use 75 65 54
2026-08-20 00:33:15,308 - INFO - Typed message: owo sell all
2026-08-20 00:33:15,308 - INFO - Message sent: owo sell all
2026-08-20 00:33:15,718 - INFO - Next message will be sent in 2.9 seconds: owo cf 3
2026-08-20 00:33:19,027 - INFO - Typed message: owo use 75 65 54
2026-08-20 00:33:19,037 - INFO - Message sent: owo use 75 65 54
2026-08-20 00:33:19,385 - INFO - Next message will be sent in 2.7 seconds: owo hunt
2026-08-20 00:33:23,857 - INFO - Typed message: owo cf 3
2026-08-20 00:33:23,859 - INFO - Message sent: owo cf 3
2026-08-20 00:33:24,364 - INFO - Next message will be sent in 2.6 seconds: owo use 75 65 54
2026-08-20 00:33:26,185 - INFO - Typed message: owo hunt
2026-08-20 00:33:26,185 - INFO - Message sent: owo hunt
2026-08-20 00:33:26,712 - INFO - Next message will be sent in 2.2 seconds: owo battle
2026-08-20 00:33:33,141 - INFO - Typed message: owo use 75 65 54
2026-08-20 00:33:33,142 - INFO - Message sent: owo use 75 65 54
2026-08-20 00:33:33,530 - INFO - Next message will be sent in 2.8 seconds: owo hunt
2026-08-20 00:33:34,650 - INFO - Typed message: owo battle
2026-08-20 00:33:34,650 - INFO - Message sent: owo battle
2026-08-20 00:33:35,320 - INFO - Next message will be sent in 2.4 seconds: owo sell all
2026-08-20 00:33:41,742 - INFO - Typed message: owo hunt
2026-08-20 00:33:41,742 - INFO - Message sent: owo hunt
2026-08-20 00:33:42,459 - INFO - Next message will be sent in 2.1 seconds: owo battle
2026-08-20 00:33:42,796 - INFO - Typed message: owo sell all
2026-08-20 00:33:42,796 - INFO - Message sent: owo sell all
2026-08-20 00:33:43,562 - INFO - Next message will be sent in 2.1 seconds: owo cf 3
2026-08-20 00:33:49,993 - INFO - Typed message: owo battle
2026-08-20 00:33:49,994 - INFO - Message sent: owo battle
2026-08-20 00:33:50,299 - INFO - Next message will be sent in 2.2 seconds: owo sell all
2026-08-20 00:33:50,799 - INFO - Typed message: owo cf 3
2026-08-20 00:33:50,801 - INFO - Message sent: owo cf 3
2026-08-20 00:33:51,130 - INFO - Next message will be sent in 3.0 seconds: owo use 75 65 54
2026-08-20 00:33:58,179 - INFO - Typed message: owo sell all
2026-08-20 00:33:58,179 - INFO - Message sent: owo sell all
2026-08-20 00:33:58,782 - INFO - Next message will be sent in 2.8 seconds: owo cf 3
2026-08-20 00:34:00,848 - INFO - Typed message: owo use 75 65 54
2026-08-20 00:34:00,848 - INFO - Message sent: owo use 75 65 54
2026-08-20 00:34:01,496 - INFO - Next message will be sent in 2.1 seconds: owo hunt
2026-08-20 00:34:05,796 - INFO - Typed message: owo cf 3
2026-08-20 00:34:05,796 - INFO - Message sent: owo cf 3
2026-08-20 00:34:06,464 - INFO - Next message will be sent in 2.7 seconds: owo use 75 65 54
2026-08-20 00:34:08,187 - INFO - Typed message: owo hunt
2026-08-20 00:34:08,192 - INFO - Message sent: owo hunt
2026-08-20 00:34:08,550 - INFO - Next message will be sent in 2.3 seconds: owo battle
2026-08-20 00:34:15,291 - INFO - Typed message: owo use 75 65 54
2026-08-20 00:34:15,291 - INFO - Message sent: owo use 75 65 54
2026-08-20 00:34:15,721 - INFO - Next message will be sent in 2.9 seconds: owo hunt
2026-08-20 00:34:16,118 - INFO - Typed message: owo battle
2026-08-20 00:34:16,118 - INFO - Message sent: owo battle
2026-08-20 00:34:16,621 - INFO - Next message will be sent in 2.8 seconds: owo sell all
2026-08-20 00:34:24,039 - INFO - Typed message: owo hunt
2026-08-20 00:34:24,040 - INFO - Message sent: owo hunt
2026-08-20 00:34:24,687 - INFO - Next message will be sent in 2.3 seconds: owo battle
2026-08-20 00:34:25,095 - INFO - Typed message: owo sell all
2026-08-20 00:34:25,095 - INFO - Message sent: owo sell all
2026-08-20 00:34:25,514 - INFO - Next message will be sent in 2.5 seconds: owo cf 3
2026-08-20 00:34:32,290 - INFO - Typed message: owo battle
2026-08-20 00:34:32,290 - INFO - Message sent: owo battle
2026-08-20 00:34:32,522 - INFO - Typed message: owo cf 3
2026-08-20 00:34:32,522 - INFO - Message sent: owo cf 3
2026-08-20 00:34:33,062 - INFO - Next message will be sent in 2.6 seconds: owo sell all
2026-08-20 00:34:33,305 - INFO - Next message will be sent in 2.9 seconds: owo use 75 65 54
2026-08-20 00:34:41,995 - INFO - Typed message: owo sell all
2026-08-20 00:34:41,995 - INFO - Message sent: owo sell all
2026-08-20 00:34:42,649 - INFO - Next message will be sent in 2.7 seconds: owo cf 3
2026-08-20 00:34:43,532 - INFO - Typed message: owo use 75 65 54
2026-08-20 00:34:43,533 - INFO - Message sent: owo use 75 65 54
2026-08-20 00:34:44,247 - INFO - Next message will be sent in 2.1 seconds: owo hunt
2026-08-20 00:34:50,303 - INFO - Typed message: owo cf 3
2026-08-20 00:34:50,303 - INFO - Message sent: owo cf 3
2026-08-20 00:34:50,573 - INFO - Next message will be sent in 2.1 seconds: owo use 75 65 54
2026-08-20 00:34:52,442 - INFO - Typed message: owo hunt
2026-08-20 00:34:52,443 - INFO - Message sent: owo hunt
2026-08-20 00:34:53,230 - INFO - Next message will be sent in 2.1 seconds: owo battle
2026-08-20 00:34:58,079 - INFO - Typed message: owo use 75 65 54
2026-08-20 00:34:58,084 - INFO - Message sent: owo use 75 65 54
2026-08-20 00:34:58,843 - INFO - Next message will be sent in 2.3 seconds: owo hunt
2026-08-20 00:35:01,644 - INFO - Typed message: owo battle
2026-08-20 00:35:01,644 - INFO - Message sent: owo battle
2026-08-20 00:35:02,263 - INFO - Next message will be sent in 2.2 seconds: owo sell all
2026-08-20 00:35:07,013 - INFO - Typed message: owo hunt
2026-08-20 00:35:07,016 - INFO - Message sent: owo hunt
2026-08-20 00:35:07,790 - INFO - Next message will be sent in 2.4 seconds: owo battle
2026-08-20 00:35:09,148 - INFO - Typed message: owo sell all
2026-08-20 00:35:09,148 - INFO - Message sent: owo sell all
2026-08-20 00:35:09,849 - INFO - Next message will be sent in 2.5 seconds: owo cf 3
2026-08-20 00:35:15,880 - INFO - Typed message: owo battle
2026-08-20 00:35:15,882 - INFO - Message sent: owo battle
2026-08-20 00:35:16,087 - INFO - Next message will be sent in 2.9 seconds: owo sell all
2026-08-20 00:35:18,023 - INFO - Typed message: owo cf 3
2026-08-20 00:35:18,023 - INFO - Message sent: owo cf 3
2026-08-20 00:35:18,605 - INFO - Next message will be sent in 2.7 seconds: owo use 75 65 54
2026-08-20 00:35:24,286 - INFO - Typed message: owo sell all
2026-08-20 00:35:24,286 - INFO - Message sent: owo sell all
2026-08-20 00:35:24,934 - INFO - Next message will be sent in 2.3 seconds: owo cf 3
2026-08-20 00:35:27,573 - INFO - Typed message: owo use 75 65 54
2026-08-20 00:35:27,588 - INFO - Message sent: owo use 75 65 54
2026-08-20 00:35:27,995 - INFO - Next message will be sent in 2.5 seconds: owo hunt
2026-08-20 00:35:31,690 - INFO - Typed message: owo cf 3
2026-08-20 00:35:31,690 - INFO - Message sent: owo cf 3
2026-08-20 00:35:32,443 - INFO - Next message will be sent in 2.1 seconds: owo use 75 65 54
2026-08-20 00:35:34,713 - INFO - Typed message: owo hunt
2026-08-20 00:35:34,714 - INFO - Message sent: owo hunt
2026-08-20 00:35:35,292 - INFO - Next message will be sent in 2.4 seconds: owo battle
2026-08-20 00:35:40,780 - INFO - Typed message: owo use 75 65 54
2026-08-20 00:35:40,780 - INFO - Message sent: owo use 75 65 54
2026-08-20 00:35:41,171 - INFO - Next message will be sent in 2.3 seconds: owo hunt
2026-08-20 00:35:43,792 - INFO - Typed message: owo battle
2026-08-20 00:35:43,792 - INFO - Message sent: owo battle
2026-08-20 00:35:44,123 - INFO - Next message will be sent in 2.9 seconds: owo sell all
2026-08-20 00:35:47,582 - INFO - Typed message: owo hunt
2026-08-20 00:35:47,582 - INFO - Message sent: owo hunt
2026-08-20 00:35:47,842 - INFO - Next message will be sent in 2.5 seconds: owo battle
2026-08-20 00:35:52,327 - INFO - Typed message: owo sell all
2026-08-20 00:35:52,328 - INFO - Message sent: owo sell all
2026-08-20 00:35:52,628 - INFO - Next message will be sent in 2.3 seconds: owo cf 3
2026-08-20 00:35:55,736 - INFO - Typed message: owo battle
2026-08-20 00:35:55,737 - INFO - Message sent: owo battle
2026-08-20 00:35:56,168 - INFO - Next message will be sent in 2.8 seconds: owo sell all
2026-08-20 00:35:59,429 - INFO - Typed message: owo cf 3
2026-08-20 00:35:59,429 - INFO - Message sent: owo cf 3
2026-08-20 00:35:59,751 - INFO - Next message will be sent in 2.0 seconds: owo use 75 65 54
2026-08-20 00:36:03,659 - INFO - Typed message: owo sell all
2026-08-20 00:36:03,660 - INFO - Message sent: owo sell all
2026-08-20 00:36:04,227 - INFO - Next message will be sent in 3.0 seconds: owo cf 3
2026-08-20 00:36:07,597 - INFO - Typed message: owo use 75 65 54
2026-08-20 00:36:07,597 - INFO - Message sent: owo use 75 65 54
2026-08-20 00:36:07,861 - INFO - Next message will be sent in 2.9 seconds: owo hunt
2026-08-20 00:36:13,050 - INFO - Typed message: owo cf 3
2026-08-20 00:36:13,051 - INFO - Message sent: owo cf 3
2026-08-20 00:36:13,745 - INFO - Next message will be sent in 2.2 seconds: owo use 75 65 54
2026-08-20 00:36:15,585 - INFO - Typed message: owo hunt
2026-08-20 00:36:15,585 - INFO - Message sent: owo hunt
2026-08-20 00:36:15,960 - INFO - Next message will be sent in 2.9 seconds: owo battle
2026-08-20 00:36:20,907 - INFO - Typed message: owo use 75 65 54
2026-08-20 00:36:20,907 - INFO - Message sent: owo use 75 65 54
2026-08-20 00:36:21,175 - INFO - Next message will be sent in 2.9 seconds: owo hunt
2026-08-20 00:36:25,074 - INFO - Typed message: owo battle
2026-08-20 00:36:25,074 - INFO - Message sent: owo battle
2026-08-20 00:36:25,814 - INFO - Next message will be sent in 2.3 seconds: owo sell all
2026-08-20 00:36:28,553 - INFO - Typed message: owo hunt
2026-08-20 00:36:28,553 - INFO - Message sent: owo hunt
2026-08-20 00:36:29,351 - INFO - Next message will be sent in 2.3 seconds: owo battle
2026-08-20 00:36:33,161 - INFO - Typed message: owo sell all
2026-08-20 00:36:33,161 - INFO - Message sent: owo sell all
2026-08-20 00:36:33,770 - INFO - Next message will be sent in 2.1 seconds: owo cf 3
2026-08-20 00:36:37,932 - INFO - Typed message: owo battle
2026-08-20 00:36:37,933 - INFO - Message sent: owo battle
2026-08-20 00:36:38,454 - INFO - Next message will be sent in 2.3 seconds: owo sell all
2026-08-20 00:36:41,723 - INFO - Typed message: owo cf 3
2026-08-20 00:36:41,724 - INFO - Message sent: owo cf 3
2026-08-20 00:36:42,325 - INFO - Next message will be sent in 2.0 seconds: owo use 75 65 54
2026-08-20 00:36:47,175 - INFO - Typed message: owo sell all
2026-08-20 00:36:47,175 - INFO - Message sent: owo sell all
2026-08-20 00:36:47,587 - INFO - Next message will be sent in 2.7 seconds: owo cf 3
2026-08-20 00:36:51,728 - INFO - Typed message: owo use 75 65 54
2026-08-20 00:36:51,728 - INFO - Message sent: owo use 75 65 54
2026-08-20 00:36:52,406 - INFO - Next message will be sent in 2.4 seconds: owo hunt
2026-08-20 00:36:55,246 - INFO - Typed message: owo cf 3
2026-08-20 00:36:55,246 - INFO - Message sent: owo cf 3
2026-08-20 00:36:55,934 - INFO - Next message will be sent in 2.0 seconds: owo use 75 65 54
2026-08-20 00:37:01,014 - INFO - Typed message: owo hunt
2026-08-20 00:37:01,015 - INFO - Message sent: owo hunt
2026-08-20 00:37:01,532 - INFO - Next message will be sent in 2.0 seconds: owo battle
2026-08-20 00:37:02,697 - INFO - Typed message: owo use 75 65 54
2026-08-20 00:37:02,697 - INFO - Message sent: owo use 75 65 54
2026-08-20 00:37:03,303 - INFO - Next message will be sent in 2.6 seconds: owo hunt
2026-08-20 00:37:09,255 - INFO - Typed message: owo battle
2026-08-20 00:37:09,257 - INFO - Message sent: owo battle
2026-08-20 00:37:09,847 - INFO - Next message will be sent in 2.1 seconds: owo sell all
2026-08-20 00:37:10,004 - INFO - Typed message: owo hunt
2026-08-20 00:37:10,009 - INFO - Message sent: owo hunt
2026-08-20 00:37:10,781 - INFO - Next message will be sent in 2.1 seconds: owo battle
2026-08-20 00:37:17,317 - INFO - Typed message: owo battle
2026-08-20 00:37:17,319 - INFO - Message sent: owo battle
2026-08-20 00:37:17,681 - INFO - Next message will be sent in 2.6 seconds: owo sell all
2026-08-20 00:37:18,323 - INFO - Typed message: owo sell all
2026-08-20 00:37:18,323 - INFO - Message sent: owo sell all
2026-08-20 00:37:18,600 - INFO - Next message will be sent in 2.4 seconds: owo cf 3
2026-08-20 00:37:25,329 - INFO - Typed message: owo cf 3
2026-08-20 00:37:25,331 - INFO - Message sent: owo cf 3
2026-08-20 00:37:25,732 - INFO - Next message will be sent in 2.5 seconds: owo use 75 65 54
2026-08-20 00:37:26,163 - INFO - Typed message: owo sell all
2026-08-20 00:37:26,165 - INFO - Message sent: owo sell all
2026-08-20 00:37:26,966 - INFO - Next message will be sent in 3.0 seconds: owo cf 3
2026-08-20 00:37:33,902 - INFO - Typed message: owo use 75 65 54
2026-08-20 00:37:33,902 - INFO - Message sent: owo use 75 65 54
2026-08-20 00:37:34,284 - INFO - Typed message: owo cf 3
2026-08-20 00:37:34,284 - INFO - Message sent: owo cf 3
2026-08-20 00:37:34,621 - INFO - Next message will be sent in 2.5 seconds: owo hunt
2026-08-20 00:37:34,829 - INFO - Next message will be sent in 2.3 seconds: owo use 75 65 54
2026-08-20 00:37:42,402 - INFO - Typed message: owo use 75 65 54
2026-08-20 00:37:42,402 - INFO - Message sent: owo use 75 65 54
2026-08-20 00:37:42,685 - INFO - Typed message: owo hunt
2026-08-20 00:37:42,685 - INFO - Message sent: owo hunt
2026-08-20 00:37:42,713 - INFO - Next message will be sent in 2.1 seconds: owo hunt
2026-08-20 00:37:43,043 - INFO - Next message will be sent in 2.9 seconds: owo battle
2026-08-20 00:37:50,600 - INFO - Typed message: owo hunt
2026-08-20 00:37:50,600 - INFO - Message sent: owo hunt
2026-08-20 00:37:50,902 - INFO - Next message will be sent in 2.2 seconds: owo battle
2026-08-20 00:37:51,202 - INFO - Typed message: owo battle
2026-08-20 00:37:51,204 - INFO - Message sent: owo battle
2026-08-20 00:37:51,776 - INFO - Next message will be sent in 2.8 seconds: owo sell all
2026-08-20 00:37:59,229 - INFO - Typed message: owo battle
2026-08-20 00:37:59,229 - INFO - Message sent: owo battle
2026-08-20 00:37:59,679 - INFO - Next message will be sent in 2.1 seconds: owo sell all
2026-08-20 00:38:00,382 - INFO - Typed message: owo sell all
2026-08-20 00:38:00,382 - INFO - Message sent: owo sell all
2026-08-20 00:38:00,758 - INFO - Next message will be sent in 2.5 seconds: owo cf 3
2026-08-20 00:38:07,689 - INFO - Typed message: owo cf 3
2026-08-20 00:38:07,691 - INFO - Message sent: owo cf 3
2026-08-20 00:38:08,045 - INFO - Next message will be sent in 2.7 seconds: owo use 75 65 54
2026-08-20 00:38:08,453 - INFO - Typed message: owo sell all
2026-08-20 00:38:08,453 - INFO - Message sent: owo sell all
2026-08-20 00:38:08,973 - INFO - Next message will be sent in 2.2 seconds: owo cf 3
2026-08-20 00:38:15,802 - INFO - Typed message: owo cf 3
2026-08-20 00:38:15,802 - INFO - Message sent: owo cf 3
2026-08-20 00:38:16,418 - INFO - Next message will be sent in 2.4 seconds: owo use 75 65 54
2026-08-20 00:38:16,510 - INFO - Typed message: owo use 75 65 54
2026-08-20 00:38:16,510 - INFO - Message sent: owo use 75 65 54
2026-08-20 00:38:16,743 - INFO - Next message will be sent in 2.8 seconds: owo hunt
2026-08-20 00:38:24,142 - INFO - Typed message: owo use 75 65 54
2026-08-20 00:38:24,142 - INFO - Message sent: owo use 75 65 54
2026-08-20 00:38:24,574 - INFO - Next message will be sent in 2.3 seconds: owo hunt
2026-08-20 00:38:24,660 - INFO - Typed message: owo hunt
2026-08-20 00:38:24,660 - INFO - Message sent: owo hunt
2026-08-20 00:38:25,238 - INFO - Next message will be sent in 2.2 seconds: owo battle
2026-08-20 00:38:31,687 - INFO - Typed message: owo hunt
2026-08-20 00:38:31,687 - INFO - Message sent: owo hunt
2026-08-20 00:38:32,303 - INFO - Next message will be sent in 2.1 seconds: owo battle
2026-08-20 00:38:32,974 - INFO - Typed message: owo battle
2026-08-20 00:38:32,978 - INFO - Message sent: owo battle
2026-08-20 00:38:33,326 - INFO - Next message will be sent in 2.7 seconds: owo sell all
2026-08-20 00:38:39,772 - INFO - Typed message: owo battle
2026-08-20 00:38:39,772 - INFO - Message sent: owo battle
2026-08-20 00:38:40,357 - INFO - Next message will be sent in 2.2 seconds: owo sell all
2026-08-20 00:38:42,367 - INFO - Typed message: owo sell all
2026-08-20 00:38:42,367 - INFO - Message sent: owo sell all
2026-08-20 00:38:42,928 - INFO - Next message will be sent in 2.9 seconds: owo cf 3
2026-08-20 00:38:47,303 - INFO - Typed message: owo sell all
2026-08-20 00:38:47,303 - INFO - Message sent: owo sell all
2026-08-20 00:38:48,069 - INFO - Next message will be sent in 2.8 seconds: owo cf 3
2026-08-20 00:38:51,108 - INFO - Typed message: owo cf 3
2026-08-20 00:38:51,108 - INFO - Message sent: owo cf 3
2026-08-20 00:38:51,530 - INFO - Next message will be sent in 2.3 seconds: owo use 75 65 54
2026-08-20 00:38:56,454 - INFO - Typed message: owo cf 3
2026-08-20 00:38:56,454 - INFO - Message sent: owo cf 3
2026-08-20 00:38:57,202 - INFO - Next message will be sent in 2.9 seconds: owo use 75 65 54
2026-08-20 00:38:59,571 - INFO - Typed message: owo use 75 65 54
2026-08-20 00:38:59,572 - INFO - Message sent: owo use 75 65 54
2026-08-20 00:39:00,032 - INFO - Next message will be sent in 2.8 seconds: owo hunt
2026-08-20 00:39:06,706 - INFO - Typed message: owo use 75 65 54
2026-08-20 00:39:06,706 - INFO - Message sent: owo use 75 65 54
2026-08-20 00:39:07,164 - INFO - Next message will be sent in 2.2 seconds: owo hunt
2026-08-20 00:39:07,650 - INFO - Typed message: owo hunt
2026-08-20 00:39:07,650 - INFO - Message sent: owo hunt
2026-08-20 00:39:08,450 - INFO - Next message will be sent in 2.6 seconds: owo battle
2026-08-20 00:39:13,908 - INFO - Typed message: owo hunt
2026-08-20 00:39:13,908 - INFO - Message sent: owo hunt
2026-08-20 00:39:14,637 - INFO - Next message will be sent in 2.1 seconds: owo battle
2026-08-20 00:39:15,203 - INFO - Typed message: owo battle
2026-08-20 00:39:15,203 - INFO - Message sent: owo battle
2026-08-20 00:39:15,874 - INFO - Next message will be sent in 2.7 seconds: owo sell all
2026-08-20 00:39:21,757 - INFO - Typed message: owo battle
2026-08-20 00:39:21,757 - INFO - Message sent: owo battle
2026-08-20 00:39:22,390 - INFO - Next message will be sent in 2.2 seconds: owo sell all
2026-08-20 00:39:24,139 - INFO - Typed message: owo sell all
2026-08-20 00:39:24,139 - INFO - Message sent: owo sell all
2026-08-20 00:39:24,392 - INFO - Next message will be sent in 2.5 seconds: owo cf 3
2026-08-20 00:39:31,266 - INFO - Typed message: owo cf 3
2026-08-20 00:39:31,266 - INFO - Message sent: owo cf 3
2026-08-20 00:39:31,328 - INFO - Typed message: owo sell all
2026-08-20 00:39:31,329 - INFO - Message sent: owo sell all
2026-08-20 00:39:31,612 - INFO - Next message will be sent in 2.8 seconds: owo use 75 65 54
2026-08-20 00:39:31,871 - INFO - Next message will be sent in 2.2 seconds: owo cf 3
2026-08-20 00:39:39,030 - INFO - Typed message: owo cf 3
2026-08-20 00:39:39,030 - INFO - Message sent: owo cf 3
2026-08-20 00:39:39,632 - INFO - Next message will be sent in 2.0 seconds: owo use 75 65 54
2026-08-20 00:39:40,256 - INFO - Typed message: owo use 75 65 54
2026-08-20 00:39:40,256 - INFO - Message sent: owo use 75 65 54
2026-08-20 00:39:40,878 - INFO - Next message will be sent in 2.9 seconds: owo hunt
2026-08-20 00:39:47,224 - INFO - Typed message: owo use 75 65 54
2026-08-20 00:39:47,224 - INFO - Message sent: owo use 75 65 54
2026-08-20 00:39:47,645 - INFO - Next message will be sent in 2.8 seconds: owo hunt
2026-08-20 00:39:48,340 - INFO - Typed message: owo hunt
2026-08-20 00:39:48,340 - INFO - Message sent: owo hunt
2026-08-20 00:39:48,627 - INFO - Next message will be sent in 2.2 seconds: owo battle
2026-08-20 00:39:55,922 - INFO - Typed message: owo hunt
2026-08-20 00:39:55,922 - INFO - Message sent: owo hunt
2026-08-20 00:39:56,003 - INFO - Typed message: owo battle
2026-08-20 00:39:56,006 - INFO - Message sent: owo battle
2026-08-20 00:39:56,549 - INFO - Next message will be sent in 2.5 seconds: owo sell all
2026-08-20 00:39:56,564 - INFO - Next message will be sent in 2.9 seconds: owo battle
2026-08-20 00:40:04,727 - INFO - Typed message: owo sell all
2026-08-20 00:40:04,731 - INFO - Message sent: owo sell all
2026-08-20 00:40:04,964 - INFO - Next message will be sent in 2.3 seconds: owo cf 3
2026-08-20 00:40:05,434 - INFO - Typed message: owo battle
2026-08-20 00:40:05,434 - INFO - Message sent: owo battle
2026-08-20 00:40:05,787 - INFO - Next message will be sent in 2.5 seconds: owo sell all
2026-08-20 00:40:11,428 - INFO - Typed message: owo cf 3
2026-08-20 00:40:11,428 - INFO - Message sent: owo cf 3
2026-08-20 00:40:11,686 - INFO - Next message will be sent in 2.8 seconds: owo use 75 65 54
2026-08-20 00:40:14,509 - INFO - Typed message: owo sell all
2026-08-20 00:40:14,510 - INFO - Message sent: owo sell all
2026-08-20 00:40:14,741 - INFO - Next message will be sent in 2.3 seconds: owo cf 3
2026-08-20 00:40:20,565 - INFO - Typed message: owo use 75 65 54
2026-08-20 00:40:20,565 - INFO - Message sent: owo use 75 65 54
2026-08-20 00:40:20,961 - INFO - Next message will be sent in 2.5 seconds: owo hunt
2026-08-20 00:40:22,363 - INFO - Typed message: owo cf 3
2026-08-20 00:40:22,363 - INFO - Message sent: owo cf 3
2026-08-20 00:40:23,063 - INFO - Next message will be sent in 2.2 seconds: owo use 75 65 54
2026-08-20 00:40:28,381 - INFO - Typed message: owo hunt
2026-08-20 00:40:28,381 - INFO - Message sent: owo hunt
2026-08-20 00:40:28,965 - INFO - Next message will be sent in 2.2 seconds: owo battle
2026-08-20 00:40:31,812 - INFO - Typed message: owo use 75 65 54
2026-08-20 00:40:31,819 - INFO - Message sent: owo use 75 65 54
2026-08-20 00:40:32,050 - INFO - Next message will be sent in 2.6 seconds: owo hunt
2026-08-20 00:40:36,260 - INFO - Typed message: owo battle
2026-08-20 00:40:36,260 - INFO - Message sent: owo battle
2026-08-20 00:40:36,574 - INFO - Next message will be sent in 2.1 seconds: owo sell all
2026-08-20 00:40:40,210 - INFO - Typed message: owo hunt
2026-08-20 00:40:40,225 - INFO - Message sent: owo hunt
2026-08-20 00:40:40,698 - INFO - Next message will be sent in 2.7 seconds: owo battle
2026-08-20 00:40:44,382 - INFO - Typed message: owo sell all
2026-08-20 00:40:44,382 - INFO - Message sent: owo sell all
2026-08-20 00:40:45,073 - INFO - Next message will be sent in 2.7 seconds: owo cf 3
2026-08-20 00:40:49,438 - INFO - Typed message: owo battle
2026-08-20 00:40:49,438 - INFO - Message sent: owo battle
2026-08-20 00:40:50,090 - INFO - Next message will be sent in 3.0 seconds: owo sell all
2026-08-20 00:40:51,723 - INFO - Typed message: owo cf 3
2026-08-20 00:40:51,723 - INFO - Message sent: owo cf 3
2026-08-20 00:40:52,091 - INFO - Next message will be sent in 2.3 seconds: owo use 75 65 54
2026-08-20 00:40:58,574 - INFO - Typed message: owo sell all
2026-08-20 00:40:58,575 - INFO - Message sent: owo sell all
2026-08-20 00:40:58,965 - INFO - Next message will be sent in 2.2 seconds: owo cf 3
2026-08-20 00:41:01,118 - INFO - Typed message: owo use 75 65 54
2026-08-20 00:41:01,120 - INFO - Message sent: owo use 75 65 54
2026-08-20 00:41:01,460 - INFO - Next message will be sent in 2.3 seconds: owo hunt
2026-08-20 00:41:06,386 - INFO - Typed message: owo cf 3
2026-08-20 00:41:06,386 - INFO - Message sent: owo cf 3
2026-08-20 00:41:06,779 - INFO - Next message will be sent in 2.7 seconds: owo use 75 65 54
2026-08-20 00:41:07,888 - INFO - Typed message: owo hunt
2026-08-20 00:41:07,888 - INFO - Message sent: owo hunt
2026-08-20 00:41:08,539 - INFO - Next message will be sent in 2.5 seconds: owo battle
2026-08-20 00:41:17,005 - INFO - Typed message: owo battle
2026-08-20 00:41:17,005 - INFO - Message sent: owo battle
2026-08-20 00:41:17,019 - INFO - Typed message: owo use 75 65 54
2026-08-20 00:41:17,020 - INFO - Message sent: owo use 75 65 54
2026-08-20 00:41:17,290 - INFO - Next message will be sent in 2.4 seconds: owo hunt
2026-08-20 00:41:17,583 - INFO - Next message will be sent in 2.1 seconds: owo sell all
2026-08-20 00:41:24,565 - INFO - Typed message: owo sell all
2026-08-20 00:41:24,565 - INFO - Message sent: owo sell all
2026-08-20 00:41:24,849 - INFO - Next message will be sent in 2.8 seconds: owo cf 3
2026-08-20 00:41:24,976 - INFO - Typed message: owo hunt
2026-08-20 00:41:24,977 - INFO - Message sent: owo hunt
2026-08-20 00:41:25,621 - INFO - Next message will be sent in 2.6 seconds: owo battle
2026-08-20 00:41:33,019 - INFO - Typed message: owo battle
2026-08-20 00:41:33,023 - INFO - Message sent: owo battle
2026-08-20 00:41:33,631 - INFO - Next message will be sent in 2.7 seconds: owo sell all
2026-08-20 00:41:33,660 - INFO - Typed message: owo cf 3
2026-08-20 00:41:33,661 - INFO - Message sent: owo cf 3
2026-08-20 00:41:33,976 - INFO - Next message will be sent in 2.5 seconds: owo use 75 65 54
2026-08-20 00:41:41,726 - INFO - Typed message: owo use 75 65 54
2026-08-20 00:41:41,726 - INFO - Message sent: owo use 75 65 54
2026-08-20 00:41:42,516 - INFO - Next message will be sent in 2.2 seconds: owo hunt
2026-08-20 00:41:42,639 - INFO - Typed message: owo sell all
2026-08-20 00:41:42,639 - INFO - Message sent: owo sell all
2026-08-20 00:41:43,184 - INFO - Next message will be sent in 2.3 seconds: owo cf 3
2026-08-20 00:41:49,308 - INFO - Typed message: owo hunt
2026-08-20 00:41:49,314 - INFO - Message sent: owo hunt
2026-08-20 00:41:49,655 - INFO - Next message will be sent in 2.8 seconds: owo battle
2026-08-20 00:41:50,053 - INFO - Typed message: owo cf 3
2026-08-20 00:41:50,055 - INFO - Message sent: owo cf 3
2026-08-20 00:41:50,400 - INFO - Next message will be sent in 2.8 seconds: owo use 75 65 54
2026-08-20 00:41:58,612 - INFO - Typed message: owo battle
2026-08-20 00:41:58,612 - INFO - Message sent: owo battle
2026-08-20 00:41:59,330 - INFO - Next message will be sent in 2.1 seconds: owo sell all
2026-08-20 00:41:59,598 - INFO - Typed message: owo use 75 65 54
2026-08-20 00:41:59,598 - INFO - Message sent: owo use 75 65 54
2026-08-20 00:42:00,286 - INFO - Next message will be sent in 3.0 seconds: owo hunt
2026-08-20 00:42:07,341 - INFO - Typed message: owo sell all
2026-08-20 00:42:07,343 - INFO - Message sent: owo sell all
2026-08-20 00:42:07,688 - INFO - Next message will be sent in 2.5 seconds: owo cf 3
2026-08-20 00:42:08,855 - INFO - Typed message: owo hunt
2026-08-20 00:42:08,855 - INFO - Message sent: owo hunt
2026-08-20 00:42:09,111 - INFO - Next message will be sent in 2.6 seconds: owo battle
2026-08-20 00:42:14,732 - INFO - Typed message: owo cf 3
2026-08-20 00:42:14,732 - INFO - Message sent: owo cf 3
2026-08-20 00:42:15,313 - INFO - Next message will be sent in 2.9 seconds: owo use 75 65 54
2026-08-20 00:42:16,377 - INFO - Typed message: owo battle
2026-08-20 00:42:16,378 - INFO - Message sent: owo battle
2026-08-20 00:42:16,641 - INFO - Next message will be sent in 3.0 seconds: owo sell all
2026-08-20 00:42:23,271 - INFO - Typed message: owo use 75 65 54
2026-08-20 00:42:23,271 - INFO - Message sent: owo use 75 65 54
2026-08-20 00:42:23,685 - INFO - Next message will be sent in 2.4 seconds: owo hunt
2026-08-20 00:42:25,686 - INFO - Typed message: owo sell all
2026-08-20 00:42:25,686 - INFO - Message sent: owo sell all
2026-08-20 00:42:26,231 - INFO - Next message will be sent in 3.0 seconds: owo cf 3
2026-08-20 00:42:31,588 - INFO - Typed message: owo hunt
2026-08-20 00:42:31,588 - INFO - Message sent: owo hunt
2026-08-20 00:42:32,389 - INFO - Next message will be sent in 2.4 seconds: owo battle
2026-08-20 00:42:33,445 - INFO - Typed message: owo cf 3
2026-08-20 00:42:33,445 - INFO - Message sent: owo cf 3
2026-08-20 00:42:34,025 - INFO - Next message will be sent in 2.5 seconds: owo use 75 65 54
2026-08-20 00:42:39,430 - INFO - Typed message: owo battle
2026-08-20 00:42:39,432 - INFO - Message sent: owo battle
2026-08-20 00:42:40,155 - INFO - Next message will be sent in 2.5 seconds: owo sell all
2026-08-20 00:42:43,520 - INFO - Typed message: owo use 75 65 54
2026-08-20 00:42:43,520 - INFO - Message sent: owo use 75 65 54
2026-08-20 00:42:44,081 - INFO - Next message will be sent in 2.5 seconds: owo hunt
2026-08-20 00:42:49,223 - INFO - Typed message: owo sell all
2026-08-20 00:42:49,223 - INFO - Message sent: owo sell all
2026-08-20 00:42:49,544 - INFO - Next message will be sent in 2.4 seconds: owo cf 3
2026-08-20 00:42:51,311 - INFO - Typed message: owo hunt
2026-08-20 00:42:51,312 - INFO - Message sent: owo hunt
2026-08-20 00:42:51,717 - INFO - Next message will be sent in 2.3 seconds: owo battle
2026-08-20 00:42:57,489 - INFO - Typed message: owo cf 3
2026-08-20 00:42:57,490 - INFO - Message sent: owo cf 3
2026-08-20 00:42:57,704 - INFO - Next message will be sent in 2.9 seconds: owo use 75 65 54
2026-08-20 00:42:59,814 - INFO - Typed message: owo battle
2026-08-20 00:42:59,814 - INFO - Message sent: owo battle
2026-08-20 00:43:00,062 - INFO - Next message will be sent in 2.7 seconds: owo sell all
2026-08-20 00:43:07,644 - INFO - Typed message: owo use 75 65 54
2026-08-20 00:43:07,645 - INFO - Message sent: owo use 75 65 54
2026-08-20 00:43:07,986 - INFO - Next message will be sent in 2.5 seconds: owo hunt
2026-08-20 00:43:08,666 - INFO - Typed message: owo sell all
2026-08-20 00:43:08,666 - INFO - Message sent: owo sell all
2026-08-20 00:43:09,393 - INFO - Next message will be sent in 2.4 seconds: owo cf 3
2026-08-20 00:43:16,543 - INFO - Typed message: owo hunt
2026-08-20 00:43:16,543 - INFO - Message sent: owo hunt
2026-08-20 00:43:16,815 - INFO - Typed message: owo cf 3
2026-08-20 00:43:16,815 - INFO - Message sent: owo cf 3
2026-08-20 00:43:16,843 - INFO - Next message will be sent in 2.7 seconds: owo battle
2026-08-20 00:43:17,477 - INFO - Next message will be sent in 2.5 seconds: owo use 75 65 54
2026-08-20 00:43:23,983 - INFO - Typed message: owo battle
2026-08-20 00:43:23,983 - INFO - Message sent: owo battle
2026-08-20 00:43:24,508 - INFO - Next message will be sent in 2.4 seconds: owo sell all
2026-08-20 00:43:24,981 - INFO - Typed message: owo use 75 65 54
2026-08-20 00:43:24,981 - INFO - Message sent: owo use 75 65 54
2026-08-20 00:43:25,466 - INFO - Next message will be sent in 2.1 seconds: owo hunt
2026-08-20 00:43:32,112 - INFO - Typed message: owo sell all
2026-08-20 00:43:32,113 - INFO - Message sent: owo sell all
2026-08-20 00:43:32,222 - INFO - Typed message: owo hunt
2026-08-20 00:43:32,223 - INFO - Message sent: owo hunt
2026-08-20 00:43:32,506 - INFO - Next message will be sent in 2.8 seconds: owo battle
2026-08-20 00:43:32,777 - INFO - Next message will be sent in 2.3 seconds: owo cf 3
2026-08-20 00:43:40,030 - INFO - Typed message: owo battle
2026-08-20 00:43:40,030 - INFO - Message sent: owo battle
2026-08-20 00:43:40,526 - INFO - Next message will be sent in 2.9 seconds: owo sell all
2026-08-20 00:43:40,866 - INFO - Typed message: owo cf 3
2026-08-20 00:43:40,866 - INFO - Message sent: owo cf 3
2026-08-20 00:43:41,488 - INFO - Next message will be sent in 2.0 seconds: owo use 75 65 54
2026-08-20 00:43:48,997 - INFO - Typed message: owo sell all
2026-08-20 00:43:48,997 - INFO - Message sent: owo sell all
2026-08-20 00:43:49,394 - INFO - Next message will be sent in 2.4 seconds: owo cf 3
2026-08-20 00:43:49,503 - INFO - Typed message: owo use 75 65 54
2026-08-20 00:43:49,506 - INFO - Message sent: owo use 75 65 54
2026-08-20 00:43:49,909 - INFO - Next message will be sent in 2.9 seconds: owo hunt
2026-08-20 00:43:55,961 - INFO - Typed message: owo cf 3
2026-08-20 00:43:55,961 - INFO - Message sent: owo cf 3
2026-08-20 00:43:56,223 - INFO - Next message will be sent in 2.8 seconds: owo use 75 65 54
2026-08-20 00:43:57,610 - INFO - Typed message: owo hunt
2026-08-20 00:43:57,610 - INFO - Message sent: owo hunt
2026-08-20 00:43:58,394 - INFO - Next message will be sent in 2.7 seconds: owo battle
2026-08-20 00:44:05,078 - INFO - Typed message: owo use 75 65 54
2026-08-20 00:44:05,078 - INFO - Message sent: owo use 75 65 54
2026-08-20 00:44:05,703 - INFO - Next message will be sent in 2.5 seconds: owo hunt
2026-08-20 00:44:07,504 - INFO - Typed message: owo battle
2026-08-20 00:44:07,505 - INFO - Message sent: owo battle
2026-08-20 00:44:07,952 - INFO - Next message will be sent in 2.3 seconds: owo sell all
2026-08-20 00:44:14,091 - INFO - Typed message: owo hunt
2026-08-20 00:44:14,093 - INFO - Message sent: owo hunt
2026-08-20 00:44:14,322 - INFO - Next message will be sent in 2.4 seconds: owo battle
2026-08-20 00:44:15,828 - INFO - Typed message: owo sell all
2026-08-20 00:44:15,832 - INFO - Message sent: owo sell all
2026-08-20 00:44:16,358 - INFO - Next message will be sent in 2.6 seconds: owo cf 3
2026-08-20 00:44:21,399 - INFO - Typed message: owo battle
2026-08-20 00:44:21,399 - INFO - Message sent: owo battle
2026-08-20 00:44:21,899 - INFO - Next message will be sent in 2.0 seconds: owo sell all
2026-08-20 00:44:24,322 - INFO - Typed message: owo cf 3
2026-08-20 00:44:24,322 - INFO - Message sent: owo cf 3
2026-08-20 00:44:24,704 - INFO - Next message will be sent in 2.4 seconds: owo use 75 65 54
2026-08-20 00:44:30,107 - INFO - Typed message: owo sell all
2026-08-20 00:44:30,107 - INFO - Message sent: owo sell all
2026-08-20 00:44:30,700 - INFO - Next message will be sent in 2.3 seconds: owo cf 3
2026-08-20 00:44:33,911 - INFO - Typed message: owo use 75 65 54
2026-08-20 00:44:33,911 - INFO - Message sent: owo use 75 65 54
2026-08-20 00:44:34,430 - INFO - Next message will be sent in 2.9 seconds: owo hunt
2026-08-20 00:44:37,575 - INFO - Typed message: owo cf 3
2026-08-20 00:44:37,575 - INFO - Message sent: owo cf 3
2026-08-20 00:44:37,825 - INFO - Next message will be sent in 2.4 seconds: owo use 75 65 54
2026-08-20 00:44:43,053 - INFO - Typed message: owo hunt
2026-08-20 00:44:43,053 - INFO - Message sent: owo hunt
2026-08-20 00:44:43,292 - INFO - Next message will be sent in 2.4 seconds: owo battle
2026-08-20 00:44:46,013 - INFO - Typed message: owo use 75 65 54
2026-08-20 00:44:46,013 - INFO - Message sent: owo use 75 65 54
2026-08-20 00:44:46,616 - INFO - Next message will be sent in 2.1 seconds: owo hunt
2026-08-20 00:44:51,776 - INFO - Typed message: owo battle
2026-08-20 00:44:51,779 - INFO - Message sent: owo battle
2026-08-20 00:44:52,310 - INFO - Next message will be sent in 2.2 seconds: owo sell all
2026-08-20 00:44:53,292 - INFO - Typed message: owo hunt
2026-08-20 00:44:53,292 - INFO - Message sent: owo hunt
2026-08-20 00:44:54,050 - INFO - Next message will be sent in 2.8 seconds: owo battle
2026-08-20 00:44:59,958 - INFO - Typed message: owo sell all
2026-08-20 00:44:59,958 - INFO - Message sent: owo sell all
2026-08-20 00:45:00,629 - INFO - Next message will be sent in 2.9 seconds: owo cf 3
2026-08-20 00:45:02,748 - INFO - Typed message: owo battle
2026-08-20 00:45:02,748 - INFO - Message sent: owo battle
2026-08-20 00:45:03,375 - INFO - Next message will be sent in 2.2 seconds: owo sell all
2026-08-20 00:45:08,981 - INFO - Typed message: owo cf 3
2026-08-20 00:45:08,981 - INFO - Message sent: owo cf 3
2026-08-20 00:45:09,243 - INFO - Next message will be sent in 2.9 seconds: owo use 75 65 54
2026-08-20 00:45:11,135 - INFO - Typed message: owo sell all
2026-08-20 00:45:11,135 - INFO - Message sent: owo sell all
2026-08-20 00:45:11,765 - INFO - Next message will be sent in 2.4 seconds: owo cf 3
2026-08-20 00:45:18,796 - INFO - Typed message: owo use 75 65 54
2026-08-20 00:45:18,796 - INFO - Message sent: owo use 75 65 54
2026-08-20 00:45:19,391 - INFO - Next message will be sent in 2.2 seconds: owo hunt
2026-08-20 00:45:20,149 - INFO - Typed message: owo cf 3
2026-08-20 00:45:20,149 - INFO - Message sent: owo cf 3
2026-08-20 00:45:20,517 - INFO - Next message will be sent in 2.5 seconds: owo use 75 65 54
2026-08-20 00:45:27,110 - INFO - Typed message: owo hunt
2026-08-20 00:45:27,116 - INFO - Message sent: owo hunt
2026-08-20 00:45:27,819 - INFO - Next message will be sent in 2.5 seconds: owo battle
2026-08-20 00:45:29,339 - INFO - Typed message: owo use 75 65 54
2026-08-20 00:45:29,341 - INFO - Message sent: owo use 75 65 54
2026-08-20 00:45:29,798 - INFO - Next message will be sent in 3.0 seconds: owo hunt
2026-08-20 00:45:35,991 - INFO - Typed message: owo battle
2026-08-20 00:45:35,993 - INFO - Message sent: owo battle
2026-08-20 00:45:36,567 - INFO - Next message will be sent in 3.0 seconds: owo sell all
2026-08-20 00:45:37,472 - INFO - Typed message: owo hunt
2026-08-20 00:45:37,472 - INFO - Message sent: owo hunt
2026-08-20 00:45:38,216 - INFO - Next message will be sent in 2.9 seconds: owo battle
2026-08-20 00:45:45,310 - INFO - Typed message: owo sell all
2026-08-20 00:45:45,310 - INFO - Message sent: owo sell all
2026-08-20 00:45:45,538 - INFO - Next message will be sent in 2.3 seconds: owo cf 3
2026-08-20 00:45:45,919 - INFO - Typed message: owo battle
2026-08-20 00:45:45,919 - INFO - Message sent: owo battle
2026-08-20 00:45:46,334 - INFO - Next message will be sent in 2.4 seconds: owo sell all
2026-08-20 00:45:52,650 - INFO - Typed message: owo cf 3
2026-08-20 00:45:52,650 - INFO - Message sent: owo cf 3
2026-08-20 00:45:53,269 - INFO - Next message will be sent in 2.7 seconds: owo use 75 65 54
2026-08-20 00:45:54,991 - INFO - Typed message: owo sell all
2026-08-20 00:45:54,991 - INFO - Message sent: owo sell all
2026-08-20 00:45:55,765 - INFO - Next message will be sent in 2.6 seconds: owo cf 3
2026-08-20 00:46:01,505 - INFO - Typed message: owo use 75 65 54
2026-08-20 00:46:01,505 - INFO - Message sent: owo use 75 65 54
2026-08-20 00:46:01,840 - INFO - Next message will be sent in 2.8 seconds: owo hunt
2026-08-20 00:46:02,468 - INFO - Typed message: owo cf 3
2026-08-20 00:46:02,473 - INFO - Message sent: owo cf 3
2026-08-20 00:46:02,758 - INFO - Next message will be sent in 2.3 seconds: owo use 75 65 54
2026-08-20 00:46:10,144 - INFO - Typed message: owo use 75 65 54
2026-08-20 00:46:10,145 - INFO - Typed message: owo hunt
2026-08-20 00:46:10,146 - INFO - Message sent: owo use 75 65 54
2026-08-20 00:46:10,146 - INFO - Message sent: owo hunt
2026-08-20 00:46:10,776 - INFO - Next message will be sent in 2.3 seconds: owo hunt
2026-08-20 00:46:10,809 - INFO - Next message will be sent in 2.1 seconds: owo battle
2026-08-20 00:46:18,178 - INFO - Typed message: owo battle
2026-08-20 00:46:18,178 - INFO - Message sent: owo battle
2026-08-20 00:46:18,445 - INFO - Next message will be sent in 2.3 seconds: owo sell all
2026-08-20 00:46:18,751 - INFO - Typed message: owo hunt
2026-08-20 00:46:18,751 - INFO - Message sent: owo hunt
2026-08-20 00:46:19,277 - INFO - Next message will be sent in 2.9 seconds: owo battle
2026-08-20 00:46:27,310 - INFO - Typed message: owo sell all
2026-08-20 00:46:27,312 - INFO - Message sent: owo sell all
2026-08-20 00:46:27,734 - INFO - Next message will be sent in 2.2 seconds: owo cf 3
2026-08-20 00:46:28,353 - INFO - Typed message: owo battle
2026-08-20 00:46:28,353 - INFO - Message sent: owo battle
2026-08-20 00:46:28,646 - INFO - Next message will be sent in 2.5 seconds: owo sell all
2026-08-20 00:46:34,554 - INFO - Typed message: owo cf 3
2026-08-20 00:46:34,554 - INFO - Message sent: owo cf 3
2026-08-20 00:46:35,037 - INFO - Next message will be sent in 2.8 seconds: owo use 75 65 54
2026-08-20 00:46:36,069 - INFO - Typed message: owo sell all
2026-08-20 00:46:36,070 - INFO - Message sent: owo sell all
2026-08-20 00:46:36,541 - INFO - Next message will be sent in 2.8 seconds: owo cf 3
2026-08-20 00:46:43,946 - INFO - Typed message: owo use 75 65 54
2026-08-20 00:46:43,946 - INFO - Message sent: owo use 75 65 54
2026-08-20 00:46:44,712 - INFO - Next message will be sent in 2.3 seconds: owo hunt
2026-08-20 00:46:45,457 - INFO - Typed message: owo cf 3
2026-08-20 00:46:45,457 - INFO - Message sent: owo cf 3
2026-08-20 00:46:46,215 - INFO - Next message will be sent in 2.3 seconds: owo use 75 65 54
2026-08-20 00:46:51,856 - INFO - Typed message: owo hunt
2026-08-20 00:46:51,856 - INFO - Message sent: owo hunt
2026-08-20 00:46:52,544 - INFO - Next message will be sent in 2.5 seconds: owo battle
2026-08-20 00:46:55,279 - INFO - Typed message: owo use 75 65 54
2026-08-20 00:46:55,279 - INFO - Message sent: owo use 75 65 54
2026-08-20 00:46:55,782 - INFO - Next message will be sent in 2.0 seconds: owo hunt
2026-08-20 00:47:00,715 - INFO - Typed message: owo battle
2026-08-20 00:47:00,715 - INFO - Message sent: owo battle
2026-08-20 00:47:01,479 - INFO - Next message will be sent in 2.6 seconds: owo sell all
2026-08-20 00:47:02,811 - INFO - Typed message: owo hunt
2026-08-20 00:47:02,811 - INFO - Message sent: owo hunt
2026-08-20 00:47:03,056 - INFO - Next message will be sent in 2.5 seconds: owo battle
2026-08-20 00:47:09,411 - INFO - Typed message: owo sell all
2026-08-20 00:47:09,413 - INFO - Message sent: owo sell all
2026-08-20 00:47:09,823 - INFO - Next message will be sent in 2.5 seconds: owo cf 3
2026-08-20 00:47:11,032 - INFO - Typed message: owo battle
2026-08-20 00:47:11,032 - INFO - Message sent: owo battle
2026-08-20 00:47:11,647 - INFO - Next message will be sent in 2.2 seconds: owo sell all
2026-08-20 00:47:17,439 - INFO - Typed message: owo cf 3
2026-08-20 00:47:17,439 - INFO - Message sent: owo cf 3
2026-08-20 00:47:18,229 - INFO - Next message will be sent in 2.5 seconds: owo use 75 65 54
2026-08-20 00:47:19,110 - INFO - Typed message: owo sell all
2026-08-20 00:47:19,111 - INFO - Message sent: owo sell all
2026-08-20 00:47:19,594 - INFO - Next message will be sent in 2.3 seconds: owo cf 3
2026-08-20 00:47:26,055 - INFO - Typed message: owo cf 3
2026-08-20 00:47:26,055 - INFO - Message sent: owo cf 3
2026-08-20 00:47:26,461 - INFO - Next message will be sent in 2.6 seconds: owo use 75 65 54
2026-08-20 00:47:27,525 - INFO - Typed message: owo use 75 65 54
2026-08-20 00:47:27,525 - INFO - Message sent: owo use 75 65 54
2026-08-20 00:47:27,945 - INFO - Next message will be sent in 2.9 seconds: owo hunt
2026-08-20 00:47:33,722 - INFO - Typed message: owo use 75 65 54
2026-08-20 00:47:33,723 - INFO - Message sent: owo use 75 65 54
2026-08-20 00:47:33,962 - INFO - Next message will be sent in 2.1 seconds: owo hunt
2026-08-20 00:47:34,906 - INFO - Typed message: owo hunt
2026-08-20 00:47:34,906 - INFO - Message sent: owo hunt
2026-08-20 00:47:35,413 - INFO - Next message will be sent in 2.3 seconds: owo battle
2026-08-20 00:47:40,870 - INFO - Typed message: owo hunt
2026-08-20 00:47:40,872 - INFO - Message sent: owo hunt
2026-08-20 00:47:41,170 - INFO - Next message will be sent in 2.9 seconds: owo battle
2026-08-20 00:47:43,081 - INFO - Typed message: owo battle
2026-08-20 00:47:43,081 - INFO - Message sent: owo battle
2026-08-20 00:47:43,549 - INFO - Next message will be sent in 2.9 seconds: owo sell all
2026-08-20 00:47:50,232 - INFO - Typed message: owo battle
2026-08-20 00:47:50,232 - INFO - Message sent: owo battle
2026-08-20 00:47:50,568 - INFO - Next message will be sent in 2.8 seconds: owo sell all
2026-08-20 00:47:52,664 - INFO - Typed message: owo sell all
2026-08-20 00:47:52,664 - INFO - Message sent: owo sell all
2026-08-20 00:47:53,226 - INFO - Next message will be sent in 2.1 seconds: owo cf 3
2026-08-20 00:47:58,826 - INFO - Typed message: owo sell all
2026-08-20 00:47:58,826 - INFO - Message sent: owo sell all
2026-08-20 00:47:59,537 - INFO - Next message will be sent in 2.2 seconds: owo cf 3
2026-08-20 00:47:59,906 - INFO - Typed message: owo cf 3
2026-08-20 00:47:59,906 - INFO - Message sent: owo cf 3
2026-08-20 00:48:00,586 - INFO - Next message will be sent in 2.5 seconds: owo use 75 65 54
2026-08-20 00:48:06,610 - INFO - Typed message: owo cf 3
2026-08-20 00:48:06,610 - INFO - Message sent: owo cf 3
2026-08-20 00:48:07,193 - INFO - Next message will be sent in 2.0 seconds: owo use 75 65 54
2026-08-20 00:48:09,631 - INFO - Typed message: owo use 75 65 54
2026-08-20 00:48:09,631 - INFO - Message sent: owo use 75 65 54
2026-08-20 00:48:10,184 - INFO - Next message will be sent in 3.0 seconds: owo hunt
2026-08-20 00:48:15,084 - INFO - Typed message: owo use 75 65 54
2026-08-20 00:48:15,084 - INFO - Message sent: owo use 75 65 54
2026-08-20 00:48:15,583 - INFO - Next message will be sent in 3.0 seconds: owo hunt
2026-08-20 00:48:17,232 - INFO - Typed message: owo hunt
2026-08-20 00:48:17,233 - INFO - Message sent: owo hunt
2026-08-20 00:48:17,759 - INFO - Next message will be sent in 2.3 seconds: owo battle
2026-08-20 00:48:23,736 - INFO - Typed message: owo hunt
2026-08-20 00:48:23,738 - INFO - Message sent: owo hunt
2026-08-20 00:48:24,229 - INFO - Next message will be sent in 2.2 seconds: owo battle
2026-08-20 00:48:24,805 - INFO - Typed message: owo battle
2026-08-20 00:48:24,805 - INFO - Message sent: owo battle
2026-08-20 00:48:25,351 - INFO - Next message will be sent in 2.1 seconds: owo sell all
2026-08-20 00:48:31,417 - INFO - Typed message: owo battle
2026-08-20 00:48:31,417 - INFO - Message sent: owo battle
2026-08-20 00:48:31,882 - INFO - Next message will be sent in 2.5 seconds: owo sell all
2026-08-20 00:48:33,760 - INFO - Typed message: owo sell all
2026-08-20 00:48:33,766 - INFO - Message sent: owo sell all
2026-08-20 00:48:34,030 - INFO - Next message will be sent in 2.0 seconds: owo cf 3
2026-08-20 00:48:39,325 - INFO - Typed message: owo sell all
2026-08-20 00:48:39,325 - INFO - Message sent: owo sell all
2026-08-20 00:48:39,682 - INFO - Next message will be sent in 2.4 seconds: owo cf 3
2026-08-20 00:48:40,747 - INFO - Typed message: owo cf 3
2026-08-20 00:48:40,749 - INFO - Message sent: owo cf 3
2026-08-20 00:48:41,284 - INFO - Next message will be sent in 2.4 seconds: owo use 75 65 54
2026-08-20 00:48:48,032 - INFO - Typed message: owo cf 3
2026-08-20 00:48:48,032 - INFO - Message sent: owo cf 3
2026-08-20 00:48:48,725 - INFO - Next message will be sent in 2.5 seconds: owo use 75 65 54
2026-08-20 00:48:49,982 - INFO - Typed message: owo use 75 65 54
2026-08-20 00:48:49,982 - INFO - Message sent: owo use 75 65 54
2026-08-20 00:48:50,727 - INFO - Next message will be sent in 2.8 seconds: owo hunt
2026-08-20 00:48:58,320 - INFO - Typed message: owo use 75 65 54
2026-08-20 00:48:58,320 - INFO - Message sent: owo use 75 65 54
2026-08-20 00:48:58,872 - INFO - Next message will be sent in 2.0 seconds: owo hunt
2026-08-20 00:48:59,300 - INFO - Typed message: owo hunt
2026-08-20 00:48:59,301 - INFO - Message sent: owo hunt
2026-08-20 00:48:59,739 - INFO - Next message will be sent in 3.0 seconds: owo battle
2026-08-20 00:49:06,897 - INFO - Typed message: owo hunt
2026-08-20 00:49:06,897 - INFO - Message sent: owo hunt
2026-08-20 00:49:07,383 - INFO - Next message will be sent in 2.1 seconds: owo battle
2026-08-20 00:49:08,363 - INFO - Typed message: owo battle
2026-08-20 00:49:08,363 - INFO - Message sent: owo battle
2026-08-20 00:49:08,608 - INFO - Next message will be sent in 2.8 seconds: owo sell all
2026-08-20 00:49:14,378 - INFO - Typed message: owo battle
2026-08-20 00:49:14,378 - INFO - Message sent: owo battle
2026-08-20 00:49:14,943 - INFO - Next message will be sent in 2.8 seconds: owo sell all
2026-08-20 00:49:18,083 - INFO - Typed message: owo sell all
2026-08-20 00:49:18,083 - INFO - Message sent: owo sell all
2026-08-20 00:49:18,637 - INFO - Next message will be sent in 2.2 seconds: owo cf 3
2026-08-20 00:49:24,492 - INFO - Typed message: owo sell all
2026-08-20 00:49:24,492 - INFO - Message sent: owo sell all
2026-08-20 00:49:25,248 - INFO - Next message will be sent in 2.2 seconds: owo cf 3
2026-08-20 00:49:26,007 - INFO - Typed message: owo cf 3
2026-08-20 00:49:26,009 - INFO - Message sent: owo cf 3
2026-08-20 00:49:26,785 - INFO - Next message will be sent in 3.0 seconds: owo use 75 65 54
2026-08-20 00:49:32,363 - INFO - Typed message: owo cf 3
2026-08-20 00:49:32,363 - INFO - Message sent: owo cf 3
2026-08-20 00:49:32,686 - INFO - Next message will be sent in 2.1 seconds: owo use 75 65 54
2026-08-20 00:49:36,737 - INFO - Typed message: owo use 75 65 54
2026-08-20 00:49:36,737 - INFO - Message sent: owo use 75 65 54
2026-08-20 00:49:37,040 - INFO - Next message will be sent in 2.4 seconds: owo hunt
2026-08-20 00:49:41,325 - INFO - Typed message: owo use 75 65 54
2026-08-20 00:49:41,325 - INFO - Message sent: owo use 75 65 54
2026-08-20 00:49:41,751 - INFO - Next message will be sent in 2.8 seconds: owo hunt
2026-08-20 00:49:44,422 - INFO - Typed message: owo hunt
2026-08-20 00:49:44,422 - INFO - Message sent: owo hunt
2026-08-20 00:49:44,692 - INFO - Next message will be sent in 2.7 seconds: owo battle
2026-08-20 00:49:49,333 - INFO - Typed message: owo hunt
2026-08-20 00:49:49,335 - INFO - Message sent: owo hunt
2026-08-20 00:49:49,789 - INFO - Next message will be sent in 2.6 seconds: owo battle
2026-08-20 00:49:52,879 - INFO - Typed message: owo battle
2026-08-20 00:49:52,882 - INFO - Message sent: owo battle
2026-08-20 00:49:53,337 - INFO - Next message will be sent in 2.0 seconds: owo sell all
2026-08-20 00:49:56,547 - INFO - Typed message: owo battle
2026-08-20 00:49:56,547 - INFO - Message sent: owo battle
2026-08-20 00:49:56,921 - INFO - Next message will be sent in 2.5 seconds: owo sell all
2026-08-20 00:50:01,862 - INFO - Typed message: owo sell all
2026-08-20 00:50:01,862 - INFO - Message sent: owo sell all
2026-08-20 00:50:02,595 - INFO - Next message will be sent in 2.2 seconds: owo cf 3
2026-08-20 00:50:05,115 - INFO - Typed message: owo sell all
2026-08-20 00:50:05,115 - INFO - Message sent: owo sell all
2026-08-20 00:50:05,572 - INFO - Next message will be sent in 2.4 seconds: owo cf 3
2026-08-20 00:50:10,047 - INFO - Typed message: owo cf 3
2026-08-20 00:50:10,049 - INFO - Message sent: owo cf 3
2026-08-20 00:50:10,733 - INFO - Next message will be sent in 2.3 seconds: owo use 75 65 54
2026-08-20 00:50:13,099 - INFO - Typed message: owo cf 3
2026-08-20 00:50:13,100 - INFO - Message sent: owo cf 3
2026-08-20 00:50:13,303 - INFO - Next message will be sent in 2.6 seconds: owo use 75 65 54
2026-08-20 00:50:18,761 - INFO - Typed message: owo use 75 65 54
2026-08-20 00:50:18,761 - INFO - Message sent: owo use 75 65 54
2026-08-20 00:50:19,209 - INFO - Next message will be sent in 2.2 seconds: owo hunt
2026-08-20 00:50:21,245 - INFO - Typed message: owo use 75 65 54
2026-08-20 00:50:21,253 - INFO - Message sent: owo use 75 65 54
2026-08-20 00:50:21,920 - INFO - Next message will be sent in 2.2 seconds: owo hunt
2026-08-20 00:50:27,424 - INFO - Typed message: owo hunt
2026-08-20 00:50:27,424 - INFO - Message sent: owo hunt
2026-08-20 00:50:27,654 - INFO - Next message will be sent in 2.8 seconds: owo battle
2026-08-20 00:50:29,567 - INFO - Typed message: owo hunt
2026-08-20 00:50:29,568 - INFO - Message sent: owo hunt
2026-08-20 00:50:30,211 - INFO - Next message will be sent in 2.3 seconds: owo battle
2026-08-20 00:50:36,832 - INFO - Typed message: owo battle
2026-08-20 00:50:36,833 - INFO - Message sent: owo battle
2026-08-20 00:50:37,431 - INFO - Typed message: owo battle
2026-08-20 00:50:37,431 - INFO - Message sent: owo battle
2026-08-20 00:50:37,564 - INFO - Next message will be sent in 2.9 seconds: owo sell all
2026-08-20 00:50:37,854 - INFO - Next message will be sent in 2.7 seconds: owo sell all
2026-08-20 00:50:47,128 - INFO - Typed message: owo sell all
2026-08-20 00:50:47,129 - INFO - Message sent: owo sell all
2026-08-20 00:50:47,321 - INFO - Typed message: owo sell all
2026-08-20 00:50:47,321 - INFO - Message sent: owo sell all
2026-08-20 00:50:47,864 - INFO - Next message will be sent in 2.8 seconds: owo cf 3
2026-08-20 00:50:48,071 - INFO - Next message will be sent in 2.7 seconds: owo cf 3
2026-08-20 00:50:55,678 - INFO - Typed message: owo cf 3
2026-08-20 00:50:55,679 - INFO - Message sent: owo cf 3
2026-08-20 00:50:55,775 - INFO - Typed message: owo cf 3
2026-08-20 00:50:55,775 - INFO - Message sent: owo cf 3
2026-08-20 00:50:56,024 - INFO - Next message will be sent in 2.6 seconds: owo use 75 65 54
2026-08-20 00:50:56,077 - INFO - Next message will be sent in 2.1 seconds: owo use 75 65 54
2026-08-20 00:51:04,385 - INFO - Typed message: owo use 75 65 54
2026-08-20 00:51:04,385 - INFO - Message sent: owo use 75 65 54
2026-08-20 00:51:04,395 - INFO - Typed message: owo use 75 65 54
2026-08-20 00:51:04,395 - INFO - Message sent: owo use 75 65 54
2026-08-20 00:51:04,794 - INFO - Next message will be sent in 2.1 seconds: owo hunt
2026-08-20 00:51:05,054 - INFO - Next message will be sent in 2.9 seconds: owo hunt
2026-08-20 00:51:11,915 - INFO - Typed message: owo hunt
2026-08-20 00:51:11,915 - INFO - Message sent: owo hunt
2026-08-20 00:51:12,359 - INFO - Next message will be sent in 3.0 seconds: owo battle
2026-08-20 00:51:12,927 - INFO - Typed message: owo hunt
2026-08-20 00:51:12,927 - INFO - Message sent: owo hunt
2026-08-20 00:51:13,201 - INFO - Next message will be sent in 2.9 seconds: owo battle
2026-08-20 00:51:20,541 - INFO - Typed message: owo battle
2026-08-20 00:51:20,541 - INFO - Message sent: owo battle
2026-08-20 00:51:21,004 - INFO - Next message will be sent in 2.0 seconds: owo sell all
2026-08-20 00:51:22,386 - INFO - Typed message: owo battle
2026-08-20 00:51:22,388 - INFO - Message sent: owo battle
2026-08-20 00:51:22,853 - INFO - Next message will be sent in 2.8 seconds: owo sell all
2026-08-20 00:51:28,839 - INFO - Typed message: owo sell all
2026-08-20 00:51:28,850 - INFO - Message sent: owo sell all
2026-08-20 00:51:29,630 - INFO - Next message will be sent in 2.6 seconds: owo cf 3
2026-08-20 00:51:31,407 - INFO - Typed message: owo sell all
2026-08-20 00:51:31,407 - INFO - Message sent: owo sell all
2026-08-20 00:51:32,024 - INFO - Next message will be sent in 2.0 seconds: owo cf 3
2026-08-20 00:51:38,260 - INFO - Typed message: owo cf 3
2026-08-20 00:51:38,261 - INFO - Message sent: owo cf 3
2026-08-20 00:51:38,563 - INFO - Next message will be sent in 2.5 seconds: owo use 75 65 54
2026-08-20 00:51:39,979 - INFO - Typed message: owo cf 3
2026-08-20 00:51:39,980 - INFO - Message sent: owo cf 3
2026-08-20 00:51:40,780 - INFO - Next message will be sent in 2.8 seconds: owo use 75 65 54
2026-08-20 00:51:47,254 - INFO - Typed message: owo use 75 65 54
2026-08-20 00:51:47,254 - INFO - Message sent: owo use 75 65 54
2026-08-20 00:51:47,565 - INFO - Next message will be sent in 2.6 seconds: owo hunt
2026-08-20 00:51:49,389 - INFO - Typed message: owo use 75 65 54
2026-08-20 00:51:49,393 - INFO - Message sent: owo use 75 65 54
2026-08-20 00:51:50,191 - INFO - Next message will be sent in 2.6 seconds: owo hunt
2026-08-20 00:51:54,143 - INFO - Typed message: owo hunt
2026-08-20 00:51:54,143 - INFO - Message sent: owo hunt
2026-08-20 00:51:54,769 - INFO - Next message will be sent in 2.2 seconds: owo battle
2026-08-20 00:51:57,920 - INFO - Typed message: owo hunt
2026-08-20 00:51:57,920 - INFO - Message sent: owo hunt
2026-08-20 00:51:58,491 - INFO - Next message will be sent in 2.7 seconds: owo battle
2026-08-20 00:52:02,604 - INFO - Typed message: owo battle
2026-08-20 00:52:02,606 - INFO - Message sent: owo battle
2026-08-20 00:52:03,291 - INFO - Next message will be sent in 2.2 seconds: owo sell all
2026-08-20 00:52:06,673 - INFO - Typed message: owo battle
2026-08-20 00:52:06,674 - INFO - Message sent: owo battle
2026-08-20 00:52:07,331 - INFO - Next message will be sent in 2.6 seconds: owo sell all
2026-08-20 00:52:11,062 - INFO - Typed message: owo sell all
2026-08-20 00:52:11,062 - INFO - Message sent: owo sell all
2026-08-20 00:52:11,517 - INFO - Next message will be sent in 2.3 seconds: owo cf 3
2026-08-20 00:52:14,750 - INFO - Typed message: owo sell all
2026-08-20 00:52:14,750 - INFO - Message sent: owo sell all
2026-08-20 00:52:14,980 - INFO - Next message will be sent in 3.0 seconds: owo cf 3
2026-08-20 00:52:18,540 - INFO - Typed message: owo cf 3
2026-08-20 00:52:18,540 - INFO - Message sent: owo cf 3
2026-08-20 00:52:19,318 - INFO - Next message will be sent in 2.2 seconds: owo use 75 65 54
2026-08-20 00:52:24,074 - INFO - Typed message: owo cf 3
2026-08-20 00:52:24,074 - INFO - Message sent: owo cf 3
2026-08-20 00:52:24,612 - INFO - Next message will be sent in 2.1 seconds: owo use 75 65 54
2026-08-20 00:52:27,415 - INFO - Typed message: owo use 75 65 54
2026-08-20 00:52:27,415 - INFO - Message sent: owo use 75 65 54
2026-08-20 00:52:28,000 - INFO - Next message will be sent in 2.5 seconds: owo hunt
2026-08-20 00:52:33,790 - INFO - Typed message: owo use 75 65 54
2026-08-20 00:52:33,791 - INFO - Message sent: owo use 75 65 54
2026-08-20 00:52:34,093 - INFO - Next message will be sent in 2.8 seconds: owo hunt
2026-08-20 00:52:35,530 - INFO - Typed message: owo hunt
2026-08-20 00:52:35,530 - INFO - Message sent: owo hunt
2026-08-20 00:52:36,015 - INFO - Next message will be sent in 2.0 seconds: owo battle
2026-08-20 00:52:42,067 - INFO - Typed message: owo hunt
2026-08-20 00:52:42,067 - INFO - Message sent: owo hunt
2026-08-20 00:52:42,310 - INFO - Next message will be sent in 2.4 seconds: owo battle
2026-08-20 00:52:43,058 - INFO - Typed message: owo battle
2026-08-20 00:52:43,058 - INFO - Message sent: owo battle
2026-08-20 00:52:43,595 - INFO - Next message will be sent in 2.1 seconds: owo sell all
2026-08-20 00:52:49,842 - INFO - Typed message: owo battle
2026-08-20 00:52:49,842 - INFO - Message sent: owo battle
2026-08-20 00:52:50,131 - INFO - Next message will be sent in 2.2 seconds: owo sell all
2026-08-20 00:52:52,461 - INFO - Typed message: owo sell all
2026-08-20 00:52:52,461 - INFO - Message sent: owo sell all
2026-08-20 00:52:52,890 - INFO - Next message will be sent in 2.4 seconds: owo cf 3
2026-08-20 00:52:58,831 - INFO - Typed message: owo sell all
2026-08-20 00:52:58,831 - INFO - Message sent: owo sell all
2026-08-20 00:52:59,348 - INFO - Next message will be sent in 2.1 seconds: owo cf 3
2026-08-20 00:52:59,442 - INFO - Typed message: owo cf 3
2026-08-20 00:52:59,442 - INFO - Message sent: owo cf 3
2026-08-20 00:52:59,742 - INFO - Next message will be sent in 2.4 seconds: owo use 75 65 54
2026-08-20 00:53:06,050 - INFO - Typed message: owo cf 3
2026-08-20 00:53:06,052 - INFO - Message sent: owo cf 3
2026-08-20 00:53:06,797 - INFO - Next message will be sent in 2.4 seconds: owo use 75 65 54
2026-08-20 00:53:07,806 - INFO - Typed message: owo use 75 65 54
2026-08-20 00:53:07,806 - INFO - Message sent: owo use 75 65 54
2026-08-20 00:53:08,281 - INFO - Next message will be sent in 2.6 seconds: owo hunt
2026-08-20 00:53:16,154 - INFO - Typed message: owo use 75 65 54
2026-08-20 00:53:16,154 - INFO - Message sent: owo use 75 65 54
2026-08-20 00:53:16,343 - INFO - Typed message: owo hunt
2026-08-20 00:53:16,343 - INFO - Message sent: owo hunt
2026-08-20 00:53:16,665 - INFO - Next message will be sent in 2.4 seconds: owo hunt
2026-08-20 00:53:16,917 - INFO - Next message will be sent in 2.5 seconds: owo battle
2026-08-20 00:53:24,405 - INFO - Typed message: owo hunt
2026-08-20 00:53:24,406 - INFO - Message sent: owo hunt
2026-08-20 00:53:25,062 - INFO - Next message will be sent in 2.5 seconds: owo battle
2026-08-20 00:53:25,609 - INFO - Typed message: owo battle
2026-08-20 00:53:25,609 - INFO - Message sent: owo battle
2026-08-20 00:53:25,929 - INFO - Next message will be sent in 2.2 seconds: owo sell all
2026-08-20 00:53:33,354 - INFO - Typed message: owo sell all
2026-08-20 00:53:33,354 - INFO - Message sent: owo sell all
2026-08-20 00:53:33,386 - INFO - Typed message: owo battle
2026-08-20 00:53:33,386 - INFO - Message sent: owo battle
2026-08-20 00:53:33,981 - INFO - Next message will be sent in 2.0 seconds: owo cf 3
2026-08-20 00:53:34,186 - INFO - Next message will be sent in 2.7 seconds: owo sell all
2026-08-20 00:53:41,181 - INFO - Typed message: owo cf 3
2026-08-20 00:53:41,185 - INFO - Message sent: owo cf 3
2026-08-20 00:53:41,916 - INFO - Next message will be sent in 2.4 seconds: owo use 75 65 54
2026-08-20 00:53:42,824 - INFO - Typed message: owo sell all
2026-08-20 00:53:42,826 - INFO - Message sent: owo sell all
2026-08-20 00:53:43,400 - INFO - Next message will be sent in 2.0 seconds: owo cf 3
2026-08-20 00:53:51,153 - INFO - Typed message: owo cf 3
2026-08-20 00:53:51,156 - INFO - Message sent: owo cf 3
2026-08-20 00:53:51,189 - INFO - Typed message: owo use 75 65 54
2026-08-20 00:53:51,189 - INFO - Message sent: owo use 75 65 54
2026-08-20 00:53:51,405 - INFO - Next message will be sent in 2.7 seconds: owo hunt
2026-08-20 00:53:51,450 - INFO - Next message will be sent in 2.2 seconds: owo use 75 65 54
2026-08-20 00:53:59,422 - INFO - Typed message: owo hunt
2026-08-20 00:53:59,425 - INFO - Message sent: owo hunt
2026-08-20 00:53:59,956 - INFO - Next message will be sent in 2.2 seconds: owo battle
2026-08-20 00:54:00,320 - INFO - Typed message: owo use 75 65 54
2026-08-20 00:54:00,320 - INFO - Message sent: owo use 75 65 54
2026-08-20 00:54:00,706 - INFO - Next message will be sent in 2.1 seconds: owo hunt
2026-08-20 00:54:07,684 - INFO - Typed message: owo battle
2026-08-20 00:54:07,684 - INFO - Message sent: owo battle
2026-08-20 00:54:08,394 - INFO - Next message will be sent in 3.0 seconds: owo sell all
2026-08-20 00:54:08,526 - INFO - Typed message: owo hunt
2026-08-20 00:54:08,543 - INFO - Message sent: owo hunt
2026-08-20 00:54:08,992 - INFO - Next message will be sent in 2.5 seconds: owo battle
2026-08-20 00:54:17,628 - INFO - Typed message: owo battle
2026-08-20 00:54:17,628 - INFO - Message sent: owo battle
2026-08-20 00:54:17,788 - INFO - Typed message: owo sell all
2026-08-20 00:54:17,799 - INFO - Message sent: owo sell all
2026-08-20 00:54:18,248 - INFO - Next message will be sent in 2.6 seconds: owo cf 3
2026-08-20 00:54:18,277 - INFO - Next message will be sent in 2.3 seconds: owo sell all
2026-08-20 00:54:25,855 - INFO - Typed message: owo cf 3
2026-08-20 00:54:25,855 - INFO - Message sent: owo cf 3
2026-08-20 00:54:26,033 - INFO - Typed message: owo sell all
2026-08-20 00:54:26,034 - INFO - Message sent: owo sell all
2026-08-20 00:54:26,424 - INFO - Next message will be sent in 2.4 seconds: owo use 75 65 54
2026-08-20 00:54:26,791 - INFO - Next message will be sent in 2.1 seconds: owo cf 3
2026-08-20 00:54:34,507 - INFO - Typed message: owo cf 3
2026-08-20 00:54:34,507 - INFO - Message sent: owo cf 3
2026-08-20 00:54:34,626 - INFO - Typed message: owo use 75 65 54
2026-08-20 00:54:34,626 - INFO - Message sent: owo use 75 65 54
2026-08-20 00:54:34,959 - INFO - Next message will be sent in 2.2 seconds: owo use 75 65 54
2026-08-20 00:54:34,992 - INFO - Next message will be sent in 2.5 seconds: owo hunt
2026-08-20 00:54:41,820 - INFO - Typed message: owo hunt
2026-08-20 00:54:41,821 - INFO - Message sent: owo hunt
2026-08-20 00:54:42,492 - INFO - Next message will be sent in 2.7 seconds: owo battle
2026-08-20 00:54:44,358 - INFO - Typed message: owo use 75 65 54
2026-08-20 00:54:44,361 - INFO - Message sent: owo use 75 65 54
2026-08-20 00:54:44,777 - INFO - Next message will be sent in 2.9 seconds: owo hunt
2026-08-20 00:54:50,461 - INFO - Typed message: owo battle
2026-08-20 00:54:50,463 - INFO - Message sent: owo battle
2026-08-20 00:54:50,694 - INFO - Next message will be sent in 2.8 seconds: owo sell all
2026-08-20 00:54:52,967 - INFO - Typed message: owo hunt
2026-08-20 00:54:52,993 - INFO - Message sent: owo hunt
2026-08-20 00:54:53,546 - INFO - Next message will be sent in 2.1 seconds: owo battle
2026-08-20 00:54:58,722 - INFO - Typed message: owo sell all
2026-08-20 00:54:58,722 - INFO - Message sent: owo sell all
2026-08-20 00:54:59,488 - INFO - Next message will be sent in 2.0 seconds: owo cf 3
2026-08-20 00:55:00,402 - INFO - Typed message: owo battle
2026-08-20 00:55:00,402 - INFO - Message sent: owo battle
2026-08-20 00:55:00,937 - INFO - Next message will be sent in 2.6 seconds: owo sell all
2026-08-20 00:55:06,543 - INFO - Typed message: owo cf 3
2026-08-20 00:55:06,544 - INFO - Message sent: owo cf 3
2026-08-20 00:55:07,264 - INFO - Next message will be sent in 2.4 seconds: owo use 75 65 54
2026-08-20 00:55:08,386 - INFO - Typed message: owo sell all
2026-08-20 00:55:08,387 - INFO - Message sent: owo sell all
2026-08-20 00:55:08,874 - INFO - Next message will be sent in 2.6 seconds: owo cf 3
2026-08-20 00:55:15,919 - INFO - Typed message: owo cf 3
2026-08-20 00:55:15,922 - INFO - Message sent: owo cf 3
2026-08-20 00:55:16,187 - INFO - Next message will be sent in 2.2 seconds: owo use 75 65 54
2026-08-20 00:55:16,687 - INFO - Typed message: owo use 75 65 54
2026-08-20 00:55:16,687 - INFO - Message sent: owo use 75 65 54
2026-08-20 00:55:16,969 - INFO - Next message will be sent in 2.8 seconds: owo hunt
2026-08-20 00:55:23,837 - INFO - Typed message: owo hunt
2026-08-20 00:55:23,837 - INFO - Message sent: owo hunt
2026-08-20 00:55:24,385 - INFO - Next message will be sent in 2.2 seconds: owo battle
2026-08-20 00:55:24,573 - INFO - Typed message: owo use 75 65 54
2026-08-20 00:55:24,574 - INFO - Message sent: owo use 75 65 54
2026-08-20 00:55:25,210 - INFO - Next message will be sent in 2.7 seconds: owo hunt
2026-08-20 00:55:31,020 - INFO - Typed message: owo battle
2026-08-20 00:55:31,020 - INFO - Message sent: owo battle
2026-08-20 00:55:31,287 - INFO - Next message will be sent in 3.0 seconds: owo sell all
2026-08-20 00:55:33,549 - INFO - Typed message: owo hunt
2026-08-20 00:55:33,550 - INFO - Message sent: owo hunt
2026-08-20 00:55:33,861 - INFO - Next message will be sent in 2.5 seconds: owo battle
2026-08-20 00:55:39,571 - INFO - Typed message: owo sell all
2026-08-20 00:55:39,574 - INFO - Message sent: owo sell all
2026-08-20 00:55:40,262 - INFO - Next message will be sent in 2.2 seconds: owo cf 3
2026-08-20 00:55:42,307 - INFO - Typed message: owo battle
2026-08-20 00:55:42,307 - INFO - Message sent: owo battle
2026-08-20 00:55:43,029 - INFO - Next message will be sent in 2.3 seconds: owo sell all
2026-08-20 00:55:46,774 - INFO - Typed message: owo cf 3
2026-08-20 00:55:46,774 - INFO - Message sent: owo cf 3
2026-08-20 00:55:47,301 - INFO - Next message will be sent in 2.2 seconds: owo use 75 65 54
2026-08-20 00:55:52,050 - INFO - Typed message: owo sell all
2026-08-20 00:55:52,050 - INFO - Message sent: owo sell all
2026-08-20 00:55:52,397 - INFO - Next message will be sent in 2.9 seconds: owo cf 3
2026-08-20 00:55:56,070 - INFO - Typed message: owo use 75 65 54
2026-08-20 00:55:56,070 - INFO - Message sent: owo use 75 65 54
2026-08-20 00:55:56,494 - INFO - Next message will be sent in 2.6 seconds: owo hunt
2026-08-20 00:56:01,192 - INFO - Typed message: owo cf 3
2026-08-20 00:56:01,192 - INFO - Message sent: owo cf 3
2026-08-20 00:56:01,575 - INFO - Next message will be sent in 2.8 seconds: owo use 75 65 54
2026-08-20 00:56:03,276 - INFO - Typed message: owo hunt
2026-08-20 00:56:03,276 - INFO - Message sent: owo hunt
2026-08-20 00:56:03,977 - INFO - Next message will be sent in 2.4 seconds: owo battle
2026-08-20 00:56:10,425 - INFO - Typed message: owo battle
2026-08-20 00:56:10,425 - INFO - Message sent: owo battle
2026-08-20 00:56:10,859 - INFO - Next message will be sent in 2.5 seconds: owo sell all
2026-08-20 00:56:11,275 - INFO - Typed message: owo use 75 65 54
2026-08-20 00:56:11,276 - INFO - Message sent: owo use 75 65 54
2026-08-20 00:56:11,868 - INFO - Next message will be sent in 2.2 seconds: owo hunt
2026-08-20 00:56:19,291 - INFO - Typed message: owo hunt
2026-08-20 00:56:19,292 - INFO - Message sent: owo hunt
2026-08-20 00:56:19,470 - INFO - Typed message: owo sell all
2026-08-20 00:56:19,470 - INFO - Message sent: owo sell all
2026-08-20 00:56:19,918 - INFO - Next message will be sent in 2.4 seconds: owo battle
2026-08-20 00:56:20,036 - INFO - Next message will be sent in 2.4 seconds: owo cf 3
2026-08-20 00:56:27,315 - INFO - Typed message: owo cf 3
2026-08-20 00:56:27,317 - INFO - Message sent: owo cf 3
2026-08-20 00:56:27,746 - INFO - Next message will be sent in 2.1 seconds: owo use 75 65 54
2026-08-20 00:56:28,464 - INFO - Typed message: owo battle
2026-08-20 00:56:28,465 - INFO - Message sent: owo battle
2026-08-20 00:56:28,773 - INFO - Next message will be sent in 2.5 seconds: owo sell all
2026-08-20 00:56:36,646 - INFO - Typed message: owo use 75 65 54
2026-08-20 00:56:36,646 - INFO - Message sent: owo use 75 65 54
2026-08-20 00:56:36,945 - INFO - Next message will be sent in 2.6 seconds: owo hunt
2026-08-20 00:56:37,490 - INFO - Typed message: owo sell all
2026-08-20 00:56:37,491 - INFO - Message sent: owo sell all
2026-08-20 00:56:37,705 - INFO - Next message will be sent in 2.0 seconds: owo cf 3
2026-08-20 00:56:44,172 - INFO - Typed message: owo cf 3
2026-08-20 00:56:44,173 - INFO - Message sent: owo cf 3
2026-08-20 00:56:44,209 - INFO - Typed message: owo hunt
2026-08-20 00:56:44,209 - INFO - Message sent: owo hunt
2026-08-20 00:56:44,671 - INFO - Next message will be sent in 2.6 seconds: owo use 75 65 54
2026-08-20 00:56:44,992 - INFO - Next message will be sent in 2.1 seconds: owo battle
2026-08-20 00:56:51,894 - INFO - Typed message: owo battle
2026-08-20 00:56:51,894 - INFO - Message sent: owo battle
2026-08-20 00:56:52,437 - INFO - Next message will be sent in 2.9 seconds: owo sell all
2026-08-20 00:56:53,403 - INFO - Typed message: owo use 75 65 54
2026-08-20 00:56:53,404 - INFO - Message sent: owo use 75 65 54
2026-08-20 00:56:54,113 - INFO - Next message will be sent in 2.5 seconds: owo hunt
2026-08-20 00:57:00,151 - INFO - Typed message: owo sell all
2026-08-20 00:57:00,168 - INFO - Message sent: owo sell all
2026-08-20 00:57:00,930 - INFO - Next message will be sent in 2.4 seconds: owo cf 3
2026-08-20 00:57:02,649 - INFO - Typed message: owo hunt
2026-08-20 00:57:02,649 - INFO - Message sent: owo hunt
2026-08-20 00:57:03,343 - INFO - Next message will be sent in 2.5 seconds: owo battle
2026-08-20 00:57:08,599 - INFO - Typed message: owo cf 3
2026-08-20 00:57:08,599 - INFO - Message sent: owo cf 3
2026-08-20 00:57:09,245 - INFO - Next message will be sent in 2.7 seconds: owo use 75 65 54
2026-08-20 00:57:10,681 - INFO - Typed message: owo battle
2026-08-20 00:57:10,681 - INFO - Message sent: owo battle
2026-08-20 00:57:11,155 - INFO - Next message will be sent in 2.1 seconds: owo sell all
2026-08-20 00:57:17,924 - INFO - Typed message: owo sell all
2026-08-20 00:57:17,924 - INFO - Message sent: owo sell all
2026-08-20 00:57:18,297 - INFO - Next message will be sent in 2.6 seconds: owo cf 3
2026-08-20 00:57:18,797 - INFO - Typed message: owo use 75 65 54
2026-08-20 00:57:18,809 - INFO - Message sent: owo use 75 65 54
2026-08-20 00:57:19,061 - INFO - Next message will be sent in 2.5 seconds: owo hunt
2026-08-20 00:57:25,481 - INFO - Typed message: owo hunt
2026-08-20 00:57:25,481 - INFO - Message sent: owo hunt
2026-08-20 00:57:26,085 - INFO - Next message will be sent in 2.3 seconds: owo battle
2026-08-20 00:57:26,466 - INFO - Typed message: owo cf 3
2026-08-20 00:57:26,466 - INFO - Message sent: owo cf 3
2026-08-20 00:57:27,001 - INFO - Next message will be sent in 2.4 seconds: owo use 75 65 54
2026-08-20 00:57:33,011 - INFO - Typed message: owo battle
2026-08-20 00:57:33,028 - INFO - Message sent: owo battle
2026-08-20 00:57:33,724 - INFO - Next message will be sent in 2.2 seconds: owo sell all
2026-08-20 00:57:35,933 - INFO - Typed message: owo use 75 65 54
2026-08-20 00:57:35,934 - INFO - Message sent: owo use 75 65 54
2026-08-20 00:57:36,524 - INFO - Next message will be sent in 2.8 seconds: owo hunt
2026-08-20 00:57:42,177 - INFO - Typed message: owo sell all
2026-08-20 00:57:42,177 - INFO - Message sent: owo sell all
2026-08-20 00:57:42,838 - INFO - Next message will be sent in 2.4 seconds: owo cf 3
2026-08-20 00:57:45,382 - INFO - Typed message: owo hunt
2026-08-20 00:57:45,382 - INFO - Message sent: owo hunt
2026-08-20 00:57:46,083 - INFO - Next message will be sent in 3.0 seconds: owo battle
2026-08-20 00:57:50,054 - INFO - Typed message: owo cf 3
2026-08-20 00:57:50,054 - INFO - Message sent: owo cf 3
2026-08-20 00:57:50,402 - INFO - Next message will be sent in 3.0 seconds: owo use 75 65 54
2026-08-20 00:57:54,767 - INFO - Typed message: owo battle
2026-08-20 00:57:54,768 - INFO - Message sent: owo battle
2026-08-20 00:57:54,998 - INFO - Next message will be sent in 2.7 seconds: owo sell all
2026-08-20 00:57:59,368 - INFO - Typed message: owo use 75 65 54
2026-08-20 00:57:59,371 - INFO - Message sent: owo use 75 65 54
2026-08-20 00:57:59,656 - INFO - Next message will be sent in 2.2 seconds: owo hunt
2026-08-20 00:58:03,101 - INFO - Typed message: owo sell all
2026-08-20 00:58:03,101 - INFO - Message sent: owo sell all
2026-08-20 00:58:03,407 - INFO - Next message will be sent in 2.8 seconds: owo cf 3
2026-08-20 00:58:05,828 - INFO - Typed message: owo hunt
2026-08-20 00:58:05,828 - INFO - Message sent: owo hunt
2026-08-20 00:58:06,438 - INFO - Next message will be sent in 2.1 seconds: owo battle
2026-08-20 00:58:10,766 - INFO - Typed message: owo cf 3
2026-08-20 00:58:10,766 - INFO - Message sent: owo cf 3
2026-08-20 00:58:11,515 - INFO - Next message will be sent in 2.1 seconds: owo use 75 65 54
2026-08-20 00:58:13,514 - INFO - Typed message: owo battle
2026-08-20 00:58:13,514 - INFO - Message sent: owo battle
2026-08-20 00:58:13,949 - INFO - Next message will be sent in 2.5 seconds: owo sell all
2026-08-20 00:58:20,065 - INFO - Typed message: owo use 75 65 54
2026-08-20 00:58:20,065 - INFO - Message sent: owo use 75 65 54
2026-08-20 00:58:20,337 - INFO - Next message will be sent in 2.6 seconds: owo hunt
2026-08-20 00:58:21,325 - INFO - Typed message: owo sell all
2026-08-20 00:58:21,325 - INFO - Message sent: owo sell all
2026-08-20 00:58:21,857 - INFO - Next message will be sent in 2.3 seconds: owo cf 3
2026-08-20 00:58:27,331 - INFO - Typed message: owo hunt
2026-08-20 00:58:27,333 - INFO - Message sent: owo hunt
2026-08-20 00:58:28,051 - INFO - Next message will be sent in 2.3 seconds: owo battle
2026-08-20 00:58:28,637 - INFO - Typed message: owo cf 3
2026-08-20 00:58:28,641 - INFO - Message sent: owo cf 3
2026-08-20 00:58:29,161 - INFO - Next message will be sent in 2.8 seconds: owo use 75 65 54
2026-08-20 00:58:36,477 - INFO - Typed message: owo battle
2026-08-20 00:58:36,477 - INFO - Message sent: owo battle
2026-08-20 00:58:36,730 - INFO - Next message will be sent in 2.5 seconds: owo sell all
2026-08-20 00:58:37,553 - INFO - Typed message: owo use 75 65 54
2026-08-20 00:58:37,554 - INFO - Message sent: owo use 75 65 54
2026-08-20 00:58:37,873 - INFO - Next message will be sent in 2.6 seconds: owo hunt
2026-08-20 00:58:44,153 - INFO - Typed message: owo sell all
2026-08-20 00:58:44,154 - INFO - Message sent: owo sell all
2026-08-20 00:58:44,445 - INFO - Next message will be sent in 2.5 seconds: owo cf 3
2026-08-20 00:58:46,200 - INFO - Typed message: owo hunt
2026-08-20 00:58:46,200 - INFO - Message sent: owo hunt
2026-08-20 00:58:46,739 - INFO - Next message will be sent in 2.5 seconds: owo battle
2026-08-20 00:58:51,860 - INFO - Typed message: owo cf 3
2026-08-20 00:58:51,861 - INFO - Message sent: owo cf 3
2026-08-20 00:58:52,176 - INFO - Next message will be sent in 2.1 seconds: owo use 75 65 54
2026-08-20 00:58:55,444 - INFO - Typed message: owo battle
2026-08-20 00:58:55,444 - INFO - Message sent: owo battle
2026-08-20 00:58:55,991 - INFO - Next message will be sent in 2.1 seconds: owo sell all
2026-08-20 00:59:01,290 - INFO - Typed message: owo use 75 65 54
2026-08-20 00:59:01,293 - INFO - Message sent: owo use 75 65 54
2026-08-20 00:59:01,750 - INFO - Next message will be sent in 2.3 seconds: owo hunt
2026-08-20 00:59:03,168 - INFO - Typed message: owo sell all
2026-08-20 00:59:03,168 - INFO - Message sent: owo sell all
2026-08-20 00:59:03,756 - INFO - Next message will be sent in 2.2 seconds: owo cf 3
2026-08-20 00:59:09,817 - INFO - Typed message: owo hunt
2026-08-20 00:59:09,821 - INFO - Message sent: owo hunt
2026-08-20 00:59:10,069 - INFO - Next message will be sent in 2.6 seconds: owo battle
2026-08-20 00:59:11,445 - INFO - Typed message: owo cf 3
2026-08-20 00:59:11,445 - INFO - Message sent: owo cf 3
2026-08-20 00:59:11,655 - INFO - Next message will be sent in 2.2 seconds: owo use 75 65 54
2026-08-20 00:59:17,955 - INFO - Typed message: owo battle
2026-08-20 00:59:17,956 - INFO - Message sent: owo battle
2026-08-20 00:59:18,393 - INFO - Next message will be sent in 2.6 seconds: owo sell all
2026-08-20 00:59:19,325 - INFO - Typed message: owo use 75 65 54
2026-08-20 00:59:19,325 - INFO - Message sent: owo use 75 65 54
2026-08-20 00:59:19,995 - INFO - Next message will be sent in 2.3 seconds: owo hunt
2026-08-20 00:59:26,793 - INFO - Typed message: owo sell all
2026-08-20 00:59:26,793 - INFO - Message sent: owo sell all
2026-08-20 00:59:26,868 - INFO - Typed message: owo hunt
2026-08-20 00:59:26,868 - INFO - Message sent: owo hunt
2026-08-20 00:59:27,350 - INFO - Next message will be sent in 2.1 seconds: owo cf 3
2026-08-20 00:59:27,633 - INFO - Next message will be sent in 2.3 seconds: owo battle
2026-08-20 00:59:34,742 - INFO - Typed message: owo cf 3
2026-08-20 00:59:34,742 - INFO - Message sent: owo cf 3
2026-08-20 00:59:35,264 - INFO - Next message will be sent in 2.8 seconds: owo use 75 65 54
2026-08-20 00:59:35,663 - INFO - Typed message: owo battle
2026-08-20 00:59:35,663 - INFO - Message sent: owo battle
2026-08-20 00:59:36,237 - INFO - Next message will be sent in 2.9 seconds: owo sell all
2026-08-20 00:59:44,004 - INFO - Typed message: owo use 75 65 54
2026-08-20 00:59:44,016 - INFO - Message sent: owo use 75 65 54
2026-08-20 00:59:44,791 - INFO - Next message will be sent in 2.8 seconds: owo hunt
2026-08-20 00:59:45,763 - INFO - Typed message: owo sell all
2026-08-20 00:59:45,764 - INFO - Message sent: owo sell all
2026-08-20 00:59:45,976 - INFO - Next message will be sent in 2.9 seconds: owo cf 3
2026-08-20 00:59:52,493 - INFO - Typed message: owo hunt
2026-08-20 00:59:52,493 - INFO - Message sent: owo hunt
2026-08-20 00:59:53,174 - INFO - Next message will be sent in 2.9 seconds: owo battle
2026-08-20 00:59:54,010 - INFO - Typed message: owo cf 3
2026-08-20 00:59:54,010 - INFO - Message sent: owo cf 3
2026-08-20 00:59:54,338 - INFO - Next message will be sent in 2.3 seconds: owo use 75 65 54
2026-08-20 01:00:01,052 - INFO - Typed message: owo battle
2026-08-20 01:00:01,052 - INFO - Message sent: owo battle
2026-08-20 01:00:01,365 - INFO - Next message will be sent in 2.1 seconds: owo sell all
2026-08-20 01:00:02,631 - INFO - Typed message: owo use 75 65 54
2026-08-20 01:00:02,633 - INFO - Message sent: owo use 75 65 54
2026-08-20 01:00:02,884 - INFO - Next message will be sent in 2.7 seconds: owo hunt
2026-08-20 01:00:08,546 - INFO - Typed message: owo sell all
2026-08-20 01:00:08,550 - INFO - Message sent: owo sell all
2026-08-20 01:00:08,902 - INFO - Next message will be sent in 2.7 seconds: owo cf 3
2026-08-20 01:00:10,692 - INFO - Typed message: owo hunt
2026-08-20 01:00:10,692 - INFO - Message sent: owo hunt
2026-08-20 01:00:10,915 - INFO - Next message will be sent in 2.8 seconds: owo battle
2026-08-20 01:00:17,999 - INFO - Typed message: owo cf 3
2026-08-20 01:00:17,999 - INFO - Message sent: owo cf 3
2026-08-20 01:00:18,725 - INFO - Next message will be sent in 2.8 seconds: owo use 75 65 54
2026-08-20 01:00:19,938 - INFO - Typed message: owo battle
2026-08-20 01:00:19,938 - INFO - Message sent: owo battle
2026-08-20 01:00:20,625 - INFO - Next message will be sent in 2.8 seconds: owo sell all
2026-08-20 01:00:29,024 - INFO - Typed message: owo sell all
2026-08-20 01:00:29,024 - INFO - Message sent: owo sell all
2026-08-20 01:00:29,039 - INFO - Typed message: owo use 75 65 54
2026-08-20 01:00:29,039 - INFO - Message sent: owo use 75 65 54
2026-08-20 01:00:29,632 - INFO - Next message will be sent in 2.2 seconds: owo cf 3
2026-08-20 01:00:29,765 - INFO - Next message will be sent in 2.9 seconds: owo hunt
2026-08-20 01:00:37,565 - INFO - Typed message: owo cf 3
2026-08-20 01:00:37,570 - INFO - Message sent: owo cf 3
2026-08-20 01:00:38,030 - INFO - Next message will be sent in 2.8 seconds: owo use 75 65 54
2026-08-20 01:00:38,085 - INFO - Typed message: owo hunt
2026-08-20 01:00:38,085 - INFO - Message sent: owo hunt
2026-08-20 01:00:38,331 - INFO - Next message will be sent in 3.0 seconds: owo battle
2026-08-20 01:00:45,964 - INFO - Typed message: owo use 75 65 54
2026-08-20 01:00:45,964 - INFO - Message sent: owo use 75 65 54
2026-08-20 01:00:46,578 - INFO - Typed message: owo battle
2026-08-20 01:00:46,578 - INFO - Message sent: owo battle
2026-08-20 01:00:46,672 - INFO - Next message will be sent in 3.0 seconds: owo hunt
2026-08-20 01:00:47,248 - INFO - Next message will be sent in 2.6 seconds: owo sell all
2026-08-20 01:00:55,198 - INFO - Typed message: owo hunt
2026-08-20 01:00:55,198 - INFO - Message sent: owo hunt
2026-08-20 01:00:55,530 - INFO - Next message will be sent in 2.4 seconds: owo battle
2026-08-20 01:00:56,295 - INFO - Typed message: owo sell all
2026-08-20 01:00:56,296 - INFO - Message sent: owo sell all
2026-08-20 01:00:56,696 - INFO - Next message will be sent in 2.5 seconds: owo cf 3
2026-08-20 01:01:02,588 - INFO - Typed message: owo battle
2026-08-20 01:01:02,588 - INFO - Message sent: owo battle
2026-08-20 01:01:03,126 - INFO - Next message will be sent in 2.2 seconds: owo sell all
2026-08-20 01:01:03,518 - INFO - Typed message: owo cf 3
2026-08-20 01:01:03,532 - INFO - Message sent: owo cf 3
2026-08-20 01:01:04,184 - INFO - Next message will be sent in 2.8 seconds: owo use 75 65 54
2026-08-20 01:01:10,191 - INFO - Typed message: owo sell all
2026-08-20 01:01:10,191 - INFO - Message sent: owo sell all
2026-08-20 01:01:10,786 - INFO - Next message will be sent in 2.1 seconds: owo cf 3
2026-08-20 01:01:12,694 - INFO - Typed message: owo use 75 65 54
2026-08-20 01:01:12,694 - INFO - Message sent: owo use 75 65 54
2026-08-20 01:01:13,238 - INFO - Next message will be sent in 2.3 seconds: owo hunt
2026-08-20 01:01:17,687 - INFO - Typed message: owo cf 3
2026-08-20 01:01:17,687 - INFO - Message sent: owo cf 3
2026-08-20 01:01:17,975 - INFO - Next message will be sent in 2.7 seconds: owo use 75 65 54
2026-08-20 01:01:21,191 - INFO - Typed message: owo hunt
2026-08-20 01:01:21,191 - INFO - Message sent: owo hunt
2026-08-20 01:01:21,808 - INFO - Next message will be sent in 2.6 seconds: owo battle
2026-08-20 01:01:25,857 - INFO - Typed message: owo use 75 65 54
2026-08-20 01:01:25,857 - INFO - Message sent: owo use 75 65 54
2026-08-20 01:01:26,592 - INFO - Next message will be sent in 2.0 seconds: owo hunt
2026-08-20 01:01:28,911 - INFO - Typed message: owo battle
2026-08-20 01:01:28,911 - INFO - Message sent: owo battle
2026-08-20 01:01:29,595 - INFO - Next message will be sent in 2.5 seconds: owo sell all
2026-08-20 01:01:33,316 - INFO - Typed message: owo hunt
2026-08-20 01:01:33,317 - INFO - Message sent: owo hunt
2026-08-20 01:01:34,029 - INFO - Next message will be sent in 2.4 seconds: owo battle
2026-08-20 01:01:37,864 - INFO - Typed message: owo sell all
2026-08-20 01:01:37,864 - INFO - Message sent: owo sell all
2026-08-20 01:01:38,176 - INFO - Next message will be sent in 2.2 seconds: owo cf 3
2026-08-20 01:01:41,905 - INFO - Typed message: owo battle
2026-08-20 01:01:41,908 - INFO - Message sent: owo battle
2026-08-20 01:01:42,436 - INFO - Next message will be sent in 3.0 seconds: owo sell all
2026-08-20 01:01:46,550 - INFO - Typed message: owo cf 3
2026-08-20 01:01:46,550 - INFO - Message sent: owo cf 3
2026-08-20 01:01:47,295 - INFO - Next message will be sent in 2.6 seconds: owo use 75 65 54
2026-08-20 01:01:49,901 - INFO - Typed message: owo sell all
2026-08-20 01:01:49,942 - INFO - Message sent: owo sell all
2026-08-20 01:01:50,530 - INFO - Next message will be sent in 2.4 seconds: owo cf 3
2026-08-20 01:01:57,024 - INFO - Typed message: owo use 75 65 54
2026-08-20 01:01:57,024 - INFO - Message sent: owo use 75 65 54
2026-08-20 01:01:57,480 - INFO - Next message will be sent in 2.6 seconds: owo hunt
2026-08-20 01:01:58,149 - INFO - Typed message: owo cf 3
2026-08-20 01:01:58,149 - INFO - Message sent: owo cf 3
2026-08-20 01:01:58,671 - INFO - Next message will be sent in 2.3 seconds: owo use 75 65 54
2026-08-20 01:02:06,041 - INFO - Typed message: owo hunt
2026-08-20 01:02:06,043 - INFO - Message sent: owo hunt
2026-08-20 01:02:06,207 - INFO - Typed message: owo use 75 65 54
2026-08-20 01:02:06,207 - INFO - Message sent: owo use 75 65 54
2026-08-20 01:02:06,595 - INFO - Next message will be sent in 2.3 seconds: owo battle
2026-08-20 01:02:06,846 - INFO - Next message will be sent in 2.3 seconds: owo hunt
2026-08-20 01:02:13,142 - INFO - Typed message: owo hunt
2026-08-20 01:02:13,143 - INFO - Message sent: owo hunt
2026-08-20 01:02:13,183 - INFO - Typed message: owo battle
2026-08-20 01:02:13,184 - INFO - Message sent: owo battle
2026-08-20 01:02:13,715 - INFO - Next message will be sent in 2.5 seconds: owo sell all
2026-08-20 01:02:13,929 - INFO - Next message will be sent in 2.8 seconds: owo battle
2026-08-20 01:02:21,601 - INFO - Typed message: owo sell all
2026-08-20 01:02:21,602 - INFO - Message sent: owo sell all
2026-08-20 01:02:21,810 - INFO - Next message will be sent in 2.5 seconds: owo cf 3
2026-08-20 01:02:22,224 - INFO - Typed message: owo battle
2026-08-20 01:02:22,226 - INFO - Message sent: owo battle
2026-08-20 01:02:22,739 - INFO - Next message will be sent in 2.9 seconds: owo sell all
2026-08-20 01:02:28,589 - INFO - Typed message: owo cf 3
2026-08-20 01:02:28,594 - INFO - Message sent: owo cf 3
2026-08-20 01:02:29,133 - INFO - Next message will be sent in 2.4 seconds: owo use 75 65 54
2026-08-20 01:02:30,966 - INFO - Typed message: owo sell all
2026-08-20 01:02:30,966 - INFO - Message sent: owo sell all
2026-08-20 01:02:31,644 - INFO - Next message will be sent in 2.6 seconds: owo cf 3
2026-08-20 01:02:38,385 - INFO - Typed message: owo use 75 65 54
2026-08-20 01:02:38,385 - INFO - Message sent: owo use 75 65 54
2026-08-20 01:02:38,993 - INFO - Next message will be sent in 2.2 seconds: owo hunt
2026-08-20 01:02:39,401 - INFO - Typed message: owo cf 3
2026-08-20 01:02:39,401 - INFO - Message sent: owo cf 3
2026-08-20 01:02:40,085 - INFO - Next message will be sent in 2.5 seconds: owo use 75 65 54
2026-08-20 01:02:47,060 - INFO - Typed message: owo hunt
2026-08-20 01:02:47,060 - INFO - Message sent: owo hunt
2026-08-20 01:02:47,441 - INFO - Next message will be sent in 2.3 seconds: owo battle
2026-08-20 01:02:48,833 - INFO - Typed message: owo use 75 65 54
2026-08-20 01:02:48,833 - INFO - Message sent: owo use 75 65 54
2026-08-20 01:02:49,432 - INFO - Next message will be sent in 2.1 seconds: owo hunt
2026-08-20 01:02:55,680 - INFO - Typed message: owo battle
2026-08-20 01:02:55,680 - INFO - Message sent: owo battle
2026-08-20 01:02:56,013 - INFO - Next message will be sent in 2.7 seconds: owo sell all
2026-08-20 01:02:57,102 - INFO - Typed message: owo hunt
2026-08-20 01:02:57,102 - INFO - Message sent: owo hunt
2026-08-20 01:02:57,388 - INFO - Next message will be sent in 2.6 seconds: owo battle
2026-08-20 01:03:04,453 - INFO - Typed message: owo sell all
2026-08-20 01:03:04,453 - INFO - Message sent: owo sell all
2026-08-20 01:03:04,717 - INFO - Typed message: owo battle
2026-08-20 01:03:04,719 - INFO - Message sent: owo battle
2026-08-20 01:03:04,732 - INFO - Next message will be sent in 2.8 seconds: owo cf 3
2026-08-20 01:03:05,352 - INFO - Next message will be sent in 2.5 seconds: owo sell all
2026-08-20 01:03:12,243 - INFO - Typed message: owo cf 3
2026-08-20 01:03:12,243 - INFO - Message sent: owo cf 3
2026-08-20 01:03:12,705 - INFO - Next message will be sent in 2.4 seconds: owo use 75 65 54
2026-08-20 01:03:13,802 - INFO - Typed message: owo sell all
2026-08-20 01:03:13,804 - INFO - Message sent: owo sell all
2026-08-20 01:03:14,575 - INFO - Next message will be sent in 2.7 seconds: owo cf 3
2026-08-20 01:03:21,976 - INFO - Typed message: owo use 75 65 54
2026-08-20 01:03:21,977 - INFO - Message sent: owo use 75 65 54
2026-08-20 01:03:22,557 - INFO - Next message will be sent in 2.7 seconds: owo hunt
2026-08-20 01:03:22,877 - INFO - Typed message: owo cf 3
2026-08-20 01:03:22,878 - INFO - Message sent: owo cf 3
2026-08-20 01:03:23,391 - INFO - Next message will be sent in 2.5 seconds: owo use 75 65 54
2026-08-20 01:03:29,779 - INFO - Typed message: owo hunt
2026-08-20 01:03:29,779 - INFO - Message sent: owo hunt
2026-08-20 01:03:30,090 - INFO - Next message will be sent in 2.1 seconds: owo battle
2026-08-20 01:03:32,352 - INFO - Typed message: owo use 75 65 54
2026-08-20 01:03:32,352 - INFO - Message sent: owo use 75 65 54
2026-08-20 01:03:32,598 - INFO - Next message will be sent in 2.4 seconds: owo hunt
2026-08-20 01:03:38,323 - INFO - Typed message: owo battle
2026-08-20 01:03:38,323 - INFO - Message sent: owo battle
2026-08-20 01:03:38,763 - INFO - Next message will be sent in 2.6 seconds: owo sell all
2026-08-20 01:03:39,646 - INFO - Typed message: owo hunt
2026-08-20 01:03:39,646 - INFO - Message sent: owo hunt
2026-08-20 01:03:40,183 - INFO - Next message will be sent in 2.3 seconds: owo battle
2026-08-20 01:03:46,397 - INFO - Typed message: owo sell all
2026-08-20 01:03:46,397 - INFO - Message sent: owo sell all
2026-08-20 01:03:47,004 - INFO - Typed message: owo battle
2026-08-20 01:03:47,004 - INFO - Message sent: owo battle
2026-08-20 01:03:47,052 - INFO - Next message will be sent in 2.6 seconds: owo cf 3
2026-08-20 01:03:47,256 - INFO - Next message will be sent in 2.7 seconds: owo sell all
2026-08-20 01:03:54,306 - INFO - Typed message: owo cf 3
2026-08-20 01:03:54,309 - INFO - Message sent: owo cf 3
2026-08-20 01:03:54,773 - INFO - Next message will be sent in 2.7 seconds: owo use 75 65 54
2026-08-20 01:03:55,690 - INFO - Typed message: owo sell all
2026-08-20 01:03:55,691 - INFO - Message sent: owo sell all
2026-08-20 01:03:55,964 - INFO - Next message will be sent in 2.9 seconds: owo cf 3
2026-08-20 01:04:03,779 - INFO - Typed message: owo cf 3
2026-08-20 01:04:03,781 - INFO - Message sent: owo cf 3
2026-08-20 01:04:04,504 - INFO - Next message will be sent in 2.4 seconds: owo use 75 65 54
2026-08-20 01:04:04,767 - INFO - Typed message: owo use 75 65 54
2026-08-20 01:04:04,769 - INFO - Message sent: owo use 75 65 54
2026-08-20 01:04:05,053 - INFO - Next message will be sent in 2.9 seconds: owo hunt
2026-08-20 01:04:12,114 - INFO - Typed message: owo use 75 65 54
2026-08-20 01:04:12,115 - INFO - Message sent: owo use 75 65 54
2026-08-20 01:04:12,197 - INFO - Typed message: owo hunt
2026-08-20 01:04:12,197 - INFO - Message sent: owo hunt
2026-08-20 01:04:12,703 - INFO - Next message will be sent in 2.6 seconds: owo battle
2026-08-20 01:04:12,772 - INFO - Next message will be sent in 2.3 seconds: owo hunt
2026-08-20 01:04:18,907 - INFO - Typed message: owo hunt
2026-08-20 01:04:18,908 - INFO - Message sent: owo hunt
2026-08-20 01:04:19,109 - INFO - Next message will be sent in 2.2 seconds: owo battle
2026-08-20 01:04:21,008 - INFO - Typed message: owo battle
2026-08-20 01:04:21,008 - INFO - Message sent: owo battle
2026-08-20 01:04:21,583 - INFO - Next message will be sent in 2.6 seconds: owo sell all
2026-08-20 01:04:26,489 - INFO - Typed message: owo battle
2026-08-20 01:04:26,489 - INFO - Message sent: owo battle
2026-08-20 01:04:27,171 - INFO - Next message will be sent in 2.1 seconds: owo sell all
2026-08-20 01:04:29,217 - INFO - Typed message: owo sell all
2026-08-20 01:04:29,217 - INFO - Message sent: owo sell all
2026-08-20 01:04:29,952 - INFO - Next message will be sent in 2.3 seconds: owo cf 3
2026-08-20 01:04:34,009 - INFO - Typed message: owo sell all
2026-08-20 01:04:34,011 - INFO - Message sent: owo sell all
2026-08-20 01:04:34,272 - INFO - Next message will be sent in 2.8 seconds: owo cf 3
2026-08-20 01:04:38,426 - INFO - Typed message: owo cf 3
2026-08-20 01:04:38,426 - INFO - Message sent: owo cf 3
2026-08-20 01:04:39,062 - INFO - Next message will be sent in 2.4 seconds: owo use 75 65 54
2026-08-20 01:04:41,512 - INFO - Typed message: owo cf 3
2026-08-20 01:04:41,512 - INFO - Message sent: owo cf 3
2026-08-20 01:04:42,229 - INFO - Next message will be sent in 2.2 seconds: owo use 75 65 54
2026-08-20 01:04:47,259 - INFO - Typed message: owo use 75 65 54
2026-08-20 01:04:47,259 - INFO - Message sent: owo use 75 65 54
2026-08-20 01:04:47,909 - INFO - Next message will be sent in 2.1 seconds: owo hunt
2026-08-20 01:04:49,994 - INFO - Typed message: owo use 75 65 54
2026-08-20 01:04:49,994 - INFO - Message sent: owo use 75 65 54
2026-08-20 01:04:50,597 - INFO - Next message will be sent in 2.2 seconds: owo hunt
2026-08-20 01:04:55,417 - INFO - Typed message: owo hunt
2026-08-20 01:04:55,417 - INFO - Message sent: owo hunt
2026-08-20 01:04:55,704 - INFO - Next message will be sent in 2.1 seconds: owo battle
2026-08-20 01:04:57,772 - INFO - Typed message: owo hunt
2026-08-20 01:04:57,773 - INFO - Message sent: owo hunt
2026-08-20 01:04:58,054 - INFO - Next message will be sent in 2.4 seconds: owo battle
2026-08-20 01:05:03,867 - INFO - Typed message: owo battle
2026-08-20 01:05:03,868 - INFO - Message sent: owo battle
2026-08-20 01:05:04,629 - INFO - Next message will be sent in 2.3 seconds: owo sell all
2026-08-20 01:05:06,485 - INFO - Typed message: owo battle
2026-08-20 01:05:06,485 - INFO - Message sent: owo battle
2026-08-20 01:05:07,259 - INFO - Next message will be sent in 2.7 seconds: owo sell all
2026-08-20 01:05:13,758 - INFO - Typed message: owo sell all
2026-08-20 01:05:13,758 - INFO - Message sent: owo sell all
2026-08-20 01:05:14,427 - INFO - Next message will be sent in 2.1 seconds: owo cf 3
2026-08-20 01:05:15,530 - INFO - Typed message: owo sell all
2026-08-20 01:05:15,530 - INFO - Message sent: owo sell all
2026-08-20 01:05:16,211 - INFO - Next message will be sent in 2.8 seconds: owo cf 3
2026-08-20 01:05:22,305 - INFO - Typed message: owo cf 3
2026-08-20 01:05:22,305 - INFO - Message sent: owo cf 3
2026-08-20 01:05:23,103 - INFO - Next message will be sent in 2.3 seconds: owo use 75 65 54
2026-08-20 01:05:24,831 - INFO - Typed message: owo cf 3
2026-08-20 01:05:24,833 - INFO - Message sent: owo cf 3
2026-08-20 01:05:25,614 - INFO - Next message will be sent in 2.5 seconds: owo use 75 65 54
2026-08-20 01:05:31,661 - INFO - Typed message: owo use 75 65 54
2026-08-20 01:05:31,661 - INFO - Message sent: owo use 75 65 54
2026-08-20 01:05:32,182 - INFO - Next message will be sent in 2.6 seconds: owo hunt
2026-08-20 01:05:33,915 - INFO - Typed message: owo use 75 65 54
2026-08-20 01:05:33,918 - INFO - Message sent: owo use 75 65 54
2026-08-20 01:05:34,496 - INFO - Next message will be sent in 2.1 seconds: owo hunt
2026-08-20 01:05:39,908 - INFO - Typed message: owo hunt
2026-08-20 01:05:39,909 - INFO - Message sent: owo hunt
2026-08-20 01:05:40,658 - INFO - Next message will be sent in 2.4 seconds: owo battle
2026-08-20 01:05:42,301 - INFO - Typed message: owo hunt
2026-08-20 01:05:42,301 - INFO - Message sent: owo hunt
2026-08-20 01:05:42,725 - INFO - Next message will be sent in 2.8 seconds: owo battle
2026-08-20 01:05:49,328 - INFO - Typed message: owo battle
2026-08-20 01:05:49,329 - INFO - Message sent: owo battle
2026-08-20 01:05:49,896 - INFO - Next message will be sent in 2.8 seconds: owo sell all
2026-08-20 01:05:51,205 - INFO - Typed message: owo battle
2026-08-20 01:05:51,205 - INFO - Message sent: owo battle
2026-08-20 01:05:51,850 - INFO - Next message will be sent in 2.5 seconds: owo sell all
2026-08-20 01:05:57,678 - INFO - Typed message: owo sell all
2026-08-20 01:05:57,679 - INFO - Message sent: owo sell all
2026-08-20 01:05:58,250 - INFO - Next message will be sent in 2.6 seconds: owo cf 3
2026-08-20 01:05:59,182 - INFO - Typed message: owo sell all
2026-08-20 01:05:59,182 - INFO - Message sent: owo sell all
2026-08-20 01:05:59,959 - INFO - Next message will be sent in 2.8 seconds: owo cf 3
2026-08-20 01:06:06,086 - INFO - Typed message: owo cf 3
2026-08-20 01:06:06,092 - INFO - Message sent: owo cf 3
2026-08-20 01:06:06,376 - INFO - Next message will be sent in 2.4 seconds: owo use 75 65 54
2026-08-20 01:06:07,171 - INFO - Typed message: owo cf 3
2026-08-20 01:06:07,173 - INFO - Message sent: owo cf 3
2026-08-20 01:06:07,445 - INFO - Next message will be sent in 2.1 seconds: owo use 75 65 54
2026-08-20 01:06:15,214 - INFO - Typed message: owo use 75 65 54
2026-08-20 01:06:15,214 - INFO - Message sent: owo use 75 65 54
2026-08-20 01:06:15,940 - INFO - Next message will be sent in 2.4 seconds: owo hunt
2026-08-20 01:06:16,032 - INFO - Typed message: owo use 75 65 54
2026-08-20 01:06:16,033 - INFO - Message sent: owo use 75 65 54
2026-08-20 01:06:16,315 - INFO - Next message will be sent in 2.1 seconds: owo hunt
2026-08-20 01:06:23,301 - INFO - Typed message: owo hunt
2026-08-20 01:06:23,301 - INFO - Message sent: owo hunt
2026-08-20 01:06:23,980 - INFO - Next message will be sent in 2.6 seconds: owo battle
2026-08-20 01:06:24,069 - INFO - Typed message: owo hunt
2026-08-20 01:06:24,069 - INFO - Message sent: owo hunt
2026-08-20 01:06:24,457 - INFO - Next message will be sent in 2.9 seconds: owo battle
2026-08-20 01:06:32,506 - INFO - Typed message: owo battle
2026-08-20 01:06:32,506 - INFO - Message sent: owo battle
2026-08-20 01:06:32,802 - INFO - Typed message: owo battle
2026-08-20 01:06:32,802 - INFO - Message sent: owo battle
2026-08-20 01:06:32,883 - INFO - Next message will be sent in 2.1 seconds: owo sell all
2026-08-20 01:06:33,125 - INFO - Next message will be sent in 2.6 seconds: owo sell all
2026-08-20 01:06:40,441 - INFO - Typed message: owo sell all
2026-08-20 01:06:40,442 - INFO - Message sent: owo sell all
2026-08-20 01:06:40,957 - INFO - Typed message: owo sell all
2026-08-20 01:06:40,957 - INFO - Message sent: owo sell all
2026-08-20 01:06:40,969 - INFO - Next message will be sent in 2.9 seconds: owo cf 3
2026-08-20 01:06:41,300 - INFO - Next message will be sent in 2.6 seconds: owo cf 3
2026-08-20 01:06:48,823 - INFO - Typed message: owo cf 3
2026-08-20 01:06:48,823 - INFO - Message sent: owo cf 3
2026-08-20 01:06:49,190 - INFO - Next message will be sent in 2.5 seconds: owo use 75 65 54
2026-08-20 01:06:49,225 - INFO - Typed message: owo cf 3
2026-08-20 01:06:49,228 - INFO - Message sent: owo cf 3
2026-08-20 01:06:49,571 - INFO - Next message will be sent in 2.4 seconds: owo use 75 65 54
2026-08-20 01:06:57,825 - INFO - Typed message: owo use 75 65 54
2026-08-20 01:06:57,825 - INFO - Message sent: owo use 75 65 54
2026-08-20 01:06:58,014 - INFO - Typed message: owo use 75 65 54
2026-08-20 01:06:58,014 - INFO - Message sent: owo use 75 65 54
2026-08-20 01:06:58,287 - INFO - Next message will be sent in 2.2 seconds: owo hunt
2026-08-20 01:06:58,625 - INFO - Next message will be sent in 2.4 seconds: owo hunt
2026-08-20 01:07:04,730 - INFO - Typed message: owo hunt
2026-08-20 01:07:04,730 - INFO - Message sent: owo hunt
2026-08-20 01:07:05,321 - INFO - Next message will be sent in 2.6 seconds: owo battle
2026-08-20 01:07:07,348 - INFO - Typed message: owo hunt
2026-08-20 01:07:07,351 - INFO - Message sent: owo hunt
2026-08-20 01:07:07,595 - INFO - Next message will be sent in 2.1 seconds: owo battle
2026-08-20 01:07:12,365 - INFO - Typed message: owo battle
2026-08-20 01:07:12,365 - INFO - Message sent: owo battle
2026-08-20 01:07:12,737 - INFO - Next message will be sent in 3.0 seconds: owo sell all
2026-08-20 01:07:16,091 - INFO - Typed message: owo battle
2026-08-20 01:07:16,096 - INFO - Message sent: owo battle
2026-08-20 01:07:16,425 - INFO - Next message will be sent in 2.0 seconds: owo sell all
2026-08-20 01:07:21,626 - INFO - Typed message: owo sell all
2026-08-20 01:07:21,627 - INFO - Message sent: owo sell all
2026-08-20 01:07:22,222 - INFO - Next message will be sent in 2.0 seconds: owo cf 3
2026-08-20 01:07:24,459 - INFO - Typed message: owo sell all
2026-08-20 01:07:24,459 - INFO - Message sent: owo sell all
2026-08-20 01:07:24,828 - INFO - Next message will be sent in 2.2 seconds: owo cf 3
2026-08-20 01:07:28,598 - INFO - Typed message: owo cf 3
2026-08-20 01:07:28,598 - INFO - Message sent: owo cf 3
2026-08-20 01:07:28,886 - INFO - Next message will be sent in 2.2 seconds: owo use 75 65 54
2026-08-20 01:07:31,624 - INFO - Typed message: owo cf 3
2026-08-20 01:07:31,627 - INFO - Message sent: owo cf 3
2026-08-20 01:07:31,863 - INFO - Next message will be sent in 2.3 seconds: owo use 75 65 54
2026-08-20 01:07:37,256 - INFO - Typed message: owo use 75 65 54
2026-08-20 01:07:37,259 - INFO - Message sent: owo use 75 65 54
2026-08-20 01:07:37,940 - INFO - Next message will be sent in 2.8 seconds: owo hunt
2026-08-20 01:07:40,167 - INFO - Typed message: owo use 75 65 54
2026-08-20 01:07:40,174 - INFO - Message sent: owo use 75 65 54
2026-08-20 01:07:40,867 - INFO - Next message will be sent in 2.0 seconds: owo hunt
2026-08-20 01:07:46,105 - INFO - Typed message: owo hunt
2026-08-20 01:07:46,105 - INFO - Message sent: owo hunt
2026-08-20 01:07:46,806 - INFO - Next message will be sent in 2.9 seconds: owo battle
2026-08-20 01:07:47,559 - INFO - Typed message: owo hunt
2026-08-20 01:07:47,559 - INFO - Message sent: owo hunt
2026-08-20 01:07:48,217 - INFO - Next message will be sent in 2.0 seconds: owo battle
2026-08-20 01:07:54,497 - INFO - Typed message: owo battle
2026-08-20 01:07:54,498 - INFO - Message sent: owo battle
2026-08-20 01:07:55,083 - INFO - Next message will be sent in 2.5 seconds: owo sell all
2026-08-20 01:07:55,863 - INFO - Typed message: owo battle
2026-08-20 01:07:55,863 - INFO - Message sent: owo battle
2026-08-20 01:07:56,088 - INFO - Next message will be sent in 2.7 seconds: owo sell all
2026-08-20 01:08:03,275 - INFO - Typed message: owo sell all
2026-08-20 01:08:03,280 - INFO - Message sent: owo sell all
2026-08-20 01:08:04,010 - INFO - Next message will be sent in 2.6 seconds: owo cf 3
2026-08-20 01:08:04,672 - INFO - Typed message: owo sell all
2026-08-20 01:08:04,672 - INFO - Message sent: owo sell all
2026-08-20 01:08:04,943 - INFO - Next message will be sent in 2.1 seconds: owo cf 3
2026-08-20 01:08:11,641 - INFO - Typed message: owo cf 3
2026-08-20 01:08:11,642 - INFO - Message sent: owo cf 3
2026-08-20 01:08:12,015 - INFO - Typed message: owo cf 3
2026-08-20 01:08:12,015 - INFO - Message sent: owo cf 3
2026-08-20 01:08:12,357 - INFO - Next message will be sent in 2.2 seconds: owo use 75 65 54
2026-08-20 01:08:12,713 - INFO - Next message will be sent in 2.0 seconds: owo use 75 65 54
2026-08-20 01:08:20,550 - INFO - Typed message: owo use 75 65 54
2026-08-20 01:08:20,551 - INFO - Message sent: owo use 75 65 54
2026-08-20 01:08:21,281 - INFO - Next message will be sent in 2.7 seconds: owo hunt
2026-08-20 01:08:21,671 - INFO - Typed message: owo use 75 65 54
2026-08-20 01:08:21,671 - INFO - Message sent: owo use 75 65 54
2026-08-20 01:08:22,226 - INFO - Next message will be sent in 2.6 seconds: owo hunt
2026-08-20 01:08:29,179 - INFO - Typed message: owo hunt
2026-08-20 01:08:29,179 - INFO - Message sent: owo hunt
2026-08-20 01:08:29,450 - INFO - Typed message: owo hunt
2026-08-20 01:08:29,450 - INFO - Message sent: owo hunt
2026-08-20 01:08:29,636 - INFO - Next message will be sent in 2.4 seconds: owo battle
2026-08-20 01:08:29,979 - INFO - Next message will be sent in 2.7 seconds: owo battle
2026-08-20 01:08:36,715 - INFO - Typed message: owo battle
2026-08-20 01:08:36,717 - INFO - Message sent: owo battle
2026-08-20 01:08:37,104 - INFO - Next message will be sent in 2.0 seconds: owo sell all
2026-08-20 01:08:37,701 - INFO - Typed message: owo battle
2026-08-20 01:08:37,704 - INFO - Message sent: owo battle
2026-08-20 01:08:38,401 - INFO - Next message will be sent in 2.5 seconds: owo sell all
2026-08-20 01:08:44,724 - INFO - Typed message: owo sell all
2026-08-20 01:08:44,742 - INFO - Message sent: owo sell all
2026-08-20 01:08:45,258 - INFO - Next message will be sent in 2.5 seconds: owo cf 3
2026-08-20 01:08:47,029 - INFO - Typed message: owo sell all
2026-08-20 01:08:47,029 - INFO - Message sent: owo sell all
2026-08-20 01:08:47,671 - INFO - Next message will be sent in 2.3 seconds: owo cf 3
2026-08-20 01:08:53,147 - INFO - Typed message: owo cf 3
2026-08-20 01:08:53,147 - INFO - Message sent: owo cf 3
2026-08-20 01:08:53,560 - INFO - Next message will be sent in 2.5 seconds: owo use 75 65 54
2026-08-20 01:08:55,652 - INFO - Typed message: owo cf 3
2026-08-20 01:08:55,652 - INFO - Message sent: owo cf 3
2026-08-20 01:08:56,205 - INFO - Next message will be sent in 2.6 seconds: owo use 75 65 54
2026-08-20 01:09:01,502 - INFO - Typed message: owo use 75 65 54
2026-08-20 01:09:01,502 - INFO - Message sent: owo use 75 65 54
2026-08-20 01:09:02,105 - INFO - Next message will be sent in 2.5 seconds: owo hunt
2026-08-20 01:09:04,738 - INFO - Typed message: owo use 75 65 54
2026-08-20 01:09:04,747 - INFO - Message sent: owo use 75 65 54
2026-08-20 01:09:05,236 - INFO - Next message will be sent in 2.2 seconds: owo hunt
2026-08-20 01:09:09,637 - INFO - Typed message: owo hunt
2026-08-20 01:09:09,637 - INFO - Message sent: owo hunt
2026-08-20 01:09:10,223 - INFO - Next message will be sent in 2.0 seconds: owo battle
2026-08-20 01:09:12,382 - INFO - Typed message: owo hunt
2026-08-20 01:09:12,383 - INFO - Message sent: owo hunt
2026-08-20 01:09:12,878 - INFO - Next message will be sent in 3.0 seconds: owo battle
2026-08-20 01:09:17,331 - INFO - Typed message: owo battle
2026-08-20 01:09:17,332 - INFO - Message sent: owo battle
2026-08-20 01:09:17,862 - INFO - Next message will be sent in 2.8 seconds: owo sell all
2026-08-20 01:09:21,210 - INFO - Typed message: owo battle
2026-08-20 01:09:21,211 - INFO - Message sent: owo battle
2026-08-20 01:09:21,890 - INFO - Next message will be sent in 2.3 seconds: owo sell all
2026-08-20 01:09:27,581 - INFO - Typed message: owo sell all
2026-08-20 01:09:27,607 - INFO - Message sent: owo sell all
2026-08-20 01:09:28,300 - INFO - Next message will be sent in 2.3 seconds: owo cf 3
2026-08-20 01:09:29,161 - INFO - Typed message: owo sell all
2026-08-20 01:09:29,161 - INFO - Message sent: owo sell all
2026-08-20 01:09:29,709 - INFO - Next message will be sent in 2.6 seconds: owo cf 3
2026-08-20 01:09:35,775 - INFO - Typed message: owo cf 3
2026-08-20 01:09:35,777 - INFO - Message sent: owo cf 3
2026-08-20 01:09:36,477 - INFO - Next message will be sent in 2.5 seconds: owo use 75 65 54
2026-08-20 01:09:37,843 - INFO - Typed message: owo cf 3
2026-08-20 01:09:37,846 - INFO - Message sent: owo cf 3
2026-08-20 01:09:38,364 - INFO - Next message will be sent in 2.7 seconds: owo use 75 65 54
2026-08-20 01:09:45,177 - INFO - Typed message: owo use 75 65 54
2026-08-20 01:09:45,177 - INFO - Message sent: owo use 75 65 54
2026-08-20 01:09:45,512 - INFO - Next message will be sent in 2.9 seconds: owo hunt
2026-08-20 01:09:48,039 - INFO - Typed message: owo use 75 65 54
2026-08-20 01:09:48,039 - INFO - Message sent: owo use 75 65 54
2026-08-20 01:09:48,767 - INFO - Next message will be sent in 2.3 seconds: owo hunt
2026-08-20 01:09:54,645 - INFO - Typed message: owo hunt
2026-08-20 01:09:54,645 - INFO - Message sent: owo hunt
2026-08-20 01:09:55,126 - INFO - Next message will be sent in 2.5 seconds: owo battle
2026-08-20 01:09:55,885 - INFO - Typed message: owo hunt
2026-08-20 01:09:55,885 - INFO - Message sent: owo hunt
2026-08-20 01:09:56,528 - INFO - Next message will be sent in 2.5 seconds: owo battle
2026-08-20 01:10:03,657 - INFO - Typed message: owo battle
2026-08-20 01:10:03,658 - INFO - Message sent: owo battle
2026-08-20 01:10:03,915 - INFO - Typed message: owo battle
2026-08-20 01:10:03,915 - INFO - Message sent: owo battle
2026-08-20 01:10:04,232 - INFO - Next message will be sent in 2.8 seconds: owo sell all
2026-08-20 01:10:04,594 - INFO - Next message will be sent in 2.5 seconds: owo sell all
2026-08-20 01:10:12,043 - INFO - Typed message: owo sell all
2026-08-20 01:10:12,045 - INFO - Message sent: owo sell all
2026-08-20 01:10:12,518 - INFO - Next message will be sent in 2.7 seconds: owo cf 3
2026-08-20 01:10:12,810 - INFO - Typed message: owo sell all
2026-08-20 01:10:12,810 - INFO - Message sent: owo sell all
2026-08-20 01:10:13,553 - INFO - Next message will be sent in 2.8 seconds: owo cf 3
2026-08-20 01:10:20,286 - INFO - Typed message: owo cf 3
2026-08-20 01:10:20,289 - INFO - Message sent: owo cf 3
2026-08-20 01:10:20,744 - INFO - Next message will be sent in 2.2 seconds: owo use 75 65 54
2026-08-20 01:10:21,522 - INFO - Typed message: owo cf 3
2026-08-20 01:10:21,522 - INFO - Message sent: owo cf 3
2026-08-20 01:10:22,117 - INFO - Next message will be sent in 2.8 seconds: owo use 75 65 54
2026-08-20 01:10:29,120 - INFO - Typed message: owo use 75 65 54
2026-08-20 01:10:29,120 - INFO - Message sent: owo use 75 65 54
2026-08-20 01:10:29,519 - INFO - Next message will be sent in 2.4 seconds: owo hunt
2026-08-20 01:10:29,814 - INFO - Typed message: owo use 75 65 54
2026-08-20 01:10:29,815 - INFO - Message sent: owo use 75 65 54
2026-08-20 01:10:30,138 - INFO - Next message will be sent in 2.3 seconds: owo hunt
2026-08-20 01:10:37,186 - INFO - Typed message: owo hunt
2026-08-20 01:10:37,186 - INFO - Message sent: owo hunt
2026-08-20 01:10:37,658 - INFO - Next message will be sent in 2.8 seconds: owo battle
2026-08-20 01:10:37,776 - INFO - Typed message: owo hunt
2026-08-20 01:10:37,779 - INFO - Message sent: owo hunt
2026-08-20 01:10:38,213 - INFO - Next message will be sent in 2.4 seconds: owo battle
2026-08-20 01:10:45,975 - INFO - Typed message: owo battle
2026-08-20 01:10:45,976 - INFO - Message sent: owo battle
2026-08-20 01:10:46,001 - INFO - Typed message: owo battle
2026-08-20 01:10:46,001 - INFO - Message sent: owo battle
2026-08-20 01:10:46,272 - INFO - Next message will be sent in 2.1 seconds: owo sell all
2026-08-20 01:10:46,510 - INFO - Next message will be sent in 2.7 seconds: owo sell all
2026-08-20 01:10:53,361 - INFO - Typed message: owo sell all
2026-08-20 01:10:53,366 - INFO - Message sent: owo sell all
2026-08-20 01:10:53,868 - INFO - Next message will be sent in 2.2 seconds: owo cf 3
2026-08-20 01:10:55,776 - INFO - Typed message: owo sell all
2026-08-20 01:10:55,776 - INFO - Message sent: owo sell all
2026-08-20 01:10:56,133 - INFO - Next message will be sent in 2.9 seconds: owo cf 3
2026-08-20 01:11:01,347 - INFO - Typed message: owo cf 3
2026-08-20 01:11:01,347 - INFO - Message sent: owo cf 3
2026-08-20 01:11:01,692 - INFO - Next message will be sent in 2.9 seconds: owo use 75 65 54
2026-08-20 01:11:03,724 - INFO - Typed message: owo cf 3
2026-08-20 01:11:03,725 - INFO - Message sent: owo cf 3
2026-08-20 01:11:04,173 - INFO - Next message will be sent in 2.2 seconds: owo use 75 65 54
2026-08-20 01:11:11,496 - INFO - Typed message: owo use 75 65 54
2026-08-20 01:11:11,497 - INFO - Message sent: owo use 75 65 54
2026-08-20 01:11:11,888 - INFO - Next message will be sent in 2.9 seconds: owo hunt
2026-08-20 01:11:12,921 - INFO - Typed message: owo use 75 65 54
2026-08-20 01:11:12,921 - INFO - Message sent: owo use 75 65 54
2026-08-20 01:11:13,266 - INFO - Next message will be sent in 3.0 seconds: owo hunt
2026-08-20 01:11:19,676 - INFO - Typed message: owo hunt
2026-08-20 01:11:19,676 - INFO - Message sent: owo hunt
2026-08-20 01:11:20,258 - INFO - Next message will be sent in 2.2 seconds: owo battle
2026-08-20 01:11:21,260 - INFO - Typed message: owo hunt
2026-08-20 01:11:21,260 - INFO - Message sent: owo hunt
2026-08-20 01:11:22,034 - INFO - Next message will be sent in 2.6 seconds: owo battle
2026-08-20 01:11:28,577 - INFO - Typed message: owo battle
2026-08-20 01:11:28,579 - INFO - Message sent: owo battle
2026-08-20 01:11:29,294 - INFO - Next message will be sent in 2.4 seconds: owo sell all
2026-08-20 01:11:30,474 - INFO - Typed message: owo battle
2026-08-20 01:11:30,475 - INFO - Message sent: owo battle
2026-08-20 01:11:30,942 - INFO - Next message will be sent in 2.4 seconds: owo sell all
2026-08-20 01:11:37,672 - INFO - Typed message: owo sell all
2026-08-20 01:11:37,672 - INFO - Message sent: owo sell all
2026-08-20 01:11:38,307 - INFO - Next message will be sent in 3.0 seconds: owo cf 3
2026-08-20 01:11:39,700 - INFO - Typed message: owo sell all
2026-08-20 01:11:39,700 - INFO - Message sent: owo sell all
2026-08-20 01:11:40,408 - INFO - Next message will be sent in 2.2 seconds: owo cf 3
2026-08-20 01:11:45,779 - INFO - Typed message: owo cf 3
2026-08-20 01:11:45,779 - INFO - Message sent: owo cf 3
2026-08-20 01:11:46,517 - INFO - Next message will be sent in 2.6 seconds: owo use 75 65 54
2026-08-20 01:11:48,865 - INFO - Typed message: owo cf 3
2026-08-20 01:11:48,866 - INFO - Message sent: owo cf 3
2026-08-20 01:11:49,614 - INFO - Next message will be sent in 2.6 seconds: owo use 75 65 54
2026-08-20 01:11:54,797 - INFO - Typed message: owo use 75 65 54
2026-08-20 01:11:54,797 - INFO - Message sent: owo use 75 65 54
2026-08-20 01:11:55,442 - INFO - Next message will be sent in 2.0 seconds: owo hunt
2026-08-20 01:11:58,926 - INFO - Typed message: owo use 75 65 54
2026-08-20 01:11:58,927 - INFO - Message sent: owo use 75 65 54
2026-08-20 01:11:59,680 - INFO - Next message will be sent in 2.2 seconds: owo hunt
2026-08-20 01:12:03,336 - INFO - Typed message: owo hunt
2026-08-20 01:12:03,338 - INFO - Message sent: owo hunt
2026-08-20 01:12:04,110 - INFO - Next message will be sent in 2.4 seconds: owo battle
2026-08-20 01:12:07,607 - INFO - Typed message: owo hunt
2026-08-20 01:12:07,607 - INFO - Message sent: owo hunt
2026-08-20 01:12:08,097 - INFO - Next message will be sent in 2.3 seconds: owo battle
2026-08-20 01:12:10,936 - INFO - Typed message: owo battle
2026-08-20 01:12:10,936 - INFO - Message sent: owo battle
2026-08-20 01:12:11,477 - INFO - Next message will be sent in 2.2 seconds: owo sell all
2026-08-20 01:12:15,728 - INFO - Typed message: owo battle
2026-08-20 01:12:15,729 - INFO - Message sent: owo battle
2026-08-20 01:12:16,258 - INFO - Next message will be sent in 2.1 seconds: owo sell all
2026-08-20 01:12:19,017 - INFO - Typed message: owo sell all
2026-08-20 01:12:19,017 - INFO - Message sent: owo sell all
2026-08-20 01:12:19,405 - INFO - Next message will be sent in 2.8 seconds: owo cf 3
2026-08-20 01:12:25,140 - INFO - Typed message: owo sell all
2026-08-20 01:12:25,140 - INFO - Message sent: owo sell all
2026-08-20 01:12:25,527 - INFO - Next message will be sent in 2.5 seconds: owo cf 3
2026-08-20 01:12:26,480 - INFO - Typed message: owo cf 3
2026-08-20 01:12:26,480 - INFO - Message sent: owo cf 3
2026-08-20 01:12:26,845 - INFO - Next message will be sent in 2.6 seconds: owo use 75 65 54
2026-08-20 01:12:32,531 - INFO - Typed message: owo cf 3
2026-08-20 01:12:32,531 - INFO - Message sent: owo cf 3
2026-08-20 01:12:33,128 - INFO - Next message will be sent in 2.2 seconds: owo use 75 65 54
2026-08-20 01:12:34,956 - INFO - Typed message: owo use 75 65 54
2026-08-20 01:12:34,957 - INFO - Message sent: owo use 75 65 54
2026-08-20 01:12:35,655 - INFO - Next message will be sent in 2.6 seconds: owo hunt
2026-08-20 01:12:41,422 - INFO - Typed message: owo use 75 65 54
2026-08-20 01:12:41,423 - INFO - Message sent: owo use 75 65 54
2026-08-20 01:12:41,791 - INFO - Next message will be sent in 2.7 seconds: owo hunt
2026-08-20 01:12:42,413 - INFO - Typed message: owo hunt
2026-08-20 01:12:42,413 - INFO - Message sent: owo hunt
2026-08-20 01:12:42,656 - INFO - Next message will be sent in 2.2 seconds: owo battle
2026-08-20 01:12:49,776 - INFO - Typed message: owo hunt
2026-08-20 01:12:49,784 - INFO - Message sent: owo hunt
2026-08-20 01:12:50,277 - INFO - Next message will be sent in 2.8 seconds: owo battle
2026-08-20 01:12:50,797 - INFO - Typed message: owo battle
2026-08-20 01:12:50,827 - INFO - Message sent: owo battle
2026-08-20 01:12:51,315 - INFO - Next message will be sent in 2.5 seconds: owo sell all
2026-08-20 01:12:58,347 - INFO - Typed message: owo battle
2026-08-20 01:12:58,347 - INFO - Message sent: owo battle
2026-08-20 01:12:58,546 - INFO - Typed message: owo sell all
2026-08-20 01:12:58,546 - INFO - Message sent: owo sell all
2026-08-20 01:12:58,629 - INFO - Next message will be sent in 2.5 seconds: owo sell all
2026-08-20 01:12:58,923 - INFO - Next message will be sent in 2.3 seconds: owo cf 3
2026-08-20 01:13:05,826 - INFO - Typed message: owo cf 3
2026-08-20 01:13:05,826 - INFO - Message sent: owo cf 3
2026-08-20 01:13:06,098 - INFO - Next message will be sent in 2.3 seconds: owo use 75 65 54
2026-08-20 01:13:06,569 - INFO - Typed message: owo sell all
2026-08-20 01:13:06,570 - INFO - Message sent: owo sell all
2026-08-20 01:13:06,934 - INFO - Next message will be sent in 2.8 seconds: owo cf 3
2026-08-20 01:13:14,370 - INFO - Typed message: owo use 75 65 54
2026-08-20 01:13:14,370 - INFO - Message sent: owo use 75 65 54
2026-08-20 01:13:14,937 - INFO - Next message will be sent in 2.1 seconds: owo hunt
2026-08-20 01:13:15,274 - INFO - Typed message: owo cf 3
2026-08-20 01:13:15,274 - INFO - Message sent: owo cf 3
2026-08-20 01:13:15,743 - INFO - Next message will be sent in 2.2 seconds: owo use 75 65 54
2026-08-20 01:13:21,643 - INFO - Typed message: owo hunt
2026-08-20 01:13:21,658 - INFO - Message sent: owo hunt
2026-08-20 01:13:22,148 - INFO - Next message will be sent in 2.5 seconds: owo battle
2026-08-20 01:13:23,919 - INFO - Typed message: owo use 75 65 54
2026-08-20 01:13:23,919 - INFO - Message sent: owo use 75 65 54
2026-08-20 01:13:24,337 - INFO - Next message will be sent in 2.9 seconds: owo hunt
2026-08-20 01:13:30,497 - INFO - Typed message: owo battle
2026-08-20 01:13:30,504 - INFO - Message sent: owo battle
2026-08-20 01:13:31,077 - INFO - Next message will be sent in 2.5 seconds: owo sell all
2026-08-20 01:13:31,955 - INFO - Typed message: owo hunt
2026-08-20 01:13:31,959 - INFO - Message sent: owo hunt
2026-08-20 01:13:32,382 - INFO - Next message will be sent in 2.9 seconds: owo battle
2026-08-20 01:13:39,404 - INFO - Typed message: owo sell all
2026-08-20 01:13:39,404 - INFO - Message sent: owo sell all
2026-08-20 01:13:39,756 - INFO - Next message will be sent in 2.2 seconds: owo cf 3
2026-08-20 01:13:39,856 - INFO - Typed message: owo battle
2026-08-20 01:13:39,856 - INFO - Message sent: owo battle
2026-08-20 01:13:40,263 - INFO - Next message will be sent in 2.9 seconds: owo sell all
2026-08-20 01:13:45,881 - INFO - Typed message: owo cf 3
2026-08-20 01:13:45,881 - INFO - Message sent: owo cf 3
2026-08-20 01:13:46,337 - INFO - Next message will be sent in 2.2 seconds: owo use 75 65 54
2026-08-20 01:13:48,790 - INFO - Typed message: owo sell all
2026-08-20 01:13:48,801 - INFO - Message sent: owo sell all
2026-08-20 01:13:49,320 - INFO - Next message will be sent in 2.6 seconds: owo cf 3
2026-08-20 01:13:53,644 - INFO - Typed message: owo use 75 65 54
2026-08-20 01:13:53,644 - INFO - Message sent: owo use 75 65 54
2026-08-20 01:13:53,916 - INFO - Next message will be sent in 3.0 seconds: owo hunt
2026-08-20 01:13:57,821 - INFO - Typed message: owo cf 3
2026-08-20 01:13:57,823 - INFO - Message sent: owo cf 3
2026-08-20 01:13:58,109 - INFO - Next message will be sent in 2.2 seconds: owo use 75 65 54
2026-08-20 01:14:01,868 - INFO - Typed message: owo hunt
2026-08-20 01:14:01,868 - INFO - Message sent: owo hunt
2026-08-20 01:14:02,127 - INFO - Next message will be sent in 2.3 seconds: owo battle
2026-08-20 01:14:06,279 - INFO - Typed message: owo use 75 65 54
2026-08-20 01:14:06,279 - INFO - Message sent: owo use 75 65 54
2026-08-20 01:14:06,742 - INFO - Next message will be sent in 2.1 seconds: owo hunt
2026-08-20 01:14:09,200 - INFO - Typed message: owo battle
2026-08-20 01:14:09,204 - INFO - Message sent: owo battle
2026-08-20 01:14:09,484 - INFO - Next message will be sent in 2.0 seconds: owo sell all
2026-08-20 01:14:13,949 - INFO - Typed message: owo hunt
2026-08-20 01:14:13,949 - INFO - Message sent: owo hunt
2026-08-20 01:14:14,396 - INFO - Next message will be sent in 3.0 seconds: owo battle
2026-08-20 01:14:16,533 - INFO - Typed message: owo sell all
2026-08-20 01:14:16,533 - INFO - Message sent: owo sell all
2026-08-20 01:14:17,211 - INFO - Next message will be sent in 2.5 seconds: owo cf 3
2026-08-20 01:14:23,377 - INFO - Typed message: owo battle
2026-08-20 01:14:23,378 - INFO - Message sent: owo battle
2026-08-20 01:14:23,747 - INFO - Typed message: owo cf 3
2026-08-20 01:14:23,747 - INFO - Message sent: owo cf 3
2026-08-20 01:14:23,863 - INFO - Next message will be sent in 2.1 seconds: owo sell all
2026-08-20 01:14:24,400 - INFO - Next message will be sent in 2.5 seconds: owo use 75 65 54
2026-08-20 01:14:31,563 - INFO - Typed message: owo sell all
2026-08-20 01:14:31,564 - INFO - Message sent: owo sell all
2026-08-20 01:14:32,352 - INFO - Next message will be sent in 2.4 seconds: owo cf 3
2026-08-20 01:14:33,317 - INFO - Typed message: owo use 75 65 54
2026-08-20 01:14:33,318 - INFO - Message sent: owo use 75 65 54
2026-08-20 01:14:33,574 - INFO - Next message will be sent in 2.8 seconds: owo hunt
2026-08-20 01:14:39,484 - INFO - Typed message: owo cf 3
2026-08-20 01:14:39,484 - INFO - Message sent: owo cf 3
2026-08-20 01:14:39,775 - INFO - Next message will be sent in 2.9 seconds: owo use 75 65 54
2026-08-20 01:14:41,687 - INFO - Typed message: owo hunt
2026-08-20 01:14:41,690 - INFO - Message sent: owo hunt
2026-08-20 01:14:42,324 - INFO - Next message will be sent in 2.4 seconds: owo battle
2026-08-20 01:14:48,906 - INFO - Typed message: owo use 75 65 54
2026-08-20 01:14:48,907 - INFO - Message sent: owo use 75 65 54
2026-08-20 01:14:49,251 - INFO - Next message will be sent in 2.3 seconds: owo hunt
2026-08-20 01:14:50,373 - INFO - Typed message: owo battle
2026-08-20 01:14:50,373 - INFO - Message sent: owo battle
2026-08-20 01:14:51,082 - INFO - Next message will be sent in 2.5 seconds: owo sell all
2026-08-20 01:14:56,893 - INFO - Typed message: owo hunt
2026-08-20 01:14:56,894 - INFO - Message sent: owo hunt
2026-08-20 01:14:57,249 - INFO - Next message will be sent in 2.2 seconds: owo battle
2026-08-20 01:14:59,617 - INFO - Typed message: owo sell all
2026-08-20 01:14:59,617 - INFO - Message sent: owo sell all
2026-08-20 01:14:59,860 - INFO - Next message will be sent in 2.9 seconds: owo cf 3
2026-08-20 01:15:04,084 - INFO - Typed message: owo battle
2026-08-20 01:15:04,084 - INFO - Message sent: owo battle
2026-08-20 01:15:04,334 - INFO - Next message will be sent in 2.3 seconds: owo sell all
2026-08-20 01:15:07,379 - INFO - Typed message: owo cf 3
2026-08-20 01:15:07,379 - INFO - Message sent: owo cf 3
2026-08-20 01:15:07,770 - INFO - Next message will be sent in 2.8 seconds: owo use 75 65 54
2026-08-20 01:15:11,646 - INFO - Typed message: owo sell all
2026-08-20 01:15:11,646 - INFO - Message sent: owo sell all
2026-08-20 01:15:12,041 - INFO - Next message will be sent in 2.9 seconds: owo cf 3
2026-08-20 01:15:16,732 - INFO - Typed message: owo use 75 65 54
2026-08-20 01:15:16,736 - INFO - Message sent: owo use 75 65 54
2026-08-20 01:15:17,384 - INFO - Next message will be sent in 2.9 seconds: owo hunt
2026-08-20 01:15:20,564 - INFO - Typed message: owo cf 3
2026-08-20 01:15:20,564 - INFO - Message sent: owo cf 3
2026-08-20 01:15:20,769 - INFO - Next message will be sent in 2.6 seconds: owo use 75 65 54
2026-08-20 01:15:24,846 - INFO - Typed message: owo hunt
2026-08-20 01:15:24,846 - INFO - Message sent: owo hunt
2026-08-20 01:15:25,311 - INFO - Next message will be sent in 2.2 seconds: owo battle
2026-08-20 01:15:29,548 - INFO - Typed message: owo use 75 65 54
2026-08-20 01:15:29,548 - INFO - Message sent: owo use 75 65 54
2026-08-20 01:15:30,007 - INFO - Next message will be sent in 2.2 seconds: owo hunt
2026-08-20 01:15:33,439 - INFO - Typed message: owo battle
2026-08-20 01:15:33,439 - INFO - Message sent: owo battle
2026-08-20 01:15:33,695 - INFO - Next message will be sent in 2.6 seconds: owo sell all
2026-08-20 01:15:36,545 - INFO - Typed message: owo hunt
2026-08-20 01:15:36,545 - INFO - Message sent: owo hunt
2026-08-20 01:15:37,027 - INFO - Next message will be sent in 3.0 seconds: owo battle
2026-08-20 01:15:42,639 - INFO - Typed message: owo sell all
2026-08-20 01:15:42,639 - INFO - Message sent: owo sell all
2026-08-20 01:15:43,176 - INFO - Next message will be sent in 2.4 seconds: owo cf 3
2026-08-20 01:15:45,699 - INFO - Typed message: owo battle
2026-08-20 01:15:45,703 - INFO - Message sent: owo battle
2026-08-20 01:15:46,056 - INFO - Next message will be sent in 2.2 seconds: owo sell all
2026-08-20 01:15:50,538 - INFO - Typed message: owo cf 3
2026-08-20 01:15:50,538 - INFO - Message sent: owo cf 3
2026-08-20 01:15:50,937 - INFO - Next message will be sent in 2.0 seconds: owo use 75 65 54
2026-08-20 01:15:54,776 - INFO - Typed message: owo sell all
2026-08-20 01:15:54,776 - INFO - Message sent: owo sell all
2026-08-20 01:15:55,325 - INFO - Next message will be sent in 2.3 seconds: owo cf 3
2026-08-20 01:15:58,170 - INFO - Typed message: owo use 75 65 54
2026-08-20 01:15:58,174 - INFO - Message sent: owo use 75 65 54
2026-08-20 01:15:58,747 - INFO - Next message will be sent in 3.0 seconds: owo hunt
2026-08-20 01:16:03,174 - INFO - Typed message: owo cf 3
2026-08-20 01:16:03,177 - INFO - Message sent: owo cf 3
2026-08-20 01:16:03,467 - INFO - Next message will be sent in 2.2 seconds: owo use 75 65 54
2026-08-20 01:16:07,354 - INFO - Typed message: owo hunt
2026-08-20 01:16:07,354 - INFO - Message sent: owo hunt
2026-08-20 01:16:08,034 - INFO - Next message will be sent in 2.4 seconds: owo battle
2026-08-20 01:16:11,796 - INFO - Typed message: owo use 75 65 54
2026-08-20 01:16:11,798 - INFO - Message sent: owo use 75 65 54
2026-08-20 01:16:12,362 - INFO - Next message will be sent in 2.1 seconds: owo hunt
2026-08-20 01:16:16,287 - INFO - Typed message: owo battle
2026-08-20 01:16:16,287 - INFO - Message sent: owo battle
2026-08-20 01:16:16,735 - INFO - Next message will be sent in 2.7 seconds: owo sell all
2026-08-20 01:16:19,102 - INFO - Typed message: owo hunt
2026-08-20 01:16:19,103 - INFO - Message sent: owo hunt
2026-08-20 01:16:19,698 - INFO - Next message will be sent in 2.6 seconds: owo battle
2026-08-20 01:16:25,296 - INFO - Typed message: owo sell all
2026-08-20 01:16:25,297 - INFO - Message sent: owo sell all
2026-08-20 01:16:25,511 - INFO - Next message will be sent in 2.7 seconds: owo cf 3
2026-08-20 01:16:27,479 - INFO - Typed message: owo battle
2026-08-20 01:16:27,479 - INFO - Message sent: owo battle
2026-08-20 01:16:28,005 - INFO - Next message will be sent in 2.1 seconds: owo sell all
2026-08-20 01:16:32,544 - INFO - Typed message: owo cf 3
2026-08-20 01:16:32,544 - INFO - Message sent: owo cf 3
2026-08-20 01:16:32,764 - INFO - Next message will be sent in 2.7 seconds: owo use 75 65 54
2026-08-20 01:16:35,868 - INFO - Typed message: owo sell all
2026-08-20 01:16:35,868 - INFO - Message sent: owo sell all
2026-08-20 01:16:36,538 - INFO - Next message will be sent in 3.0 seconds: owo cf 3
2026-08-20 01:16:41,445 - INFO - Typed message: owo use 75 65 54
2026-08-20 01:16:41,445 - INFO - Message sent: owo use 75 65 54
2026-08-20 01:16:41,861 - INFO - Next message will be sent in 2.8 seconds: owo hunt
2026-08-20 01:16:44,503 - INFO - Typed message: owo cf 3
2026-08-20 01:16:44,507 - INFO - Message sent: owo cf 3
2026-08-20 01:16:45,037 - INFO - Next message will be sent in 2.7 seconds: owo use 75 65 54
2026-08-20 01:16:49,158 - INFO - Typed message: owo hunt
2026-08-20 01:16:49,158 - INFO - Message sent: owo hunt
2026-08-20 01:16:49,506 - INFO - Next message will be sent in 2.8 seconds: owo battle
2026-08-20 01:16:54,485 - INFO - Typed message: owo use 75 65 54
2026-08-20 01:16:54,485 - INFO - Message sent: owo use 75 65 54
2026-08-20 01:16:55,016 - INFO - Next message will be sent in 2.7 seconds: owo hunt
2026-08-20 01:16:57,438 - INFO - Typed message: owo battle
2026-08-20 01:16:57,438 - INFO - Message sent: owo battle
2026-08-20 01:16:57,888 - INFO - Next message will be sent in 2.6 seconds: owo sell all
2026-08-20 01:17:02,630 - INFO - Typed message: owo hunt
2026-08-20 01:17:02,631 - INFO - Message sent: owo hunt
2026-08-20 01:17:02,958 - INFO - Next message will be sent in 2.8 seconds: owo battle
2026-08-20 01:17:06,323 - INFO - Typed message: owo sell all
2026-08-20 01:17:06,324 - INFO - Message sent: owo sell all
2026-08-20 01:17:06,890 - INFO - Next message will be sent in 2.6 seconds: owo cf 3
2026-08-20 01:17:11,155 - INFO - Typed message: owo battle
2026-08-20 01:17:11,155 - INFO - Message sent: owo battle
2026-08-20 01:17:11,486 - INFO - Next message will be sent in 2.8 seconds: owo sell all
2026-08-20 01:17:14,876 - INFO - Typed message: owo cf 3
2026-08-20 01:17:14,876 - INFO - Message sent: owo cf 3
2026-08-20 01:17:15,194 - INFO - Next message will be sent in 2.2 seconds: owo use 75 65 54
2026-08-20 01:17:19,136 - INFO - Typed message: owo sell all
2026-08-20 01:17:19,137 - INFO - Message sent: owo sell all
2026-08-20 01:17:19,714 - INFO - Next message will be sent in 2.4 seconds: owo cf 3
2026-08-20 01:17:22,830 - INFO - Typed message: owo use 75 65 54
2026-08-20 01:17:22,830 - INFO - Message sent: owo use 75 65 54
2026-08-20 01:17:23,425 - INFO - Next message will be sent in 2.8 seconds: owo hunt
2026-08-20 01:17:26,472 - INFO - Typed message: owo cf 3
2026-08-20 01:17:26,472 - INFO - Message sent: owo cf 3
2026-08-20 01:17:27,000 - INFO - Next message will be sent in 2.3 seconds: owo use 75 65 54
2026-08-20 01:17:30,703 - INFO - Typed message: owo hunt
2026-08-20 01:17:30,703 - INFO - Message sent: owo hunt
2026-08-20 01:17:31,171 - INFO - Next message will be sent in 2.1 seconds: owo battle
2026-08-20 01:17:36,666 - INFO - Typed message: owo use 75 65 54
2026-08-20 01:17:36,666 - INFO - Message sent: owo use 75 65 54
2026-08-20 01:17:36,970 - INFO - Next message will be sent in 2.8 seconds: owo hunt
2026-08-20 01:17:37,651 - INFO - Typed message: owo battle
2026-08-20 01:17:37,651 - INFO - Message sent: owo battle
2026-08-20 01:17:37,879 - INFO - Next message will be sent in 2.2 seconds: owo sell all
2026-08-20 01:17:45,774 - INFO - Typed message: owo sell all
2026-08-20 01:17:45,777 - INFO - Message sent: owo sell all
2026-08-20 01:17:45,777 - INFO - Typed message: owo hunt
2026-08-20 01:17:45,777 - INFO - Message sent: owo hunt
2026-08-20 01:17:46,393 - INFO - Next message will be sent in 2.8 seconds: owo battle
2026-08-20 01:17:46,526 - INFO - Next message will be sent in 2.8 seconds: owo cf 3
2026-08-20 01:17:54,904 - INFO - Typed message: owo cf 3
2026-08-20 01:17:54,904 - INFO - Message sent: owo cf 3
2026-08-20 01:17:55,146 - INFO - Next message will be sent in 2.8 seconds: owo use 75 65 54
2026-08-20 01:17:55,994 - INFO - Typed message: owo battle
2026-08-20 01:17:55,994 - INFO - Message sent: owo battle
2026-08-20 01:17:56,651 - INFO - Next message will be sent in 2.8 seconds: owo sell all
2026-08-20 01:18:03,839 - INFO - Typed message: owo use 75 65 54
2026-08-20 01:18:03,839 - INFO - Message sent: owo use 75 65 54
2026-08-20 01:18:04,201 - INFO - Next message will be sent in 2.2 seconds: owo hunt
2026-08-20 01:18:04,946 - INFO - Typed message: owo sell all
2026-08-20 01:18:04,946 - INFO - Message sent: owo sell all
2026-08-20 01:18:05,555 - INFO - Next message will be sent in 2.9 seconds: owo cf 3
2026-08-20 01:18:11,808 - INFO - Typed message: owo hunt
2026-08-20 01:18:11,809 - INFO - Message sent: owo hunt
2026-08-20 01:18:12,428 - INFO - Next message will be sent in 2.6 seconds: owo battle
2026-08-20 01:18:14,529 - INFO - Typed message: owo cf 3
2026-08-20 01:18:14,529 - INFO - Message sent: owo cf 3
2026-08-20 01:18:15,172 - INFO - Next message will be sent in 2.9 seconds: owo use 75 65 54
2026-08-20 01:18:20,632 - INFO - Typed message: owo battle
2026-08-20 01:18:20,632 - INFO - Message sent: owo battle
2026-08-20 01:18:21,165 - INFO - Next message will be sent in 2.3 seconds: owo sell all
2026-08-20 01:18:24,018 - INFO - Typed message: owo use 75 65 54
2026-08-20 01:18:24,018 - INFO - Message sent: owo use 75 65 54
2026-08-20 01:18:24,584 - INFO - Next message will be sent in 2.5 seconds: owo hunt
2026-08-20 01:18:29,482 - INFO - Typed message: owo sell all
2026-08-20 01:18:29,482 - INFO - Message sent: owo sell all
2026-08-20 01:18:29,690 - INFO - Next message will be sent in 2.0 seconds: owo cf 3
2026-08-20 01:18:32,451 - INFO - Typed message: owo hunt
2026-08-20 01:18:32,451 - INFO - Message sent: owo hunt
2026-08-20 01:18:32,676 - INFO - Next message will be sent in 2.7 seconds: owo battle
2026-08-20 01:18:35,891 - INFO - Typed message: owo cf 3
2026-08-20 01:18:35,891 - INFO - Message sent: owo cf 3
2026-08-20 01:18:36,431 - INFO - Next message will be sent in 2.0 seconds: owo use 75 65 54
2026-08-20 01:18:41,647 - INFO - Typed message: owo battle
2026-08-20 01:18:41,647 - INFO - Message sent: owo battle
2026-08-20 01:18:42,001 - INFO - Next message will be sent in 2.4 seconds: owo sell all
2026-08-20 01:18:44,094 - INFO - Typed message: owo use 75 65 54
2026-08-20 01:18:44,095 - INFO - Message sent: owo use 75 65 54
2026-08-20 01:18:44,823 - INFO - Next message will be sent in 2.3 seconds: owo hunt
2026-08-20 01:18:50,896 - INFO - Typed message: owo sell all
2026-08-20 01:18:50,896 - INFO - Message sent: owo sell all
2026-08-20 01:18:51,429 - INFO - Next message will be sent in 2.9 seconds: owo cf 3
2026-08-20 01:18:52,667 - INFO - Typed message: owo hunt
2026-08-20 01:18:52,667 - INFO - Message sent: owo hunt
2026-08-20 01:18:53,462 - INFO - Next message will be sent in 2.7 seconds: owo battle
2026-08-20 01:18:59,011 - INFO - Typed message: owo cf 3
2026-08-20 01:18:59,011 - INFO - Message sent: owo cf 3
2026-08-20 01:18:59,220 - INFO - Next message will be sent in 2.1 seconds: owo use 75 65 54
2026-08-20 01:19:02,348 - INFO - Typed message: owo battle
2026-08-20 01:19:02,348 - INFO - Message sent: owo battle
2026-08-20 01:19:02,679 - INFO - Next message will be sent in 2.1 seconds: owo sell all
2026-08-20 01:19:07,048 - INFO - Typed message: owo use 75 65 54
2026-08-20 01:19:07,049 - INFO - Message sent: owo use 75 65 54
2026-08-20 01:19:07,506 - INFO - Next message will be sent in 2.0 seconds: owo hunt
2026-08-20 01:19:09,904 - INFO - Typed message: owo sell all
2026-08-20 01:19:09,904 - INFO - Message sent: owo sell all
2026-08-20 01:19:10,341 - INFO - Next message will be sent in 2.3 seconds: owo cf 3
2026-08-20 01:19:14,251 - INFO - Typed message: owo hunt
2026-08-20 01:19:14,252 - INFO - Message sent: owo hunt
2026-08-20 01:19:14,859 - INFO - Next message will be sent in 2.9 seconds: owo battle
2026-08-20 01:19:16,860 - INFO - Typed message: owo cf 3
2026-08-20 01:19:16,860 - INFO - Message sent: owo cf 3
2026-08-20 01:19:17,660 - INFO - Next message will be sent in 2.6 seconds: owo use 75 65 54
2026-08-20 01:19:23,098 - INFO - Typed message: owo battle
2026-08-20 01:19:23,098 - INFO - Message sent: owo battle
2026-08-20 01:19:23,701 - INFO - Next message will be sent in 2.3 seconds: owo sell all
2026-08-20 01:19:25,411 - INFO - Typed message: owo use 75 65 54
2026-08-20 01:19:25,411 - INFO - Message sent: owo use 75 65 54
2026-08-20 01:19:25,680 - INFO - Next message will be sent in 3.0 seconds: owo hunt
2026-08-20 01:19:30,940 - INFO - Typed message: owo sell all
2026-08-20 01:19:30,940 - INFO - Message sent: owo sell all
2026-08-20 01:19:31,353 - INFO - Next message will be sent in 2.8 seconds: owo cf 3
2026-08-20 01:19:34,492 - INFO - Typed message: owo hunt
2026-08-20 01:19:34,493 - INFO - Message sent: owo hunt
2026-08-20 01:19:34,737 - INFO - Next message will be sent in 2.4 seconds: owo battle
2026-08-20 01:19:39,968 - INFO - Typed message: owo cf 3
2026-08-20 01:19:39,970 - INFO - Message sent: owo cf 3
2026-08-20 01:19:40,193 - INFO - Next message will be sent in 2.1 seconds: owo use 75 65 54
2026-08-20 01:19:41,581 - INFO - Typed message: owo battle
2026-08-20 01:19:41,586 - INFO - Message sent: owo battle
2026-08-20 01:19:42,044 - INFO - Next message will be sent in 2.2 seconds: owo sell all
2026-08-20 01:19:48,429 - INFO - Typed message: owo use 75 65 54
2026-08-20 01:19:48,433 - INFO - Message sent: owo use 75 65 54
2026-08-20 01:19:49,223 - INFO - Next message will be sent in 2.3 seconds: owo hunt
2026-08-20 01:19:49,629 - INFO - Typed message: owo sell all
2026-08-20 01:19:49,629 - INFO - Message sent: owo sell all
2026-08-20 01:19:50,251 - INFO - Next message will be sent in 2.2 seconds: owo cf 3
2026-08-20 01:19:56,653 - INFO - Typed message: owo cf 3
2026-08-20 01:19:56,656 - INFO - Message sent: owo cf 3
2026-08-20 01:19:57,185 - INFO - Next message will be sent in 2.5 seconds: owo use 75 65 54
2026-08-20 01:19:57,214 - INFO - Typed message: owo hunt
2026-08-20 01:19:57,214 - INFO - Message sent: owo hunt
2026-08-20 01:19:57,911 - INFO - Next message will be sent in 2.7 seconds: owo battle
2026-08-20 01:20:04,781 - INFO - Typed message: owo use 75 65 54
2026-08-20 01:20:04,782 - INFO - Message sent: owo use 75 65 54
2026-08-20 01:20:05,395 - INFO - Next message will be sent in 2.2 seconds: owo hunt
2026-08-20 01:20:05,648 - INFO - Typed message: owo battle
2026-08-20 01:20:05,648 - INFO - Message sent: owo battle
2026-08-20 01:20:06,084 - INFO - Next message will be sent in 2.5 seconds: owo sell all
2026-08-20 01:20:11,999 - INFO - Typed message: owo hunt
2026-08-20 01:20:12,002 - INFO - Message sent: owo hunt
2026-08-20 01:20:12,337 - INFO - Next message will be sent in 2.6 seconds: owo battle
2026-08-20 01:20:13,845 - INFO - Typed message: owo sell all
2026-08-20 01:20:13,845 - INFO - Message sent: owo sell all
2026-08-20 01:20:14,284 - INFO - Next message will be sent in 2.1 seconds: owo cf 3
2026-08-20 01:20:21,049 - INFO - Typed message: owo battle
2026-08-20 01:20:21,049 - INFO - Message sent: owo battle
2026-08-20 01:20:21,382 - INFO - Next message will be sent in 2.2 seconds: owo sell all
2026-08-20 01:20:22,538 - INFO - Typed message: owo cf 3
2026-08-20 01:20:22,539 - INFO - Message sent: owo cf 3
2026-08-20 01:20:23,327 - INFO - Next message will be sent in 2.3 seconds: owo use 75 65 54
2026-08-20 01:20:29,935 - INFO - Typed message: owo sell all
2026-08-20 01:20:29,935 - INFO - Message sent: owo sell all
2026-08-20 01:20:30,529 - INFO - Next message will be sent in 2.5 seconds: owo cf 3
2026-08-20 01:20:32,715 - INFO - Typed message: owo use 75 65 54
2026-08-20 01:20:32,716 - INFO - Message sent: owo use 75 65 54
2026-08-20 01:20:33,380 - INFO - Next message will be sent in 2.9 seconds: owo hunt
2026-08-20 01:20:38,147 - INFO - Typed message: owo cf 3
2026-08-20 01:20:38,147 - INFO - Message sent: owo cf 3
2026-08-20 01:20:38,944 - INFO - Next message will be sent in 2.3 seconds: owo use 75 65 54
2026-08-20 01:20:41,438 - INFO - Typed message: owo hunt
2026-08-20 01:20:41,438 - INFO - Message sent: owo hunt
2026-08-20 01:20:41,738 - INFO - Next message will be sent in 2.6 seconds: owo battle
2026-08-20 01:20:47,785 - INFO - Typed message: owo use 75 65 54
2026-08-20 01:20:47,786 - INFO - Message sent: owo use 75 65 54
2026-08-20 01:20:48,145 - INFO - Next message will be sent in 2.3 seconds: owo hunt
2026-08-20 01:20:49,097 - INFO - Typed message: owo battle
2026-08-20 01:20:49,098 - INFO - Message sent: owo battle
2026-08-20 01:20:49,504 - INFO - Next message will be sent in 2.1 seconds: owo sell all
2026-08-20 01:20:54,378 - INFO - Typed message: owo hunt
2026-08-20 01:20:54,381 - INFO - Message sent: owo hunt
2026-08-20 01:20:54,747 - INFO - Next message will be sent in 3.0 seconds: owo battle
2026-08-20 01:20:58,799 - INFO - Typed message: owo sell all
2026-08-20 01:20:58,802 - INFO - Message sent: owo sell all
2026-08-20 01:20:59,100 - INFO - Next message will be sent in 2.2 seconds: owo cf 3
2026-08-20 01:21:03,385 - INFO - Typed message: owo battle
2026-08-20 01:21:03,386 - INFO - Message sent: owo battle
2026-08-20 01:21:03,656 - INFO - Next message will be sent in 2.1 seconds: owo sell all
2026-08-20 01:21:06,022 - INFO - Typed message: owo cf 3
2026-08-20 01:21:06,022 - INFO - Message sent: owo cf 3
2026-08-20 01:21:06,798 - INFO - Next message will be sent in 2.1 seconds: owo use 75 65 54
2026-08-20 01:21:11,328 - INFO - Typed message: owo sell all
2026-08-20 01:21:11,328 - INFO - Message sent: owo sell all
2026-08-20 01:21:11,977 - INFO - Next message will be sent in 2.7 seconds: owo cf 3
2026-08-20 01:21:15,423 - INFO - Typed message: owo use 75 65 54
2026-08-20 01:21:15,423 - INFO - Message sent: owo use 75 65 54
2026-08-20 01:21:16,106 - INFO - Next message will be sent in 2.1 seconds: owo hunt
2026-08-20 01:21:19,783 - INFO - Typed message: owo cf 3
2026-08-20 01:21:19,783 - INFO - Message sent: owo cf 3
2026-08-20 01:21:20,334 - INFO - Next message will be sent in 2.0 seconds: owo use 75 65 54
2026-08-20 01:21:22,773 - INFO - Typed message: owo hunt
2026-08-20 01:21:22,773 - INFO - Message sent: owo hunt
2026-08-20 01:21:23,348 - INFO - Next message will be sent in 2.6 seconds: owo battle
2026-08-20 01:21:29,013 - INFO - Typed message: owo use 75 65 54
2026-08-20 01:21:29,013 - INFO - Message sent: owo use 75 65 54
2026-08-20 01:21:29,398 - INFO - Next message will be sent in 2.4 seconds: owo hunt
2026-08-20 01:21:32,146 - INFO - Typed message: owo battle
2026-08-20 01:21:32,146 - INFO - Message sent: owo battle
2026-08-20 01:21:32,793 - INFO - Next message will be sent in 2.5 seconds: owo sell all
2026-08-20 01:21:36,383 - INFO - Typed message: owo hunt
2026-08-20 01:21:36,383 - INFO - Message sent: owo hunt
2026-08-20 01:21:36,685 - INFO - Next message will be sent in 2.8 seconds: owo battle
2026-08-20 01:21:40,356 - INFO - Typed message: owo sell all
2026-08-20 01:21:40,358 - INFO - Message sent: owo sell all
2026-08-20 01:21:40,958 - INFO - Next message will be sent in 2.2 seconds: owo cf 3
2026-08-20 01:21:44,979 - INFO - Typed message: owo battle
2026-08-20 01:21:44,979 - INFO - Message sent: owo battle
2026-08-20 01:21:45,320 - INFO - Next message will be sent in 2.9 seconds: owo sell all
2026-08-20 01:21:48,113 - INFO - Typed message: owo cf 3
2026-08-20 01:21:48,118 - INFO - Message sent: owo cf 3
2026-08-20 01:21:48,726 - INFO - Next message will be sent in 2.5 seconds: owo use 75 65 54
2026-08-20 01:21:54,641 - INFO - Typed message: owo sell all
2026-08-20 01:21:54,641 - INFO - Message sent: owo sell all
2026-08-20 01:21:55,004 - INFO - Next message will be sent in 2.5 seconds: owo cf 3
2026-08-20 01:21:58,455 - INFO - Typed message: owo use 75 65 54
2026-08-20 01:21:58,455 - INFO - Message sent: owo use 75 65 54
2026-08-20 01:21:58,945 - INFO - Next message will be sent in 2.5 seconds: owo hunt
2026-08-20 01:22:02,007 - INFO - Typed message: owo cf 3
2026-08-20 01:22:02,007 - INFO - Message sent: owo cf 3
2026-08-20 01:22:02,386 - INFO - Next message will be sent in 2.4 seconds: owo use 75 65 54
2026-08-20 01:22:07,125 - INFO - Typed message: owo hunt
2026-08-20 01:22:07,126 - INFO - Message sent: owo hunt
2026-08-20 01:22:07,392 - INFO - Next message will be sent in 2.9 seconds: owo battle
2026-08-20 01:22:10,956 - INFO - Typed message: owo use 75 65 54
2026-08-20 01:22:10,957 - INFO - Message sent: owo use 75 65 54
2026-08-20 01:22:11,440 - INFO - Next message will be sent in 2.4 seconds: owo hunt
2026-08-20 01:22:16,739 - INFO - Typed message: owo battle
2026-08-20 01:22:16,741 - INFO - Message sent: owo battle
2026-08-20 01:22:17,229 - INFO - Next message will be sent in 2.4 seconds: owo sell all
2026-08-20 01:22:17,687 - INFO - Typed message: owo hunt
2026-08-20 01:22:17,687 - INFO - Message sent: owo hunt
2026-08-20 01:22:17,894 - INFO - Next message will be sent in 2.8 seconds: owo battle
2026-08-20 01:22:24,771 - INFO - Typed message: owo sell all
2026-08-20 01:22:24,771 - INFO - Message sent: owo sell all
2026-08-20 01:22:25,076 - INFO - Next message will be sent in 2.8 seconds: owo cf 3
2026-08-20 01:22:26,609 - INFO - Typed message: owo battle
2026-08-20 01:22:26,612 - INFO - Message sent: owo battle
2026-08-20 01:22:26,887 - INFO - Next message will be sent in 2.0 seconds: owo sell all
2026-08-20 01:22:32,548 - INFO - Typed message: owo cf 3
2026-08-20 01:22:32,548 - INFO - Message sent: owo cf 3
2026-08-20 01:22:32,912 - INFO - Next message will be sent in 3.0 seconds: owo use 75 65 54
2026-08-20 01:22:34,937 - INFO - Typed message: owo sell all
2026-08-20 01:22:34,938 - INFO - Message sent: owo sell all
2026-08-20 01:22:35,636 - INFO - Next message will be sent in 2.5 seconds: owo cf 3
2026-08-20 01:22:42,037 - INFO - Typed message: owo use 75 65 54
2026-08-20 01:22:42,038 - INFO - Message sent: owo use 75 65 54
2026-08-20 01:22:42,351 - INFO - Typed message: owo cf 3
2026-08-20 01:22:42,351 - INFO - Message sent: owo cf 3
2026-08-20 01:22:42,788 - INFO - Next message will be sent in 2.7 seconds: owo hunt
2026-08-20 01:22:43,118 - INFO - Next message will be sent in 2.4 seconds: owo use 75 65 54
2026-08-20 01:22:50,845 - INFO - Typed message: owo use 75 65 54
2026-08-20 01:22:50,845 - INFO - Message sent: owo use 75 65 54
2026-08-20 01:22:51,198 - INFO - Typed message: owo hunt
2026-08-20 01:22:51,198 - INFO - Message sent: owo hunt
2026-08-20 01:22:51,594 - INFO - Next message will be sent in 2.3 seconds: owo hunt
2026-08-20 01:22:51,728 - INFO - Next message will be sent in 2.2 seconds: owo battle
2026-08-20 01:22:58,752 - INFO - Typed message: owo hunt
2026-08-20 01:22:58,752 - INFO - Typed message: owo battle
2026-08-20 01:22:58,752 - INFO - Message sent: owo hunt
2026-08-20 01:22:58,752 - INFO - Message sent: owo battle
2026-08-20 01:22:59,085 - INFO - Next message will be sent in 2.1 seconds: owo battle
2026-08-20 01:22:59,309 - INFO - Next message will be sent in 2.4 seconds: owo sell all
2026-08-20 01:23:06,751 - INFO - Typed message: owo sell all
2026-08-20 01:23:06,751 - INFO - Message sent: owo sell all
2026-08-20 01:23:07,209 - INFO - Next message will be sent in 2.1 seconds: owo cf 3
2026-08-20 01:23:07,342 - INFO - Typed message: owo battle
2026-08-20 01:23:07,343 - INFO - Message sent: owo battle
2026-08-20 01:23:07,777 - INFO - Next message will be sent in 2.6 seconds: owo sell all
2026-08-20 01:23:14,408 - INFO - Typed message: owo cf 3
2026-08-20 01:23:14,408 - INFO - Message sent: owo cf 3
2026-08-20 01:23:14,631 - INFO - Next message will be sent in 2.2 seconds: owo use 75 65 54
2026-08-20 01:23:15,135 - INFO - Typed message: owo sell all
2026-08-20 01:23:15,135 - INFO - Message sent: owo sell all
2026-08-20 01:23:15,580 - INFO - Next message will be sent in 2.5 seconds: owo cf 3
2026-08-20 01:23:22,198 - INFO - Typed message: owo cf 3
2026-08-20 01:23:22,198 - INFO - Message sent: owo cf 3
2026-08-20 01:23:22,766 - INFO - Next message will be sent in 2.9 seconds: owo use 75 65 54
2026-08-20 01:23:24,087 - INFO - Typed message: owo use 75 65 54
2026-08-20 01:23:24,088 - INFO - Message sent: owo use 75 65 54
2026-08-20 01:23:24,382 - INFO - Next message will be sent in 2.3 seconds: owo hunt
2026-08-20 01:23:31,185 - INFO - Typed message: owo hunt
2026-08-20 01:23:31,186 - INFO - Message sent: owo hunt
2026-08-20 01:23:31,418 - INFO - Next message will be sent in 2.9 seconds: owo battle
2026-08-20 01:23:32,097 - INFO - Typed message: owo use 75 65 54
2026-08-20 01:23:32,098 - INFO - Message sent: owo use 75 65 54
2026-08-20 01:23:32,331 - INFO - Next message will be sent in 2.2 seconds: owo hunt
2026-08-20 01:23:39,200 - INFO - Typed message: owo hunt
2026-08-20 01:23:39,201 - INFO - Message sent: owo hunt
2026-08-20 01:23:39,658 - INFO - Next message will be sent in 2.9 seconds: owo battle
2026-08-20 01:23:39,976 - INFO - Typed message: owo battle
2026-08-20 01:23:39,976 - INFO - Message sent: owo battle
2026-08-20 01:23:40,672 - INFO - Next message will be sent in 2.2 seconds: owo sell all
2026-08-20 01:23:47,228 - INFO - Typed message: owo battle
2026-08-20 01:23:47,228 - INFO - Message sent: owo battle
2026-08-20 01:23:47,827 - INFO - Next message will be sent in 3.0 seconds: owo sell all
2026-08-20 01:23:49,617 - INFO - Typed message: owo sell all
2026-08-20 01:23:49,617 - INFO - Message sent: owo sell all
2026-08-20 01:23:50,345 - INFO - Next message will be sent in 2.6 seconds: owo cf 3
2026-08-20 01:23:56,491 - INFO - Typed message: owo sell all
2026-08-20 01:23:56,492 - INFO - Message sent: owo sell all
2026-08-20 01:23:56,814 - INFO - Next message will be sent in 2.5 seconds: owo cf 3
2026-08-20 01:23:58,015 - INFO - Typed message: owo cf 3
2026-08-20 01:23:58,015 - INFO - Message sent: owo cf 3
2026-08-20 01:23:58,692 - INFO - Next message will be sent in 2.8 seconds: owo use 75 65 54
2026-08-20 01:24:04,615 - INFO - Typed message: owo cf 3
2026-08-20 01:24:04,615 - INFO - Message sent: owo cf 3
2026-08-20 01:24:04,864 - INFO - Next message will be sent in 2.6 seconds: owo use 75 65 54
2026-08-20 01:24:07,452 - INFO - Typed message: owo use 75 65 54
2026-08-20 01:24:07,452 - INFO - Message sent: owo use 75 65 54
2026-08-20 01:24:07,669 - INFO - Next message will be sent in 2.2 seconds: owo hunt
2026-08-20 01:24:12,947 - INFO - Typed message: owo use 75 65 54
2026-08-20 01:24:12,950 - INFO - Message sent: owo use 75 65 54
2026-08-20 01:24:13,457 - INFO - Next message will be sent in 2.3 seconds: owo hunt
2026-08-20 01:24:15,181 - INFO - Typed message: owo hunt
2026-08-20 01:24:15,181 - INFO - Message sent: owo hunt
2026-08-20 01:24:15,558 - INFO - Next message will be sent in 2.4 seconds: owo battle
2026-08-20 01:24:20,580 - INFO - Typed message: owo hunt
2026-08-20 01:24:20,580 - INFO - Message sent: owo hunt
2026-08-20 01:24:21,088 - INFO - Next message will be sent in 2.4 seconds: owo battle
2026-08-20 01:24:24,385 - INFO - Typed message: owo battle
2026-08-20 01:24:24,385 - INFO - Message sent: owo battle
2026-08-20 01:24:25,100 - INFO - Next message will be sent in 3.0 seconds: owo sell all
2026-08-20 01:24:28,713 - INFO - Typed message: owo battle
2026-08-20 01:24:28,717 - INFO - Message sent: owo battle
2026-08-20 01:24:29,146 - INFO - Next message will be sent in 2.1 seconds: owo sell all
2026-08-20 01:24:34,289 - INFO - Typed message: owo sell all
2026-08-20 01:24:34,290 - INFO - Message sent: owo sell all
2026-08-20 01:24:34,739 - INFO - Next message will be sent in 2.6 seconds: owo cf 3
2026-08-20 01:24:36,890 - INFO - Typed message: owo sell all
2026-08-20 01:24:36,890 - INFO - Message sent: owo sell all
2026-08-20 01:24:37,670 - INFO - Next message will be sent in 2.8 seconds: owo cf 3
2026-08-20 01:24:42,167 - INFO - Typed message: owo cf 3
2026-08-20 01:24:42,167 - INFO - Message sent: owo cf 3
2026-08-20 01:24:42,878 - INFO - Next message will be sent in 2.5 seconds: owo use 75 65 54
2026-08-20 01:24:46,613 - INFO - Typed message: owo cf 3
2026-08-20 01:24:46,613 - INFO - Message sent: owo cf 3
2026-08-20 01:24:47,176 - INFO - Next message will be sent in 2.4 seconds: owo use 75 65 54
2026-08-20 01:24:52,487 - INFO - Typed message: owo use 75 65 54
2026-08-20 01:24:52,487 - INFO - Message sent: owo use 75 65 54
2026-08-20 01:24:52,769 - INFO - Next message will be sent in 2.2 seconds: owo hunt
2026-08-20 01:24:55,421 - INFO - Typed message: owo use 75 65 54
2026-08-20 01:24:55,421 - INFO - Message sent: owo use 75 65 54
2026-08-20 01:24:55,737 - INFO - Next message will be sent in 2.9 seconds: owo hunt
2026-08-20 01:24:59,554 - INFO - Typed message: owo hunt
2026-08-20 01:24:59,554 - INFO - Message sent: owo hunt
2026-08-20 01:24:59,911 - INFO - Next message will be sent in 2.5 seconds: owo battle
2026-08-20 01:25:02,669 - INFO - Typed message: owo hunt
2026-08-20 01:25:02,669 - INFO - Message sent: owo hunt
2026-08-20 01:25:03,410 - INFO - Next message will be sent in 2.5 seconds: owo battle
2026-08-20 01:25:08,935 - INFO - Typed message: owo battle
2026-08-20 01:25:08,936 - INFO - Message sent: owo battle
2026-08-20 01:25:09,612 - INFO - Next message will be sent in 2.4 seconds: owo sell all
2026-08-20 01:25:10,551 - INFO - Typed message: owo battle
2026-08-20 01:25:10,551 - INFO - Message sent: owo battle
2026-08-20 01:25:11,299 - INFO - Next message will be sent in 2.9 seconds: owo sell all
2026-08-20 01:25:16,660 - INFO - Typed message: owo sell all
2026-08-20 01:25:16,662 - INFO - Message sent: owo sell all
2026-08-20 01:25:17,412 - INFO - Next message will be sent in 2.1 seconds: owo cf 3
2026-08-20 01:25:19,035 - INFO - Typed message: owo sell all
2026-08-20 01:25:19,035 - INFO - Message sent: owo sell all
2026-08-20 01:25:19,629 - INFO - Next message will be sent in 2.7 seconds: owo cf 3
2026-08-20 01:25:24,728 - INFO - Typed message: owo cf 3
2026-08-20 01:25:24,728 - INFO - Message sent: owo cf 3
2026-08-20 01:25:25,369 - INFO - Next message will be sent in 2.9 seconds: owo use 75 65 54
2026-08-20 01:25:27,919 - INFO - Typed message: owo cf 3
2026-08-20 01:25:27,923 - INFO - Message sent: owo cf 3
2026-08-20 01:25:28,236 - INFO - Next message will be sent in 2.5 seconds: owo use 75 65 54
2026-08-20 01:25:34,705 - INFO - Typed message: owo use 75 65 54
2026-08-20 01:25:34,705 - INFO - Message sent: owo use 75 65 54
2026-08-20 01:25:35,382 - INFO - Next message will be sent in 2.7 seconds: owo hunt
2026-08-20 01:25:36,829 - INFO - Typed message: owo use 75 65 54
2026-08-20 01:25:36,830 - INFO - Message sent: owo use 75 65 54
2026-08-20 01:25:37,534 - INFO - Next message will be sent in 2.1 seconds: owo hunt
2026-08-20 01:25:44,109 - INFO - Typed message: owo hunt
2026-08-20 01:25:44,109 - INFO - Message sent: owo hunt
2026-08-20 01:25:44,716 - INFO - Next message will be sent in 2.2 seconds: owo battle
2026-08-20 01:25:45,166 - INFO - Typed message: owo hunt
2026-08-20 01:25:45,166 - INFO - Message sent: owo hunt
2026-08-20 01:25:45,765 - INFO - Next message will be sent in 2.9 seconds: owo battle
2026-08-20 01:25:52,751 - INFO - Typed message: owo battle
2026-08-20 01:25:52,752 - INFO - Message sent: owo battle
2026-08-20 01:25:53,420 - INFO - Next message will be sent in 2.9 seconds: owo sell all
2026-08-20 01:25:53,710 - INFO - Typed message: owo battle
2026-08-20 01:25:53,711 - INFO - Message sent: owo battle
2026-08-20 01:25:54,482 - INFO - Next message will be sent in 2.2 seconds: owo sell all
2026-08-20 01:26:01,498 - INFO - Typed message: owo sell all
2026-08-20 01:26:01,498 - INFO - Message sent: owo sell all
2026-08-20 01:26:01,911 - INFO - Next message will be sent in 2.7 seconds: owo cf 3
2026-08-20 01:26:02,473 - INFO - Typed message: owo sell all
2026-08-20 01:26:02,473 - INFO - Message sent: owo sell all
2026-08-20 01:26:03,240 - INFO - Next message will be sent in 2.1 seconds: owo cf 3
2026-08-20 01:26:09,707 - INFO - Typed message: owo cf 3
2026-08-20 01:26:09,708 - INFO - Message sent: owo cf 3
2026-08-20 01:26:09,990 - INFO - Next message will be sent in 2.7 seconds: owo use 75 65 54
2026-08-20 01:26:10,903 - INFO - Typed message: owo cf 3
2026-08-20 01:26:10,903 - INFO - Message sent: owo cf 3
2026-08-20 01:26:11,370 - INFO - Next message will be sent in 2.2 seconds: owo use 75 65 54
2026-08-20 01:26:19,334 - INFO - Typed message: owo use 75 65 54
2026-08-20 01:26:19,334 - INFO - Message sent: owo use 75 65 54
2026-08-20 01:26:19,773 - INFO - Typed message: owo use 75 65 54
2026-08-20 01:26:19,774 - INFO - Message sent: owo use 75 65 54
2026-08-20 01:26:20,028 - INFO - Next message will be sent in 2.6 seconds: owo hunt
2026-08-20 01:26:20,045 - INFO - Next message will be sent in 2.3 seconds: owo hunt
2026-08-20 01:26:27,250 - INFO - Typed message: owo hunt
2026-08-20 01:26:27,252 - INFO - Message sent: owo hunt
2026-08-20 01:26:27,455 - INFO - Typed message: owo hunt
2026-08-20 01:26:27,455 - INFO - Message sent: owo hunt
2026-08-20 01:26:27,671 - INFO - Next message will be sent in 2.5 seconds: owo battle
2026-08-20 01:26:27,715 - INFO - Next message will be sent in 2.0 seconds: owo battle
2026-08-20 01:26:35,933 - INFO - Typed message: owo battle
2026-08-20 01:26:35,933 - INFO - Message sent: owo battle
2026-08-20 01:26:36,349 - INFO - Typed message: owo battle
2026-08-20 01:26:36,351 - INFO - Message sent: owo battle
2026-08-20 01:26:36,428 - INFO - Next message will be sent in 2.6 seconds: owo sell all
2026-08-20 01:26:36,923 - INFO - Next message will be sent in 2.9 seconds: owo sell all
2026-08-20 01:26:45,915 - INFO - Typed message: owo sell all
2026-08-20 01:26:45,916 - INFO - Message sent: owo sell all
2026-08-20 01:26:46,284 - INFO - Next message will be sent in 2.7 seconds: owo cf 3
2026-08-20 01:26:46,473 - INFO - Typed message: owo sell all
2026-08-20 01:26:46,474 - INFO - Message sent: owo sell all
2026-08-20 01:26:46,701 - INFO - Next message will be sent in 2.3 seconds: owo cf 3
2026-08-20 01:26:53,882 - INFO - Typed message: owo cf 3
2026-08-20 01:26:53,882 - INFO - Message sent: owo cf 3
2026-08-20 01:26:54,624 - INFO - Next message will be sent in 2.1 seconds: owo use 75 65 54
2026-08-20 01:26:54,714 - INFO - Typed message: owo cf 3
2026-08-20 01:26:54,714 - INFO - Message sent: owo cf 3
2026-08-20 01:26:54,931 - INFO - Next message will be sent in 2.6 seconds: owo use 75 65 54
2026-08-20 01:27:03,085 - INFO - Typed message: owo use 75 65 54
2026-08-20 01:27:03,085 - INFO - Message sent: owo use 75 65 54
2026-08-20 01:27:03,717 - INFO - Next message will be sent in 2.5 seconds: owo hunt
2026-08-20 01:27:03,774 - INFO - Typed message: owo use 75 65 54
2026-08-20 01:27:03,774 - INFO - Message sent: owo use 75 65 54
2026-08-20 01:27:04,078 - INFO - Next message will be sent in 2.2 seconds: owo hunt
2026-08-20 01:27:10,250 - INFO - Typed message: owo hunt
2026-08-20 01:27:10,250 - INFO - Message sent: owo hunt
2026-08-20 01:27:10,832 - INFO - Typed message: owo hunt
2026-08-20 01:27:10,834 - INFO - Message sent: owo hunt
2026-08-20 01:27:11,012 - INFO - Next message will be sent in 3.0 seconds: owo battle
2026-08-20 01:27:11,119 - INFO - Next message will be sent in 2.2 seconds: owo battle
2026-08-20 01:27:18,709 - INFO - Typed message: owo battle
2026-08-20 01:27:18,709 - INFO - Message sent: owo battle
2026-08-20 01:27:19,286 - INFO - Next message will be sent in 2.4 seconds: owo sell all
2026-08-20 01:27:19,554 - INFO - Typed message: owo battle
2026-08-20 01:27:19,554 - INFO - Message sent: owo battle
2026-08-20 01:27:20,052 - INFO - Next message will be sent in 2.3 seconds: owo sell all
2026-08-20 01:27:27,149 - INFO - Typed message: owo sell all
2026-08-20 01:27:27,149 - INFO - Message sent: owo sell all
2026-08-20 01:27:27,466 - INFO - Next message will be sent in 2.0 seconds: owo cf 3
2026-08-20 01:27:27,762 - INFO - Typed message: owo sell all
2026-08-20 01:27:27,762 - INFO - Message sent: owo sell all
2026-08-20 01:27:28,132 - INFO - Next message will be sent in 2.8 seconds: owo cf 3
2026-08-20 01:27:33,817 - INFO - Typed message: owo cf 3
2026-08-20 01:27:33,818 - INFO - Message sent: owo cf 3
2026-08-20 01:27:34,292 - INFO - Next message will be sent in 2.3 seconds: owo use 75 65 54
2026-08-20 01:27:35,685 - INFO - Typed message: owo cf 3
2026-08-20 01:27:35,685 - INFO - Message sent: owo cf 3
2026-08-20 01:27:36,125 - INFO - Next message will be sent in 2.8 seconds: owo use 75 65 54
2026-08-20 01:27:42,182 - INFO - Typed message: owo use 75 65 54
2026-08-20 01:27:42,182 - INFO - Message sent: owo use 75 65 54
2026-08-20 01:27:42,398 - INFO - Next message will be sent in 2.5 seconds: owo hunt
2026-08-20 01:27:45,967 - INFO - Typed message: owo use 75 65 54
2026-08-20 01:27:45,967 - INFO - Message sent: owo use 75 65 54
2026-08-20 01:27:46,381 - INFO - Next message will be sent in 2.0 seconds: owo hunt
2026-08-20 01:27:49,711 - INFO - Typed message: owo hunt
2026-08-20 01:27:49,711 - INFO - Message sent: owo hunt
2026-08-20 01:27:50,177 - INFO - Next message will be sent in 2.6 seconds: owo battle
2026-08-20 01:27:54,472 - INFO - Typed message: owo hunt
2026-08-20 01:27:54,472 - INFO - Message sent: owo hunt
2026-08-20 01:27:54,978 - INFO - Next message will be sent in 3.0 seconds: owo battle
2026-08-20 01:27:57,997 - INFO - Typed message: owo battle
2026-08-20 01:27:57,997 - INFO - Message sent: owo battle
2026-08-20 01:27:58,559 - INFO - Next message will be sent in 2.7 seconds: owo sell all
2026-08-20 01:28:02,841 - INFO - Typed message: owo battle
2026-08-20 01:28:02,842 - INFO - Message sent: owo battle
2026-08-20 01:28:03,450 - INFO - Next message will be sent in 2.3 seconds: owo sell all
2026-08-20 01:28:07,105 - INFO - Typed message: owo sell all
2026-08-20 01:28:07,105 - INFO - Message sent: owo sell all
2026-08-20 01:28:07,840 - INFO - Next message will be sent in 2.3 seconds: owo cf 3
2026-08-20 01:28:12,305 - INFO - Typed message: owo sell all
2026-08-20 01:28:12,306 - INFO - Message sent: owo sell all
2026-08-20 01:28:12,623 - INFO - Next message will be sent in 2.6 seconds: owo cf 3
2026-08-20 01:28:16,017 - INFO - Typed message: owo cf 3
2026-08-20 01:28:16,018 - INFO - Message sent: owo cf 3
2026-08-20 01:28:16,598 - INFO - Next message will be sent in 2.2 seconds: owo use 75 65 54
2026-08-20 01:28:20,539 - INFO - Typed message: owo cf 3
2026-08-20 01:28:20,540 - INFO - Message sent: owo cf 3
2026-08-20 01:28:20,965 - INFO - Next message will be sent in 2.7 seconds: owo use 75 65 54
2026-08-20 01:28:24,340 - INFO - Typed message: owo use 75 65 54
2026-08-20 01:28:24,340 - INFO - Message sent: owo use 75 65 54
2026-08-20 01:28:24,821 - INFO - Next message will be sent in 2.3 seconds: owo hunt
2026-08-20 01:28:30,074 - INFO - Typed message: owo use 75 65 54
2026-08-20 01:28:30,074 - INFO - Message sent: owo use 75 65 54
2026-08-20 01:28:30,729 - INFO - Next message will be sent in 2.8 seconds: owo hunt
2026-08-20 01:28:32,207 - INFO - Typed message: owo hunt
2026-08-20 01:28:32,207 - INFO - Message sent: owo hunt
2026-08-20 01:28:32,652 - INFO - Next message will be sent in 2.4 seconds: owo battle
2026-08-20 01:28:37,753 - INFO - Typed message: owo hunt
2026-08-20 01:28:37,753 - INFO - Message sent: owo hunt
2026-08-20 01:28:38,451 - INFO - Next message will be sent in 2.6 seconds: owo battle
2026-08-20 01:28:40,493 - INFO - Typed message: owo battle
2026-08-20 01:28:40,493 - INFO - Message sent: owo battle
2026-08-20 01:28:40,987 - INFO - Next message will be sent in 2.7 seconds: owo sell all
2026-08-20 01:28:45,670 - INFO - Typed message: owo battle
2026-08-20 01:28:45,670 - INFO - Message sent: owo battle
2026-08-20 01:28:46,455 - INFO - Next message will be sent in 2.4 seconds: owo sell all
2026-08-20 01:28:48,428 - INFO - Typed message: owo sell all
2026-08-20 01:28:48,428 - INFO - Message sent: owo sell all
2026-08-20 01:28:48,924 - INFO - Next message will be sent in 2.8 seconds: owo cf 3
2026-08-20 01:28:55,202 - INFO - Typed message: owo sell all
2026-08-20 01:28:55,202 - INFO - Message sent: owo sell all
2026-08-20 01:28:55,557 - INFO - Next message will be sent in 2.0 seconds: owo cf 3
2026-08-20 01:28:56,726 - INFO - Typed message: owo cf 3
2026-08-20 01:28:56,728 - INFO - Message sent: owo cf 3
2026-08-20 01:28:57,447 - INFO - Next message will be sent in 2.8 seconds: owo use 75 65 54
2026-08-20 01:29:02,982 - INFO - Typed message: owo cf 3
2026-08-20 01:29:02,982 - INFO - Message sent: owo cf 3
2026-08-20 01:29:03,774 - INFO - Next message will be sent in 2.3 seconds: owo use 75 65 54
2026-08-20 01:29:06,958 - INFO - Typed message: owo use 75 65 54
2026-08-20 01:29:06,961 - INFO - Message sent: owo use 75 65 54
2026-08-20 01:29:07,687 - INFO - Next message will be sent in 2.3 seconds: owo hunt
2026-08-20 01:29:12,554 - INFO - Typed message: owo use 75 65 54
2026-08-20 01:29:12,572 - INFO - Message sent: owo use 75 65 54
2026-08-20 01:29:13,215 - INFO - Next message will be sent in 2.9 seconds: owo hunt
2026-08-20 01:29:15,345 - INFO - Typed message: owo hunt
2026-08-20 01:29:15,345 - INFO - Message sent: owo hunt
2026-08-20 01:29:15,584 - INFO - Next message will be sent in 2.6 seconds: owo battle
2026-08-20 01:29:21,597 - INFO - Typed message: owo hunt
2026-08-20 01:29:21,598 - INFO - Message sent: owo hunt
2026-08-20 01:29:22,274 - INFO - Next message will be sent in 2.7 seconds: owo battle
2026-08-20 01:29:22,841 - INFO - Typed message: owo battle
2026-08-20 01:29:22,841 - INFO - Message sent: owo battle
2026-08-20 01:29:23,254 - INFO - Next message will be sent in 2.9 seconds: owo sell all
2026-08-20 01:29:30,917 - INFO - Typed message: owo battle
2026-08-20 01:29:30,917 - INFO - Message sent: owo battle
2026-08-20 01:29:31,653 - INFO - Next message will be sent in 3.0 seconds: owo sell all
2026-08-20 01:29:32,500 - INFO - Typed message: owo sell all
2026-08-20 01:29:32,500 - INFO - Message sent: owo sell all
2026-08-20 01:29:32,857 - INFO - Next message will be sent in 2.9 seconds: owo cf 3
2026-08-20 01:29:39,698 - INFO - Typed message: owo cf 3
2026-08-20 01:29:39,700 - INFO - Message sent: owo cf 3
2026-08-20 01:29:40,191 - INFO - Typed message: owo sell all
2026-08-20 01:29:40,192 - INFO - Message sent: owo sell all
2026-08-20 01:29:40,465 - INFO - Next message will be sent in 2.0 seconds: owo use 75 65 54
2026-08-20 01:29:40,874 - INFO - Next message will be sent in 2.9 seconds: owo cf 3
2026-08-20 01:29:48,716 - INFO - Typed message: owo cf 3
2026-08-20 01:29:48,716 - INFO - Message sent: owo cf 3
2026-08-20 01:29:49,022 - INFO - Next message will be sent in 2.8 seconds: owo use 75 65 54
2026-08-20 01:29:49,079 - INFO - Typed message: owo use 75 65 54
2026-08-20 01:29:49,079 - INFO - Message sent: owo use 75 65 54
2026-08-20 01:29:49,388 - INFO - Next message will be sent in 2.3 seconds: owo hunt
2026-08-20 01:29:55,614 - INFO - Typed message: owo hunt
2026-08-20 01:29:55,614 - INFO - Message sent: owo hunt
2026-08-20 01:29:56,404 - INFO - Next message will be sent in 2.1 seconds: owo battle
2026-08-20 01:29:57,789 - INFO - Typed message: owo use 75 65 54
2026-08-20 01:29:57,790 - INFO - Message sent: owo use 75 65 54
2026-08-20 01:29:58,073 - INFO - Next message will be sent in 2.7 seconds: owo hunt
2026-08-20 01:30:03,985 - INFO - Typed message: owo battle
2026-08-20 01:30:03,985 - INFO - Message sent: owo battle
2026-08-20 01:30:04,581 - INFO - Next message will be sent in 2.6 seconds: owo sell all
2026-08-20 01:30:06,709 - INFO - Typed message: owo hunt
2026-08-20 01:30:06,710 - INFO - Message sent: owo hunt
2026-08-20 01:30:07,509 - INFO - Next message will be sent in 2.5 seconds: owo battle
2026-08-20 01:30:13,708 - INFO - Typed message: owo sell all
2026-08-20 01:30:13,708 - INFO - Message sent: owo sell all
2026-08-20 01:30:13,984 - INFO - Next message will be sent in 2.2 seconds: owo cf 3
2026-08-20 01:30:15,043 - INFO - Typed message: owo battle
2026-08-20 01:30:15,043 - INFO - Message sent: owo battle
2026-08-20 01:30:15,326 - INFO - Next message will be sent in 2.1 seconds: owo sell all
2026-08-20 01:30:22,249 - INFO - Typed message: owo sell all
2026-08-20 01:30:22,250 - INFO - Message sent: owo sell all
2026-08-20 01:30:22,344 - INFO - Typed message: owo cf 3
2026-08-20 01:30:22,348 - INFO - Message sent: owo cf 3
2026-08-20 01:30:22,709 - INFO - Next message will be sent in 2.6 seconds: owo cf 3
2026-08-20 01:30:22,745 - INFO - Next message will be sent in 2.6 seconds: owo use 75 65 54
2026-08-20 01:30:30,786 - INFO - Typed message: owo use 75 65 54
2026-08-20 01:30:30,787 - INFO - Message sent: owo use 75 65 54
2026-08-20 01:30:31,538 - INFO - Next message will be sent in 2.3 seconds: owo hunt
2026-08-20 01:30:31,570 - INFO - Typed message: owo cf 3
2026-08-20 01:30:31,572 - INFO - Message sent: owo cf 3
2026-08-20 01:30:32,357 - INFO - Next message will be sent in 2.4 seconds: owo use 75 65 54
2026-08-20 01:30:37,699 - INFO - Typed message: owo hunt
2026-08-20 01:30:37,699 - INFO - Message sent: owo hunt
2026-08-20 01:30:38,124 - INFO - Next message will be sent in 2.2 seconds: owo battle
2026-08-20 01:30:40,339 - INFO - Typed message: owo use 75 65 54
2026-08-20 01:30:40,339 - INFO - Message sent: owo use 75 65 54
2026-08-20 01:30:40,970 - INFO - Next message will be sent in 2.9 seconds: owo hunt
2026-08-20 01:30:44,915 - INFO - Typed message: owo battle
2026-08-20 01:30:44,915 - INFO - Message sent: owo battle
2026-08-20 01:30:45,132 - INFO - Next message will be sent in 2.4 seconds: owo sell all
2026-08-20 01:30:48,847 - INFO - Typed message: owo hunt
2026-08-20 01:30:48,847 - INFO - Message sent: owo hunt
2026-08-20 01:30:49,418 - INFO - Next message will be sent in 2.2 seconds: owo battle
2026-08-20 01:30:53,253 - INFO - Typed message: owo sell all
2026-08-20 01:30:53,253 - INFO - Message sent: owo sell all
2026-08-20 01:30:54,052 - INFO - Next message will be sent in 2.9 seconds: owo cf 3
2026-08-20 01:30:58,097 - INFO - Typed message: owo battle
2026-08-20 01:30:58,097 - INFO - Message sent: owo battle
2026-08-20 01:30:58,619 - INFO - Next message will be sent in 2.1 seconds: owo sell all
2026-08-20 01:31:02,069 - INFO - Typed message: owo cf 3
2026-08-20 01:31:02,069 - INFO - Message sent: owo cf 3
2026-08-20 01:31:02,423 - INFO - Next message will be sent in 2.5 seconds: owo use 75 65 54
2026-08-20 01:31:07,322 - INFO - Typed message: owo sell all
2026-08-20 01:31:07,322 - INFO - Message sent: owo sell all
2026-08-20 01:31:07,819 - INFO - Next message will be sent in 2.5 seconds: owo cf 3
2026-08-20 01:31:09,878 - INFO - Typed message: owo use 75 65 54
2026-08-20 01:31:09,878 - INFO - Message sent: owo use 75 65 54
2026-08-20 01:31:10,411 - INFO - Next message will be sent in 2.0 seconds: owo hunt
2026-08-20 01:31:15,693 - INFO - Typed message: owo cf 3
2026-08-20 01:31:15,693 - INFO - Message sent: owo cf 3
2026-08-20 01:31:16,207 - INFO - Next message will be sent in 2.7 seconds: owo use 75 65 54
2026-08-20 01:31:18,247 - INFO - Typed message: owo hunt
2026-08-20 01:31:18,247 - INFO - Message sent: owo hunt
2026-08-20 01:31:18,892 - INFO - Next message will be sent in 2.5 seconds: owo battle
2026-08-20 01:31:25,491 - INFO - Typed message: owo use 75 65 54
2026-08-20 01:31:25,491 - INFO - Message sent: owo use 75 65 54
2026-08-20 01:31:26,200 - INFO - Next message will be sent in 2.6 seconds: owo hunt
2026-08-20 01:31:26,990 - INFO - Typed message: owo battle
2026-08-20 01:31:26,990 - INFO - Message sent: owo battle
2026-08-20 01:31:27,785 - INFO - Next message will be sent in 2.2 seconds: owo sell all
2026-08-20 01:31:32,952 - INFO - Typed message: owo hunt
2026-08-20 01:31:32,952 - INFO - Message sent: owo hunt
2026-08-20 01:31:33,471 - INFO - Next message will be sent in 2.3 seconds: owo battle
2026-08-20 01:31:35,642 - INFO - Typed message: owo sell all
2026-08-20 01:31:35,643 - INFO - Message sent: owo sell all
2026-08-20 01:31:36,033 - INFO - Next message will be sent in 2.6 seconds: owo cf 3
2026-08-20 01:31:42,059 - INFO - Typed message: owo battle
2026-08-20 01:31:42,059 - INFO - Message sent: owo battle
2026-08-20 01:31:42,621 - INFO - Next message will be sent in 2.4 seconds: owo sell all
2026-08-20 01:31:43,827 - INFO - Typed message: owo cf 3
2026-08-20 01:31:43,831 - INFO - Message sent: owo cf 3
2026-08-20 01:31:44,036 - INFO - Next message will be sent in 2.8 seconds: owo use 75 65 54
2026-08-20 01:31:50,936 - INFO - Typed message: owo sell all
2026-08-20 01:31:50,937 - INFO - Message sent: owo sell all
2026-08-20 01:31:51,554 - INFO - Next message will be sent in 2.3 seconds: owo cf 3
2026-08-20 01:31:52,597 - INFO - Typed message: owo use 75 65 54
2026-08-20 01:31:52,597 - INFO - Message sent: owo use 75 65 54
2026-08-20 01:31:52,870 - INFO - Next message will be sent in 2.6 seconds: owo hunt
2026-08-20 01:31:59,535 - INFO - Typed message: owo cf 3
2026-08-20 01:31:59,538 - INFO - Message sent: owo cf 3
2026-08-20 01:31:59,897 - INFO - Typed message: owo hunt
2026-08-20 01:31:59,900 - INFO - Message sent: owo hunt
2026-08-20 01:32:00,035 - INFO - Next message will be sent in 2.0 seconds: owo use 75 65 54
2026-08-20 01:32:00,640 - INFO - Next message will be sent in 2.3 seconds: owo battle
2026-08-20 01:32:07,796 - INFO - Typed message: owo battle
2026-08-20 01:32:07,797 - INFO - Message sent: owo battle
2026-08-20 01:32:08,203 - INFO - Typed message: owo use 75 65 54
2026-08-20 01:32:08,206 - INFO - Message sent: owo use 75 65 54
2026-08-20 01:32:08,449 - INFO - Next message will be sent in 2.6 seconds: owo sell all
2026-08-20 01:32:08,752 - INFO - Next message will be sent in 2.7 seconds: owo hunt
2026-08-20 01:32:16,535 - INFO - Typed message: owo hunt
2026-08-20 01:32:16,536 - INFO - Message sent: owo hunt
2026-08-20 01:32:16,868 - INFO - Next message will be sent in 2.2 seconds: owo battle
2026-08-20 01:32:17,435 - INFO - Typed message: owo sell all
2026-08-20 01:32:17,435 - INFO - Message sent: owo sell all
2026-08-20 01:32:17,654 - INFO - Next message will be sent in 2.1 seconds: owo cf 3
2026-08-20 01:32:24,023 - INFO - Typed message: owo cf 3
2026-08-20 01:32:24,023 - INFO - Message sent: owo cf 3
2026-08-20 01:32:24,355 - INFO - Next message will be sent in 2.6 seconds: owo use 75 65 54
2026-08-20 01:32:25,571 - INFO - Typed message: owo battle
2026-08-20 01:32:25,571 - INFO - Message sent: owo battle
2026-08-20 01:32:26,107 - INFO - Next message will be sent in 2.0 seconds: owo sell all
2026-08-20 01:32:33,545 - INFO - Typed message: owo use 75 65 54
2026-08-20 01:32:33,545 - INFO - Message sent: owo use 75 65 54
2026-08-20 01:32:34,340 - INFO - Next message will be sent in 3.0 seconds: owo hunt
2026-08-20 01:32:34,730 - INFO - Typed message: owo sell all
2026-08-20 01:32:34,730 - INFO - Message sent: owo sell all
2026-08-20 01:32:35,298 - INFO - Next message will be sent in 2.9 seconds: owo cf 3
2026-08-20 01:32:42,383 - INFO - Typed message: owo hunt
2026-08-20 01:32:42,383 - INFO - Message sent: owo hunt
2026-08-20 01:32:42,920 - INFO - Next message will be sent in 2.8 seconds: owo battle
2026-08-20 01:32:44,384 - INFO - Typed message: owo cf 3
2026-08-20 01:32:44,385 - INFO - Message sent: owo cf 3
2026-08-20 01:32:44,600 - INFO - Next message will be sent in 2.1 seconds: owo use 75 65 54
2026-08-20 01:32:50,780 - INFO - Typed message: owo battle
2026-08-20 01:32:50,780 - INFO - Message sent: owo battle
2026-08-20 01:32:51,241 - INFO - Next message will be sent in 2.0 seconds: owo sell all
2026-08-20 01:32:53,875 - INFO - Typed message: owo use 75 65 54
2026-08-20 01:32:53,875 - INFO - Message sent: owo use 75 65 54
2026-08-20 01:32:54,185 - INFO - Next message will be sent in 2.4 seconds: owo hunt
2026-08-20 01:32:58,662 - INFO - Typed message: owo sell all
2026-08-20 01:32:58,663 - INFO - Message sent: owo sell all
2026-08-20 01:32:58,962 - INFO - Next message will be sent in 2.9 seconds: owo cf 3
2026-08-20 01:33:02,021 - INFO - Typed message: owo hunt
2026-08-20 01:33:02,021 - INFO - Message sent: owo hunt
2026-08-20 01:33:02,237 - INFO - Next message will be sent in 2.8 seconds: owo battle
2026-08-20 01:33:07,029 - INFO - Typed message: owo cf 3
2026-08-20 01:33:07,033 - INFO - Message sent: owo cf 3
2026-08-20 01:33:07,287 - INFO - Next message will be sent in 2.6 seconds: owo use 75 65 54
2026-08-20 01:33:11,161 - INFO - Typed message: owo battle
2026-08-20 01:33:11,162 - INFO - Message sent: owo battle
2026-08-20 01:33:11,363 - INFO - Next message will be sent in 2.7 seconds: owo sell all
2026-08-20 01:33:15,337 - INFO - Typed message: owo use 75 65 54
2026-08-20 01:33:15,338 - INFO - Message sent: owo use 75 65 54
2026-08-20 01:33:16,101 - INFO - Next message will be sent in 2.7 seconds: owo hunt
2026-08-20 01:33:21,015 - INFO - Typed message: owo sell all
2026-08-20 01:33:21,016 - INFO - Message sent: owo sell all
2026-08-20 01:33:21,222 - INFO - Next message will be sent in 2.6 seconds: owo cf 3
2026-08-20 01:33:23,313 - INFO - Typed message: owo hunt
2026-08-20 01:33:23,317 - INFO - Message sent: owo hunt
2026-08-20 01:33:23,870 - INFO - Next message will be sent in 2.4 seconds: owo battle
2026-08-20 01:33:28,946 - INFO - Typed message: owo cf 3
2026-08-20 01:33:28,946 - INFO - Message sent: owo cf 3
2026-08-20 01:33:29,357 - INFO - Next message will be sent in 2.2 seconds: owo use 75 65 54
2026-08-20 01:33:31,988 - INFO - Typed message: owo battle
2026-08-20 01:33:31,988 - INFO - Message sent: owo battle
2026-08-20 01:33:32,439 - INFO - Next message will be sent in 2.1 seconds: owo sell all
2026-08-20 01:33:38,602 - INFO - Typed message: owo use 75 65 54
2026-08-20 01:33:38,602 - INFO - Message sent: owo use 75 65 54
2026-08-20 01:33:39,392 - INFO - Next message will be sent in 2.6 seconds: owo hunt
2026-08-20 01:33:40,119 - INFO - Typed message: owo sell all
2026-08-20 01:33:40,119 - INFO - Message sent: owo sell all
2026-08-20 01:33:40,674 - INFO - Next message will be sent in 2.1 seconds: owo cf 3
2026-08-20 01:33:47,867 - INFO - Typed message: owo hunt
2026-08-20 01:33:47,873 - INFO - Message sent: owo hunt
2026-08-20 01:33:48,145 - INFO - Next message will be sent in 2.2 seconds: owo battle
2026-08-20 01:33:48,370 - INFO - Typed message: owo cf 3
2026-08-20 01:33:48,371 - INFO - Message sent: owo cf 3
2026-08-20 01:33:48,961 - INFO - Next message will be sent in 2.7 seconds: owo use 75 65 54
2026-08-20 01:33:55,615 - INFO - Typed message: owo battle
2026-08-20 01:33:55,615 - INFO - Message sent: owo battle
2026-08-20 01:33:55,845 - INFO - Next message will be sent in 2.2 seconds: owo sell all
2026-08-20 01:33:58,483 - INFO - Typed message: owo use 75 65 54
2026-08-20 01:33:58,483 - INFO - Message sent: owo use 75 65 54
2026-08-20 01:33:59,285 - INFO - Next message will be sent in 2.2 seconds: owo hunt
2026-08-20 01:34:03,600 - INFO - Typed message: owo sell all
2026-08-20 01:34:03,600 - INFO - Message sent: owo sell all
2026-08-20 01:34:04,141 - INFO - Next message will be sent in 3.0 seconds: owo cf 3
2026-08-20 01:34:05,884 - INFO - Typed message: owo hunt
2026-08-20 01:34:05,884 - INFO - Message sent: owo hunt
2026-08-20 01:34:06,619 - INFO - Next message will be sent in 2.1 seconds: owo battle
2026-08-20 01:34:12,778 - INFO - Typed message: owo cf 3
2026-08-20 01:34:12,778 - INFO - Message sent: owo cf 3
2026-08-20 01:34:13,291 - INFO - Next message will be sent in 2.9 seconds: owo use 75 65 54
2026-08-20 01:34:13,401 - INFO - Typed message: owo battle
2026-08-20 01:34:13,401 - INFO - Message sent: owo battle
2026-08-20 01:34:14,196 - INFO - Next message will be sent in 2.0 seconds: owo sell all
2026-08-20 01:34:21,683 - INFO - Typed message: owo sell all
2026-08-20 01:34:21,684 - INFO - Message sent: owo sell all
2026-08-20 01:34:22,166 - INFO - Next message will be sent in 2.3 seconds: owo cf 3
2026-08-20 01:34:22,934 - INFO - Typed message: owo use 75 65 54
2026-08-20 01:34:22,934 - INFO - Message sent: owo use 75 65 54
2026-08-20 01:34:23,445 - INFO - Next message will be sent in 2.9 seconds: owo hunt
2026-08-20 01:34:29,266 - INFO - Typed message: owo cf 3
2026-08-20 01:34:29,266 - INFO - Message sent: owo cf 3
2026-08-20 01:34:29,868 - INFO - Next message will be sent in 2.5 seconds: owo use 75 65 54
2026-08-20 01:34:31,252 - INFO - Typed message: owo hunt
2026-08-20 01:34:31,254 - INFO - Message sent: owo hunt
2026-08-20 01:34:31,524 - INFO - Next message will be sent in 2.8 seconds: owo battle
2026-08-20 01:34:37,742 - INFO - Typed message: owo use 75 65 54
2026-08-20 01:34:37,742 - INFO - Message sent: owo use 75 65 54
2026-08-20 01:34:38,180 - INFO - Next message will be sent in 2.9 seconds: owo hunt
2026-08-20 01:34:39,776 - INFO - Typed message: owo battle
2026-08-20 01:34:39,777 - INFO - Message sent: owo battle
2026-08-20 01:34:40,442 - INFO - Next message will be sent in 2.5 seconds: owo sell all
2026-08-20 01:34:46,501 - INFO - Typed message: owo hunt
2026-08-20 01:34:46,504 - INFO - Message sent: owo hunt
2026-08-20 01:34:47,118 - INFO - Next message will be sent in 2.4 seconds: owo battle
2026-08-20 01:34:49,587 - INFO - Typed message: owo sell all
2026-08-20 01:34:49,587 - INFO - Message sent: owo sell all
2026-08-20 01:34:50,354 - INFO - Next message will be sent in 2.5 seconds: owo cf 3
2026-08-20 01:34:54,830 - INFO - Typed message: owo battle
2026-08-20 01:34:54,831 - INFO - Message sent: owo battle
2026-08-20 01:34:55,231 - INFO - Next message will be sent in 2.8 seconds: owo sell all
2026-08-20 01:34:58,828 - INFO - Typed message: owo cf 3
2026-08-20 01:34:58,828 - INFO - Message sent: owo cf 3
2026-08-20 01:34:59,584 - INFO - Next message will be sent in 2.0 seconds: owo use 75 65 54
2026-08-20 01:35:04,767 - INFO - Typed message: owo sell all
2026-08-20 01:35:04,767 - INFO - Message sent: owo sell all
2026-08-20 01:35:05,339 - INFO - Next message will be sent in 2.6 seconds: owo cf 3
2026-08-20 01:35:07,157 - INFO - Typed message: owo use 75 65 54
2026-08-20 01:35:07,163 - INFO - Message sent: owo use 75 65 54
2026-08-20 01:35:07,397 - INFO - Next message will be sent in 2.4 seconds: owo hunt
2026-08-20 01:35:13,765 - INFO - Typed message: owo cf 3
2026-08-20 01:35:13,767 - INFO - Message sent: owo cf 3
2026-08-20 01:35:14,212 - INFO - Next message will be sent in 2.8 seconds: owo use 75 65 54
2026-08-20 01:35:14,989 - INFO - Typed message: owo hunt
2026-08-20 01:35:14,990 - INFO - Message sent: owo hunt
2026-08-20 01:35:15,695 - INFO - Next message will be sent in 2.7 seconds: owo battle
2026-08-20 01:35:22,622 - INFO - Typed message: owo battle
2026-08-20 01:35:22,622 - INFO - Message sent: owo battle
2026-08-20 01:35:23,132 - INFO - Typed message: owo use 75 65 54
2026-08-20 01:35:23,132 - INFO - Message sent: owo use 75 65 54
2026-08-20 01:35:23,300 - INFO - Next message will be sent in 2.7 seconds: owo sell all
2026-08-20 01:35:23,493 - INFO - Next message will be sent in 2.5 seconds: owo hunt
2026-08-20 01:35:31,651 - INFO - Typed message: owo hunt
2026-08-20 01:35:31,651 - INFO - Message sent: owo hunt
2026-08-20 01:35:32,424 - INFO - Next message will be sent in 2.4 seconds: owo battle
2026-08-20 01:35:32,862 - INFO - Typed message: owo sell all
2026-08-20 01:35:32,862 - INFO - Message sent: owo sell all
2026-08-20 01:35:33,526 - INFO - Next message will be sent in 2.1 seconds: owo cf 3
2026-08-20 01:35:40,603 - INFO - Typed message: owo battle
2026-08-20 01:35:40,603 - INFO - Message sent: owo battle
2026-08-20 01:35:40,952 - INFO - Next message will be sent in 2.4 seconds: owo sell all
2026-08-20 01:35:41,128 - INFO - Typed message: owo cf 3
2026-08-20 01:35:41,129 - INFO - Message sent: owo cf 3
2026-08-20 01:35:41,910 - INFO - Next message will be sent in 2.7 seconds: owo use 75 65 54
2026-08-20 01:35:48,750 - INFO - Typed message: owo sell all
2026-08-20 01:35:48,753 - INFO - Message sent: owo sell all
2026-08-20 01:35:49,237 - INFO - Next message will be sent in 2.0 seconds: owo cf 3
2026-08-20 01:35:51,307 - INFO - Typed message: owo use 75 65 54
2026-08-20 01:35:51,308 - INFO - Message sent: owo use 75 65 54
2026-08-20 01:35:51,854 - INFO - Next message will be sent in 2.3 seconds: owo hunt
2026-08-20 01:35:55,642 - INFO - Typed message: owo cf 3
2026-08-20 01:35:55,645 - INFO - Message sent: owo cf 3
2026-08-20 01:35:55,901 - INFO - Next message will be sent in 2.3 seconds: owo use 75 65 54
2026-08-20 01:35:59,726 - INFO - Typed message: owo hunt
2026-08-20 01:35:59,726 - INFO - Message sent: owo hunt
2026-08-20 01:36:00,351 - INFO - Next message will be sent in 2.8 seconds: owo battle
2026-08-20 01:36:02,964 - INFO - Typed message: owo use 75 65 54
2026-08-20 01:36:02,964 - INFO - Message sent: owo use 75 65 54
2026-08-20 01:36:03,664 - INFO - Next message will be sent in 2.7 seconds: owo hunt
2026-08-20 01:36:08,426 - INFO - Typed message: owo battle
2026-08-20 01:36:08,426 - INFO - Message sent: owo battle
2026-08-20 01:36:09,128 - INFO - Next message will be sent in 2.5 seconds: owo sell all
2026-08-20 01:36:11,194 - INFO - Typed message: owo hunt
2026-08-20 01:36:11,194 - INFO - Message sent: owo hunt
2026-08-20 01:36:11,950 - INFO - Next message will be sent in 2.2 seconds: owo battle
2026-08-20 01:36:16,435 - INFO - Typed message: owo sell all
2026-08-20 01:36:16,435 - INFO - Message sent: owo sell all
2026-08-20 01:36:16,815 - INFO - Next message will be sent in 2.2 seconds: owo cf 3
2026-08-20 01:36:19,866 - INFO - Typed message: owo battle
2026-08-20 01:36:19,866 - INFO - Message sent: owo battle
2026-08-20 01:36:20,527 - INFO - Next message will be sent in 2.1 seconds: owo sell all
2026-08-20 01:36:23,725 - INFO - Typed message: owo cf 3
2026-08-20 01:36:23,725 - INFO - Message sent: owo cf 3
2026-08-20 01:36:23,952 - INFO - Next message will be sent in 2.8 seconds: owo use 75 65 54
2026-08-20 01:36:28,028 - INFO - Typed message: owo sell all
2026-08-20 01:36:28,028 - INFO - Message sent: owo sell all
2026-08-20 01:36:28,364 - INFO - Next message will be sent in 2.9 seconds: owo cf 3
2026-08-20 01:36:32,828 - INFO - Typed message: owo use 75 65 54
2026-08-20 01:36:32,828 - INFO - Message sent: owo use 75 65 54
2026-08-20 01:36:33,456 - INFO - Next message will be sent in 2.3 seconds: owo hunt
2026-08-20 01:36:36,568 - INFO - Typed message: owo cf 3
2026-08-20 01:36:36,568 - INFO - Message sent: owo cf 3
2026-08-20 01:36:36,982 - INFO - Next message will be sent in 2.4 seconds: owo use 75 65 54
2026-08-20 01:36:39,722 - INFO - Typed message: owo hunt
2026-08-20 01:36:39,722 - INFO - Message sent: owo hunt
2026-08-20 01:36:39,930 - INFO - Next message will be sent in 2.1 seconds: owo battle
2026-08-20 01:36:45,874 - INFO - Typed message: owo use 75 65 54
2026-08-20 01:36:45,876 - INFO - Message sent: owo use 75 65 54
2026-08-20 01:36:46,474 - INFO - Next message will be sent in 2.4 seconds: owo hunt
2026-08-20 01:36:47,204 - INFO - Typed message: owo battle
2026-08-20 01:36:47,204 - INFO - Message sent: owo battle
2026-08-20 01:36:47,754 - INFO - Next message will be sent in 2.1 seconds: owo sell all
2026-08-20 01:36:54,256 - INFO - Typed message: owo hunt
2026-08-20 01:36:54,256 - INFO - Message sent: owo hunt
2026-08-20 01:36:54,701 - INFO - Next message will be sent in 2.2 seconds: owo battle
2026-08-20 01:36:55,430 - INFO - Typed message: owo sell all
2026-08-20 01:36:55,430 - INFO - Message sent: owo sell all
2026-08-20 01:36:55,908 - INFO - Next message will be sent in 2.1 seconds: owo cf 3
2026-08-20 01:37:02,808 - INFO - Typed message: owo battle
2026-08-20 01:37:02,808 - INFO - Message sent: owo battle
2026-08-20 01:37:03,333 - INFO - Next message will be sent in 2.8 seconds: owo sell all
2026-08-20 01:37:04,390 - INFO - Typed message: owo cf 3
2026-08-20 01:37:04,390 - INFO - Message sent: owo cf 3
2026-08-20 01:37:05,095 - INFO - Next message will be sent in 2.9 seconds: owo use 75 65 54
2026-08-20 01:37:12,920 - INFO - Typed message: owo sell all
2026-08-20 01:37:12,920 - INFO - Message sent: owo sell all
2026-08-20 01:37:13,430 - INFO - Next message will be sent in 2.9 seconds: owo cf 3
2026-08-20 01:37:14,268 - INFO - Typed message: owo use 75 65 54
2026-08-20 01:37:14,268 - INFO - Message sent: owo use 75 65 54
2026-08-20 01:37:14,577 - INFO - Next message will be sent in 2.1 seconds: owo hunt
2026-08-20 01:37:20,927 - INFO - Typed message: owo cf 3
2026-08-20 01:37:20,927 - INFO - Message sent: owo cf 3
2026-08-20 01:37:21,387 - INFO - Next message will be sent in 2.4 seconds: owo use 75 65 54
2026-08-20 01:37:22,302 - INFO - Typed message: owo hunt
2026-08-20 01:37:22,305 - INFO - Message sent: owo hunt
2026-08-20 01:37:22,876 - INFO - Next message will be sent in 2.1 seconds: owo battle
2026-08-20 01:37:29,612 - INFO - Typed message: owo battle
2026-08-20 01:37:29,612 - INFO - Message sent: owo battle
2026-08-20 01:37:29,823 - INFO - Next message will be sent in 2.1 seconds: owo sell all
2026-08-20 01:37:31,431 - INFO - Typed message: owo use 75 65 54
2026-08-20 01:37:31,432 - INFO - Message sent: owo use 75 65 54
2026-08-20 01:37:32,216 - INFO - Next message will be sent in 2.8 seconds: owo hunt
2026-08-20 01:37:37,904 - INFO - Typed message: owo sell all
2026-08-20 01:37:37,905 - INFO - Message sent: owo sell all
2026-08-20 01:37:38,647 - INFO - Next message will be sent in 2.8 seconds: owo cf 3
2026-08-20 01:37:39,940 - INFO - Typed message: owo hunt
2026-08-20 01:37:39,940 - INFO - Message sent: owo hunt
2026-08-20 01:37:40,289 - INFO - Next message will be sent in 2.4 seconds: owo battle
2026-08-20 01:37:45,809 - INFO - Typed message: owo cf 3
2026-08-20 01:37:45,809 - INFO - Message sent: owo cf 3
2026-08-20 01:37:46,415 - INFO - Next message will be sent in 2.6 seconds: owo use 75 65 54
2026-08-20 01:37:47,827 - INFO - Typed message: owo battle
2026-08-20 01:37:47,827 - INFO - Message sent: owo battle
2026-08-20 01:37:48,341 - INFO - Next message will be sent in 2.3 seconds: owo sell all
2026-08-20 01:37:54,827 - INFO - Typed message: owo use 75 65 54
2026-08-20 01:37:54,828 - INFO - Message sent: owo use 75 65 54
2026-08-20 01:37:55,432 - INFO - Next message will be sent in 2.8 seconds: owo hunt
2026-08-20 01:37:57,221 - INFO - Typed message: owo sell all
2026-08-20 01:37:57,223 - INFO - Message sent: owo sell all
2026-08-20 01:37:57,858 - INFO - Next message will be sent in 3.0 seconds: owo cf 3
2026-08-20 01:38:03,114 - INFO - Typed message: owo hunt
2026-08-20 01:38:03,116 - INFO - Message sent: owo hunt
2026-08-20 01:38:03,777 - INFO - Next message will be sent in 2.1 seconds: owo battle
2026-08-20 01:38:06,594 - INFO - Typed message: owo cf 3
2026-08-20 01:38:06,594 - INFO - Message sent: owo cf 3
2026-08-20 01:38:07,172 - INFO - Next message will be sent in 2.3 seconds: owo use 75 65 54
2026-08-20 01:38:10,024 - INFO - Typed message: owo battle
2026-08-20 01:38:10,024 - INFO - Message sent: owo battle
2026-08-20 01:38:10,802 - INFO - Next message will be sent in 3.0 seconds: owo sell all
2026-08-20 01:38:15,512 - INFO - Typed message: owo use 75 65 54
2026-08-20 01:38:15,512 - INFO - Message sent: owo use 75 65 54
2026-08-20 01:38:15,723 - INFO - Next message will be sent in 2.1 seconds: owo hunt
2026-08-20 01:38:18,421 - INFO - Typed message: owo sell all
2026-08-20 01:38:18,421 - INFO - Message sent: owo sell all
2026-08-20 01:38:18,780 - INFO - Next message will be sent in 2.8 seconds: owo cf 3
2026-08-20 01:38:22,313 - INFO - Typed message: owo hunt
2026-08-20 01:38:22,315 - INFO - Message sent: owo hunt
2026-08-20 01:38:22,524 - INFO - Next message will be sent in 2.6 seconds: owo battle
2026-08-20 01:38:27,002 - INFO - Typed message: owo cf 3
2026-08-20 01:38:27,002 - INFO - Message sent: owo cf 3
2026-08-20 01:38:27,533 - INFO - Next message will be sent in 2.7 seconds: owo use 75 65 54
2026-08-20 01:38:30,962 - INFO - Typed message: owo battle
2026-08-20 01:38:30,962 - INFO - Message sent: owo battle
2026-08-20 01:38:31,600 - INFO - Next message will be sent in 2.8 seconds: owo sell all
2026-08-20 01:38:36,568 - INFO - Typed message: owo use 75 65 54
2026-08-20 01:38:36,568 - INFO - Message sent: owo use 75 65 54
2026-08-20 01:38:37,251 - INFO - Next message will be sent in 2.2 seconds: owo hunt
2026-08-20 01:38:39,585 - INFO - Typed message: owo sell all
2026-08-20 01:38:39,585 - INFO - Message sent: owo sell all
2026-08-20 01:38:39,875 - INFO - Next message will be sent in 2.2 seconds: owo cf 3
2026-08-20 01:38:43,729 - INFO - Typed message: owo hunt
2026-08-20 01:38:43,729 - INFO - Message sent: owo hunt
2026-08-20 01:38:44,035 - INFO - Next message will be sent in 2.1 seconds: owo battle
2026-08-20 01:38:47,092 - INFO - Typed message: owo cf 3
2026-08-20 01:38:47,094 - INFO - Message sent: owo cf 3
2026-08-20 01:38:47,337 - INFO - Next message will be sent in 2.3 seconds: owo use 75 65 54
2026-08-20 01:38:50,547 - INFO - Typed message: owo battle
2026-08-20 01:38:50,547 - INFO - Message sent: owo battle
2026-08-20 01:38:50,784 - INFO - Next message will be sent in 2.3 seconds: owo sell all
2026-08-20 01:38:54,674 - INFO - Typed message: owo use 75 65 54
2026-08-20 01:38:54,674 - INFO - Message sent: owo use 75 65 54
2026-08-20 01:38:54,947 - INFO - Next message will be sent in 2.3 seconds: owo hunt
2026-08-20 01:38:57,649 - INFO - Typed message: owo sell all
2026-08-20 01:38:57,650 - INFO - Message sent: owo sell all
2026-08-20 01:38:57,939 - INFO - Next message will be sent in 2.4 seconds: owo cf 3
2026-08-20 01:39:02,480 - INFO - Typed message: owo hunt
2026-08-20 01:39:02,480 - INFO - Message sent: owo hunt
2026-08-20 01:39:02,794 - INFO - Next message will be sent in 2.6 seconds: owo battle
2026-08-20 01:39:05,156 - INFO - Typed message: owo cf 3
2026-08-20 01:39:05,156 - INFO - Message sent: owo cf 3
2026-08-20 01:39:05,628 - INFO - Next message will be sent in 2.4 seconds: owo use 75 65 54
2026-08-20 01:39:09,766 - INFO - Typed message: owo battle
2026-08-20 01:39:09,768 - INFO - Message sent: owo battle
2026-08-20 01:39:10,478 - INFO - Next message will be sent in 2.4 seconds: owo sell all
2026-08-20 01:39:14,067 - INFO - Typed message: owo use 75 65 54
2026-08-20 01:39:14,068 - INFO - Message sent: owo use 75 65 54
2026-08-20 01:39:14,520 - INFO - Next message will be sent in 2.8 seconds: owo hunt
2026-08-20 01:39:19,611 - INFO - Typed message: owo sell all
2026-08-20 01:39:19,611 - INFO - Message sent: owo sell all
2026-08-20 01:39:20,003 - INFO - Next message will be sent in 2.5 seconds: owo cf 3
2026-08-20 01:39:23,563 - INFO - Typed message: owo hunt
2026-08-20 01:39:23,563 - INFO - Message sent: owo hunt
2026-08-20 01:39:24,173 - INFO - Next message will be sent in 2.3 seconds: owo battle
2026-08-20 01:39:26,681 - INFO - Typed message: owo cf 3
2026-08-20 01:39:26,681 - INFO - Message sent: owo cf 3
2026-08-20 01:39:27,318 - INFO - Next message will be sent in 2.5 seconds: owo use 75 65 54
2026-08-20 01:39:32,513 - INFO - Typed message: owo battle
2026-08-20 01:39:32,513 - INFO - Message sent: owo battle
2026-08-20 01:39:32,839 - INFO - Next message will be sent in 2.1 seconds: owo sell all
2026-08-20 01:39:36,919 - INFO - Typed message: owo use 75 65 54
2026-08-20 01:39:36,919 - INFO - Message sent: owo use 75 65 54
2026-08-20 01:39:37,716 - INFO - Next message will be sent in 3.0 seconds: owo hunt
2026-08-20 01:39:40,733 - INFO - Typed message: owo sell all
2026-08-20 01:39:40,733 - INFO - Message sent: owo sell all
2026-08-20 01:39:41,058 - INFO - Next message will be sent in 2.2 seconds: owo cf 3
2026-08-20 01:39:45,955 - INFO - Typed message: owo hunt
2026-08-20 01:39:45,955 - INFO - Message sent: owo hunt
2026-08-20 01:39:46,248 - INFO - Next message will be sent in 2.4 seconds: owo battle
2026-08-20 01:39:47,185 - INFO - Typed message: owo cf 3
2026-08-20 01:39:47,186 - INFO - Message sent: owo cf 3
2026-08-20 01:39:47,461 - INFO - Next message will be sent in 2.6 seconds: owo use 75 65 54
2026-08-20 01:39:53,290 - INFO - Typed message: owo battle
2026-08-20 01:39:53,290 - INFO - Message sent: owo battle
2026-08-20 01:39:53,534 - INFO - Next message will be sent in 2.3 seconds: owo sell all
2026-08-20 01:39:57,177 - INFO - Typed message: owo use 75 65 54
2026-08-20 01:39:57,179 - INFO - Message sent: owo use 75 65 54
2026-08-20 01:39:57,753 - INFO - Next message will be sent in 2.3 seconds: owo hunt
2026-08-20 01:40:01,779 - INFO - Typed message: owo sell all
2026-08-20 01:40:01,779 - INFO - Message sent: owo sell all
2026-08-20 01:40:02,569 - INFO - Next message will be sent in 2.0 seconds: owo cf 3
2026-08-20 01:40:05,552 - INFO - Typed message: owo hunt
2026-08-20 01:40:05,552 - INFO - Message sent: owo hunt
2026-08-20 01:40:06,101 - INFO - Next message will be sent in 2.7 seconds: owo battle
2026-08-20 01:40:10,198 - INFO - Typed message: owo cf 3
2026-08-20 01:40:10,198 - INFO - Message sent: owo cf 3
2026-08-20 01:40:10,506 - INFO - Next message will be sent in 2.5 seconds: owo use 75 65 54
2026-08-20 01:40:14,833 - INFO - Typed message: owo battle
2026-08-20 01:40:14,840 - INFO - Message sent: owo battle
2026-08-20 01:40:15,310 - INFO - Next message will be sent in 2.8 seconds: owo sell all
2026-08-20 01:40:17,873 - INFO - Typed message: owo use 75 65 54
2026-08-20 01:40:17,873 - INFO - Message sent: owo use 75 65 54
2026-08-20 01:40:18,444 - INFO - Next message will be sent in 2.4 seconds: owo hunt
2026-08-20 01:40:23,669 - INFO - Typed message: owo sell all
2026-08-20 01:40:23,669 - INFO - Message sent: owo sell all
2026-08-20 01:40:24,161 - INFO - Next message will be sent in 2.0 seconds: owo cf 3
2026-08-20 01:40:25,749 - INFO - Typed message: owo hunt
2026-08-20 01:40:25,750 - INFO - Message sent: owo hunt
2026-08-20 01:40:26,353 - INFO - Next message will be sent in 2.3 seconds: owo battle
2026-08-20 01:40:31,208 - INFO - Typed message: owo cf 3
2026-08-20 01:40:31,208 - INFO - Message sent: owo cf 3
2026-08-20 01:40:31,813 - INFO - Next message will be sent in 2.6 seconds: owo use 75 65 54
2026-08-20 01:40:34,087 - INFO - Typed message: owo battle
2026-08-20 01:40:34,089 - INFO - Message sent: owo battle
2026-08-20 01:40:34,409 - INFO - Next message will be sent in 2.6 seconds: owo sell all
2026-08-20 01:40:40,580 - INFO - Typed message: owo use 75 65 54
2026-08-20 01:40:40,581 - INFO - Message sent: owo use 75 65 54
2026-08-20 01:40:40,951 - INFO - Next message will be sent in 2.5 seconds: owo hunt
2026-08-20 01:40:41,960 - INFO - Typed message: owo sell all
2026-08-20 01:40:41,960 - INFO - Message sent: owo sell all
2026-08-20 01:40:42,356 - INFO - Next message will be sent in 2.3 seconds: owo cf 3
2026-08-20 01:40:49,363 - INFO - Typed message: owo hunt
2026-08-20 01:40:49,363 - INFO - Message sent: owo hunt
2026-08-20 01:40:50,033 - INFO - Next message will be sent in 2.2 seconds: owo battle
2026-08-20 01:40:50,643 - INFO - Typed message: owo cf 3
2026-08-20 01:40:50,643 - INFO - Message sent: owo cf 3
2026-08-20 01:40:51,019 - INFO - Next message will be sent in 2.7 seconds: owo use 75 65 54
2026-08-20 01:40:58,301 - INFO - Typed message: owo battle
2026-08-20 01:40:58,302 - INFO - Message sent: owo battle
2026-08-20 01:40:58,930 - INFO - Next message will be sent in 2.3 seconds: owo sell all
2026-08-20 01:40:59,519 - INFO - Typed message: owo use 75 65 54
2026-08-20 01:40:59,521 - INFO - Message sent: owo use 75 65 54
2026-08-20 01:40:59,921 - INFO - Next message will be sent in 2.0 seconds: owo hunt
2026-08-20 01:41:06,595 - INFO - Typed message: owo hunt
2026-08-20 01:41:06,595 - INFO - Message sent: owo hunt
2026-08-20 01:41:07,105 - INFO - Next message will be sent in 2.4 seconds: owo battle
2026-08-20 01:41:08,027 - INFO - Typed message: owo sell all
2026-08-20 01:41:08,027 - INFO - Message sent: owo sell all
2026-08-20 01:41:08,346 - INFO - Next message will be sent in 2.5 seconds: owo cf 3
2026-08-20 01:41:14,041 - INFO - Typed message: owo battle
2026-08-20 01:41:14,041 - INFO - Message sent: owo battle
2026-08-20 01:41:14,540 - INFO - Next message will be sent in 2.4 seconds: owo sell all
2026-08-20 01:41:15,521 - INFO - Typed message: owo cf 3
2026-08-20 01:41:15,521 - INFO - Message sent: owo cf 3
2026-08-20 01:41:16,112 - INFO - Next message will be sent in 2.6 seconds: owo use 75 65 54
2026-08-20 01:41:21,631 - INFO - Typed message: owo sell all
2026-08-20 01:41:21,632 - INFO - Message sent: owo sell all
2026-08-20 01:41:22,266 - INFO - Next message will be sent in 2.2 seconds: owo cf 3
2026-08-20 01:41:25,035 - INFO - Typed message: owo use 75 65 54
2026-08-20 01:41:25,037 - INFO - Message sent: owo use 75 65 54
2026-08-20 01:41:25,580 - INFO - Next message will be sent in 2.3 seconds: owo hunt
2026-08-20 01:41:30,588 - INFO - Typed message: owo cf 3
2026-08-20 01:41:30,589 - INFO - Message sent: owo cf 3
2026-08-20 01:41:30,812 - INFO - Next message will be sent in 2.7 seconds: owo use 75 65 54
2026-08-20 01:41:32,657 - INFO - Typed message: owo hunt
2026-08-20 01:41:32,657 - INFO - Message sent: owo hunt
2026-08-20 01:41:33,223 - INFO - Next message will be sent in 2.3 seconds: owo battle
2026-08-20 01:41:40,284 - INFO - Typed message: owo battle
2026-08-20 01:41:40,284 - INFO - Message sent: owo battle
2026-08-20 01:41:40,648 - INFO - Typed message: owo use 75 65 54
2026-08-20 01:41:40,648 - INFO - Message sent: owo use 75 65 54
2026-08-20 01:41:40,745 - INFO - Next message will be sent in 2.4 seconds: owo sell all
2026-08-20 01:41:41,414 - INFO - Next message will be sent in 2.8 seconds: owo hunt
2026-08-20 01:41:47,857 - INFO - Typed message: owo sell all
2026-08-20 01:41:47,857 - INFO - Message sent: owo sell all
2026-08-20 01:41:48,640 - INFO - Next message will be sent in 2.6 seconds: owo cf 3
2026-08-20 01:41:50,176 - INFO - Typed message: owo hunt
2026-08-20 01:41:50,176 - INFO - Message sent: owo hunt
2026-08-20 01:41:50,564 - INFO - Next message will be sent in 2.7 seconds: owo battle
2026-08-20 01:41:56,003 - INFO - Typed message: owo cf 3
2026-08-20 01:41:56,006 - INFO - Message sent: owo cf 3
2026-08-20 01:41:56,665 - INFO - Next message will be sent in 2.8 seconds: owo use 75 65 54
2026-08-20 01:41:58,238 - INFO - Typed message: owo battle
2026-08-20 01:41:58,239 - INFO - Message sent: owo battle
2026-08-20 01:41:58,710 - INFO - Next message will be sent in 3.0 seconds: owo sell all
2026-08-20 01:42:04,760 - INFO - Typed message: owo use 75 65 54
2026-08-20 01:42:04,760 - INFO - Message sent: owo use 75 65 54
2026-08-20 01:42:05,125 - INFO - Next message will be sent in 2.9 seconds: owo hunt
2026-08-20 01:42:06,653 - INFO - Typed message: owo sell all
2026-08-20 01:42:06,653 - INFO - Message sent: owo sell all
2026-08-20 01:42:07,347 - INFO - Next message will be sent in 2.1 seconds: owo cf 3
2026-08-20 01:42:14,022 - INFO - Typed message: owo hunt
2026-08-20 01:42:14,023 - INFO - Message sent: owo hunt
2026-08-20 01:42:14,097 - INFO - Typed message: owo cf 3
2026-08-20 01:42:14,097 - INFO - Message sent: owo cf 3
2026-08-20 01:42:14,659 - INFO - Next message will be sent in 2.5 seconds: owo battle
2026-08-20 01:42:14,660 - INFO - Next message will be sent in 2.9 seconds: owo use 75 65 54
2026-08-20 01:42:21,736 - INFO - Typed message: owo battle
2026-08-20 01:42:21,736 - INFO - Message sent: owo battle
2026-08-20 01:42:22,030 - INFO - Next message will be sent in 2.3 seconds: owo sell all
2026-08-20 01:42:24,073 - INFO - Typed message: owo use 75 65 54
2026-08-20 01:42:24,073 - INFO - Message sent: owo use 75 65 54
2026-08-20 01:42:24,284 - INFO - Next message will be sent in 2.1 seconds: owo hunt
2026-08-20 01:42:29,188 - INFO - Typed message: owo sell all
2026-08-20 01:42:29,194 - INFO - Message sent: owo sell all
2026-08-20 01:42:29,840 - INFO - Next message will be sent in 2.1 seconds: owo cf 3
2026-08-20 01:42:32,021 - INFO - Typed message: owo hunt
2026-08-20 01:42:32,021 - INFO - Message sent: owo hunt
2026-08-20 01:42:32,799 - INFO - Next message will be sent in 2.8 seconds: owo battle
2026-08-20 01:42:35,819 - INFO - Typed message: owo cf 3
2026-08-20 01:42:35,819 - INFO - Message sent: owo cf 3
2026-08-20 01:42:36,441 - INFO - Next message will be sent in 2.5 seconds: owo use 75 65 54
2026-08-20 01:42:40,295 - INFO - Typed message: owo battle
2026-08-20 01:42:40,296 - INFO - Message sent: owo battle
2026-08-20 01:42:40,630 - INFO - Next message will be sent in 2.3 seconds: owo sell all
2026-08-20 01:42:43,984 - INFO - Typed message: owo use 75 65 54
2026-08-20 01:42:43,984 - INFO - Message sent: owo use 75 65 54
2026-08-20 01:42:44,290 - INFO - Next message will be sent in 2.2 seconds: owo hunt
2026-08-20 01:42:48,566 - INFO - Typed message: owo sell all
2026-08-20 01:42:48,566 - INFO - Message sent: owo sell all
2026-08-20 01:42:48,951 - INFO - Next message will be sent in 2.7 seconds: owo cf 3
2026-08-20 01:42:51,592 - INFO - Typed message: owo hunt
2026-08-20 01:42:51,593 - INFO - Message sent: owo hunt
2026-08-20 01:42:52,016 - INFO - Next message will be sent in 3.0 seconds: owo battle
2026-08-20 01:42:57,759 - INFO - Typed message: owo cf 3
2026-08-20 01:42:57,759 - INFO - Message sent: owo cf 3
2026-08-20 01:42:58,276 - INFO - Next message will be sent in 2.5 seconds: owo use 75 65 54
2026-08-20 01:43:01,230 - INFO - Typed message: owo battle
2026-08-20 01:43:01,232 - INFO - Message sent: owo battle
2026-08-20 01:43:01,787 - INFO - Next message will be sent in 2.5 seconds: owo sell all
2026-08-20 01:43:07,965 - INFO - Typed message: owo use 75 65 54
2026-08-20 01:43:07,966 - INFO - Message sent: owo use 75 65 54
2026-08-20 01:43:08,405 - INFO - Next message will be sent in 2.7 seconds: owo hunt
2026-08-20 01:43:09,178 - INFO - Typed message: owo sell all
2026-08-20 01:43:09,178 - INFO - Message sent: owo sell all
2026-08-20 01:43:09,722 - INFO - Next message will be sent in 2.4 seconds: owo cf 3
2026-08-20 01:43:16,136 - INFO - Typed message: owo hunt
2026-08-20 01:43:16,136 - INFO - Message sent: owo hunt
2026-08-20 01:43:16,447 - INFO - Next message will be sent in 2.9 seconds: owo battle
2026-08-20 01:43:16,630 - INFO - Typed message: owo cf 3
2026-08-20 01:43:16,633 - INFO - Message sent: owo cf 3
2026-08-20 01:43:17,368 - INFO - Next message will be sent in 2.3 seconds: owo use 75 65 54
2026-08-20 01:43:25,238 - INFO - Typed message: owo battle
2026-08-20 01:43:25,238 - INFO - Message sent: owo battle
2026-08-20 01:43:25,592 - INFO - Next message will be sent in 3.0 seconds: owo sell all
2026-08-20 01:43:25,818 - INFO - Typed message: owo use 75 65 54
2026-08-20 01:43:25,818 - INFO - Message sent: owo use 75 65 54
2026-08-20 01:43:26,153 - INFO - Next message will be sent in 2.1 seconds: owo hunt
2026-08-20 01:43:33,295 - INFO - Typed message: owo hunt
2026-08-20 01:43:33,295 - INFO - Message sent: owo hunt
2026-08-20 01:43:33,410 - INFO - Typed message: owo sell all
2026-08-20 01:43:33,410 - INFO - Message sent: owo sell all
2026-08-20 01:43:33,667 - INFO - Next message will be sent in 2.4 seconds: owo battle
2026-08-20 01:43:34,009 - INFO - Next message will be sent in 2.2 seconds: owo cf 3
2026-08-20 01:43:40,350 - INFO - Typed message: owo cf 3
2026-08-20 01:43:40,363 - INFO - Message sent: owo cf 3
2026-08-20 01:43:40,791 - INFO - Next message will be sent in 2.5 seconds: owo use 75 65 54
2026-08-20 01:43:41,992 - INFO - Typed message: owo battle
2026-08-20 01:43:41,993 - INFO - Message sent: owo battle
2026-08-20 01:43:42,701 - INFO - Next message will be sent in 2.3 seconds: owo sell all
2026-08-20 01:43:48,809 - INFO - Typed message: owo use 75 65 54
2026-08-20 01:43:48,809 - INFO - Message sent: owo use 75 65 54
2026-08-20 01:43:49,414 - INFO - Next message will be sent in 2.2 seconds: owo hunt
2026-08-20 01:43:50,410 - INFO - Typed message: owo sell all
2026-08-20 01:43:50,411 - INFO - Message sent: owo sell all
2026-08-20 01:43:50,724 - INFO - Next message will be sent in 2.9 seconds: owo cf 3
2026-08-20 01:43:56,067 - INFO - Typed message: owo hunt
2026-08-20 01:43:56,067 - INFO - Message sent: owo hunt
2026-08-20 01:43:56,595 - INFO - Next message will be sent in 2.8 seconds: owo battle
2026-08-20 01:43:59,772 - INFO - Typed message: owo cf 3
2026-08-20 01:43:59,773 - INFO - Message sent: owo cf 3
2026-08-20 01:44:00,067 - INFO - Next message will be sent in 2.6 seconds: owo use 75 65 54
2026-08-20 01:44:04,242 - INFO - Typed message: owo battle
2026-08-20 01:44:04,242 - INFO - Message sent: owo battle
2026-08-20 01:44:04,526 - INFO - Next message will be sent in 2.8 seconds: owo sell all
2026-08-20 01:44:09,329 - INFO - Typed message: owo use 75 65 54
2026-08-20 01:44:09,329 - INFO - Message sent: owo use 75 65 54
2026-08-20 01:44:09,957 - INFO - Next message will be sent in 2.8 seconds: owo hunt
2026-08-20 01:44:13,407 - INFO - Typed message: owo sell all
2026-08-20 01:44:13,407 - INFO - Message sent: owo sell all
2026-08-20 01:44:13,938 - INFO - Next message will be sent in 2.8 seconds: owo cf 3
2026-08-20 01:44:18,720 - INFO - Typed message: owo hunt
2026-08-20 01:44:18,721 - INFO - Message sent: owo hunt
2026-08-20 01:44:19,279 - INFO - Next message will be sent in 2.1 seconds: owo battle
2026-08-20 01:44:21,736 - INFO - Typed message: owo cf 3
2026-08-20 01:44:21,736 - INFO - Message sent: owo cf 3
2026-08-20 01:44:21,973 - INFO - Next message will be sent in 2.3 seconds: owo use 75 65 54
2026-08-20 01:44:26,033 - INFO - Typed message: owo battle
2026-08-20 01:44:26,034 - INFO - Message sent: owo battle
2026-08-20 01:44:26,397 - INFO - Next message will be sent in 2.1 seconds: owo sell all
2026-08-20 01:44:31,504 - INFO - Typed message: owo use 75 65 54
2026-08-20 01:44:31,504 - INFO - Message sent: owo use 75 65 54
2026-08-20 01:44:31,845 - INFO - Next message will be sent in 2.8 seconds: owo hunt
2026-08-20 01:44:33,026 - INFO - Typed message: owo sell all
2026-08-20 01:44:33,030 - INFO - Message sent: owo sell all
2026-08-20 01:44:33,664 - INFO - Next message will be sent in 2.2 seconds: owo cf 3
2026-08-20 01:44:40,091 - INFO - Typed message: owo hunt
2026-08-20 01:44:40,092 - INFO - Message sent: owo hunt
2026-08-20 01:44:40,188 - INFO - Typed message: owo cf 3
2026-08-20 01:44:40,188 - INFO - Message sent: owo cf 3
2026-08-20 01:44:40,429 - INFO - Next message will be sent in 3.0 seconds: owo use 75 65 54
2026-08-20 01:44:40,566 - INFO - Next message will be sent in 2.0 seconds: owo battle
2026-08-20 01:44:48,196 - INFO - Typed message: owo battle
2026-08-20 01:44:48,196 - INFO - Message sent: owo battle
2026-08-20 01:44:48,543 - INFO - Typed message: owo use 75 65 54
2026-08-20 01:44:48,544 - INFO - Message sent: owo use 75 65 54
2026-08-20 01:44:48,884 - INFO - Next message will be sent in 2.3 seconds: owo sell all
2026-08-20 01:44:49,341 - INFO - Next message will be sent in 2.1 seconds: owo hunt
2026-08-20 01:44:57,493 - INFO - Typed message: owo hunt
2026-08-20 01:44:57,493 - INFO - Message sent: owo hunt
2026-08-20 01:44:57,570 - INFO - Typed message: owo sell all
2026-08-20 01:44:57,570 - INFO - Message sent: owo sell all
2026-08-20 01:44:58,073 - INFO - Next message will be sent in 3.0 seconds: owo battle
2026-08-20 01:44:58,280 - INFO - Next message will be sent in 2.5 seconds: owo cf 3
2026-08-20 01:45:06,411 - INFO - Typed message: owo battle
2026-08-20 01:45:06,411 - INFO - Message sent: owo battle
2026-08-20 01:45:06,829 - INFO - Typed message: owo cf 3
2026-08-20 01:45:06,829 - INFO - Message sent: owo cf 3
2026-08-20 01:45:07,186 - INFO - Next message will be sent in 2.3 seconds: owo sell all
2026-08-20 01:45:07,523 - INFO - Next message will be sent in 2.8 seconds: owo use 75 65 54
2026-08-20 01:45:14,420 - INFO - Typed message: owo sell all
2026-08-20 01:45:14,420 - INFO - Message sent: owo sell all
2026-08-20 01:45:14,852 - INFO - Next message will be sent in 3.0 seconds: owo cf 3
2026-08-20 01:45:15,977 - INFO - Typed message: owo use 75 65 54
2026-08-20 01:45:15,977 - INFO - Message sent: owo use 75 65 54
2026-08-20 01:45:16,490 - INFO - Next message will be sent in 2.9 seconds: owo hunt
2026-08-20 01:45:22,639 - INFO - Typed message: owo cf 3
2026-08-20 01:45:22,639 - INFO - Message sent: owo cf 3
2026-08-20 01:45:23,057 - INFO - Next message will be sent in 2.2 seconds: owo use 75 65 54
2026-08-20 01:45:23,719 - INFO - Typed message: owo hunt
2026-08-20 01:45:23,721 - INFO - Message sent: owo hunt
2026-08-20 01:45:24,372 - INFO - Next message will be sent in 2.5 seconds: owo battle
2026-08-20 01:45:30,282 - INFO - Typed message: owo use 75 65 54
2026-08-20 01:45:30,283 - INFO - Message sent: owo use 75 65 54
2026-08-20 01:45:30,917 - INFO - Next message will be sent in 2.9 seconds: owo hunt
2026-08-20 01:45:31,629 - INFO - Typed message: owo battle
2026-08-20 01:45:31,630 - INFO - Message sent: owo battle
2026-08-20 01:45:31,988 - INFO - Next message will be sent in 2.3 seconds: owo sell all
2026-08-20 01:45:38,730 - INFO - Typed message: owo hunt
2026-08-20 01:45:38,731 - INFO - Message sent: owo hunt
2026-08-20 01:45:39,112 - INFO - Next message will be sent in 2.4 seconds: owo battle
2026-08-20 01:45:40,074 - INFO - Typed message: owo sell all
2026-08-20 01:45:40,075 - INFO - Message sent: owo sell all
2026-08-20 01:45:40,360 - INFO - Next message will be sent in 2.4 seconds: owo cf 3
2026-08-20 01:45:47,212 - INFO - Typed message: owo battle
2026-08-20 01:45:47,214 - INFO - Message sent: owo battle
2026-08-20 01:45:47,317 - INFO - Typed message: owo cf 3
2026-08-20 01:45:47,321 - INFO - Message sent: owo cf 3
2026-08-20 01:45:47,524 - INFO - Next message will be sent in 2.5 seconds: owo sell all
2026-08-20 01:45:47,808 - INFO - Next message will be sent in 2.3 seconds: owo use 75 65 54
2026-08-20 01:45:55,778 - INFO - Typed message: owo sell all
2026-08-20 01:45:55,779 - INFO - Message sent: owo sell all
2026-08-20 01:45:56,353 - INFO - Next message will be sent in 3.0 seconds: owo cf 3
2026-08-20 01:45:56,692 - INFO - Typed message: owo use 75 65 54
2026-08-20 01:45:56,694 - INFO - Message sent: owo use 75 65 54
2026-08-20 01:45:56,991 - INFO - Next message will be sent in 2.9 seconds: owo hunt
2026-08-20 01:46:03,228 - INFO - Typed message: owo cf 3
2026-08-20 01:46:03,228 - INFO - Message sent: owo cf 3
2026-08-20 01:46:03,942 - INFO - Next message will be sent in 2.1 seconds: owo use 75 65 54
2026-08-20 01:46:04,765 - INFO - Typed message: owo hunt
2026-08-20 01:46:04,771 - INFO - Message sent: owo hunt
2026-08-20 01:46:05,089 - INFO - Next message will be sent in 3.0 seconds: owo battle
2026-08-20 01:46:11,870 - INFO - Typed message: owo use 75 65 54
2026-08-20 01:46:11,874 - INFO - Message sent: owo use 75 65 54
2026-08-20 01:46:12,641 - INFO - Typed message: owo battle
2026-08-20 01:46:12,647 - INFO - Message sent: owo battle
2026-08-20 01:46:12,664 - INFO - Next message will be sent in 2.0 seconds: owo hunt
2026-08-20 01:46:13,351 - INFO - Next message will be sent in 2.1 seconds: owo sell all
2026-08-20 01:46:20,091 - INFO - Typed message: owo hunt
2026-08-20 01:46:20,093 - INFO - Message sent: owo hunt
2026-08-20 01:46:20,369 - INFO - Typed message: owo sell all
2026-08-20 01:46:20,369 - INFO - Message sent: owo sell all
2026-08-20 01:46:20,663 - INFO - Next message will be sent in 2.8 seconds: owo battle
2026-08-20 01:46:20,732 - INFO - Next message will be sent in 2.3 seconds: owo cf 3
2026-08-20 01:46:28,146 - INFO - Typed message: owo battle
2026-08-20 01:46:28,146 - INFO - Message sent: owo battle
2026-08-20 01:46:28,228 - INFO - Typed message: owo cf 3
2026-08-20 01:46:28,228 - INFO - Message sent: owo cf 3
2026-08-20 01:46:28,350 - INFO - Next message will be sent in 2.2 seconds: owo sell all
2026-08-20 01:46:28,558 - INFO - Next message will be sent in 2.8 seconds: owo use 75 65 54
2026-08-20 01:46:35,514 - INFO - Typed message: owo sell all
2026-08-20 01:46:35,514 - INFO - Message sent: owo sell all
2026-08-20 01:46:36,005 - INFO - Next message will be sent in 2.8 seconds: owo cf 3
2026-08-20 01:46:37,855 - INFO - Typed message: owo use 75 65 54
2026-08-20 01:46:37,855 - INFO - Message sent: owo use 75 65 54
2026-08-20 01:46:38,479 - INFO - Next message will be sent in 2.0 seconds: owo hunt
2026-08-20 01:46:43,748 - INFO - Typed message: owo cf 3
2026-08-20 01:46:43,749 - INFO - Message sent: owo cf 3
2026-08-20 01:46:44,315 - INFO - Next message will be sent in 2.5 seconds: owo use 75 65 54
2026-08-20 01:46:45,300 - INFO - Typed message: owo hunt
2026-08-20 01:46:45,305 - INFO - Message sent: owo hunt
2026-08-20 01:46:45,788 - INFO - Next message will be sent in 2.3 seconds: owo battle
2026-08-20 01:46:52,675 - INFO - Typed message: owo battle
2026-08-20 01:46:52,676 - INFO - Message sent: owo battle
2026-08-20 01:46:52,947 - INFO - Next message will be sent in 2.3 seconds: owo sell all
2026-08-20 01:46:53,373 - INFO - Typed message: owo use 75 65 54
2026-08-20 01:46:53,377 - INFO - Message sent: owo use 75 65 54
2026-08-20 01:46:53,639 - INFO - Next message will be sent in 2.5 seconds: owo hunt
2026-08-20 01:46:59,888 - INFO - Typed message: owo sell all
2026-08-20 01:46:59,888 - INFO - Message sent: owo sell all
2026-08-20 01:47:00,173 - INFO - Next message will be sent in 2.4 seconds: owo cf 3
2026-08-20 01:47:02,184 - INFO - Typed message: owo hunt
2026-08-20 01:47:02,184 - INFO - Message sent: owo hunt
2026-08-20 01:47:02,752 - INFO - Next message will be sent in 2.0 seconds: owo battle
2026-08-20 01:47:06,699 - INFO - Typed message: owo cf 3
2026-08-20 01:47:06,699 - INFO - Message sent: owo cf 3
2026-08-20 01:47:07,248 - INFO - Next message will be sent in 2.9 seconds: owo use 75 65 54
2026-08-20 01:47:09,768 - INFO - Typed message: owo battle
2026-08-20 01:47:09,768 - INFO - Message sent: owo battle
2026-08-20 01:47:10,489 - INFO - Next message will be sent in 2.0 seconds: owo sell all
2026-08-20 01:47:17,010 - INFO - Typed message: owo use 75 65 54
2026-08-20 01:47:17,011 - INFO - Message sent: owo use 75 65 54
2026-08-20 01:47:17,256 - INFO - Next message will be sent in 2.4 seconds: owo hunt
2026-08-20 01:47:19,069 - INFO - Typed message: owo sell all
2026-08-20 01:47:19,069 - INFO - Message sent: owo sell all
2026-08-20 01:47:19,444 - INFO - Next message will be sent in 2.2 seconds: owo cf 3
2026-08-20 01:47:24,577 - INFO - Typed message: owo hunt
2026-08-20 01:47:24,577 - INFO - Message sent: owo hunt
2026-08-20 01:47:25,015 - INFO - Next message will be sent in 2.3 seconds: owo battle
2026-08-20 01:47:27,675 - INFO - Typed message: owo cf 3
2026-08-20 01:47:27,675 - INFO - Message sent: owo cf 3
2026-08-20 01:47:28,207 - INFO - Next message will be sent in 2.7 seconds: owo use 75 65 54
2026-08-20 01:47:33,266 - INFO - Typed message: owo battle
2026-08-20 01:47:33,266 - INFO - Message sent: owo battle
2026-08-20 01:47:33,872 - INFO - Next message will be sent in 2.5 seconds: owo sell all
2026-08-20 01:47:36,889 - INFO - Typed message: owo use 75 65 54
2026-08-20 01:47:36,889 - INFO - Message sent: owo use 75 65 54
2026-08-20 01:47:37,668 - INFO - Next message will be sent in 2.5 seconds: owo hunt
2026-08-20 01:47:42,518 - INFO - Typed message: owo sell all
2026-08-20 01:47:42,518 - INFO - Message sent: owo sell all
2026-08-20 01:47:42,995 - INFO - Next message will be sent in 2.0 seconds: owo cf 3
2026-08-20 01:47:45,253 - INFO - Typed message: owo hunt
2026-08-20 01:47:45,253 - INFO - Message sent: owo hunt
2026-08-20 01:47:45,550 - INFO - Next message will be sent in 2.1 seconds: owo battle
2026-08-20 01:47:50,512 - INFO - Typed message: owo cf 3
2026-08-20 01:47:50,512 - INFO - Message sent: owo cf 3
2026-08-20 01:47:50,799 - INFO - Next message will be sent in 2.8 seconds: owo use 75 65 54
2026-08-20 01:47:53,432 - INFO - Typed message: owo battle
2026-08-20 01:47:53,432 - INFO - Message sent: owo battle
2026-08-20 01:47:54,194 - INFO - Next message will be sent in 2.5 seconds: owo sell all
2026-08-20 01:48:00,547 - INFO - Typed message: owo use 75 65 54
2026-08-20 01:48:00,547 - INFO - Message sent: owo use 75 65 54
2026-08-20 01:48:00,763 - INFO - Next message will be sent in 2.6 seconds: owo hunt
2026-08-20 01:48:01,531 - INFO - Typed message: owo sell all
2026-08-20 01:48:01,531 - INFO - Message sent: owo sell all
2026-08-20 01:48:02,200 - INFO - Next message will be sent in 2.1 seconds: owo cf 3
2026-08-20 01:48:08,227 - INFO - Typed message: owo hunt
2026-08-20 01:48:08,227 - INFO - Message sent: owo hunt
2026-08-20 01:48:08,412 - INFO - Typed message: owo cf 3
2026-08-20 01:48:08,412 - INFO - Message sent: owo cf 3
2026-08-20 01:48:08,560 - INFO - Next message will be sent in 2.0 seconds: owo battle
2026-08-20 01:48:08,902 - INFO - Next message will be sent in 2.7 seconds: owo use 75 65 54
2026-08-20 01:48:15,331 - INFO - Typed message: owo battle
2026-08-20 01:48:15,332 - INFO - Message sent: owo battle
2026-08-20 01:48:16,053 - INFO - Next message will be sent in 2.1 seconds: owo sell all
2026-08-20 01:48:16,811 - INFO - Typed message: owo use 75 65 54
2026-08-20 01:48:16,811 - INFO - Message sent: owo use 75 65 54
2026-08-20 01:48:17,034 - INFO - Next message will be sent in 2.1 seconds: owo hunt
2026-08-20 01:48:24,216 - INFO - Typed message: owo sell all
2026-08-20 01:48:24,218 - INFO - Message sent: owo sell all
2026-08-20 01:48:24,241 - INFO - Typed message: owo hunt
2026-08-20 01:48:24,241 - INFO - Message sent: owo hunt
2026-08-20 01:48:24,613 - INFO - Next message will be sent in 2.7 seconds: owo battle
2026-08-20 01:48:24,614 - INFO - Next message will be sent in 2.9 seconds: owo cf 3
2026-08-20 01:48:31,776 - INFO - Typed message: owo cf 3
2026-08-20 01:48:31,782 - INFO - Message sent: owo cf 3
2026-08-20 01:48:32,117 - INFO - Next message will be sent in 2.0 seconds: owo use 75 65 54
2026-08-20 01:48:32,760 - INFO - Typed message: owo battle
2026-08-20 01:48:32,760 - INFO - Message sent: owo battle
2026-08-20 01:48:33,550 - INFO - Next message will be sent in 3.0 seconds: owo sell all
2026-08-20 01:48:41,233 - INFO - Typed message: owo use 75 65 54
2026-08-20 01:48:41,233 - INFO - Message sent: owo use 75 65 54
2026-08-20 01:48:41,541 - INFO - Next message will be sent in 2.7 seconds: owo hunt
2026-08-20 01:48:42,397 - INFO - Typed message: owo sell all
2026-08-20 01:48:42,397 - INFO - Message sent: owo sell all
2026-08-20 01:48:42,829 - INFO - Next message will be sent in 2.6 seconds: owo cf 3
2026-08-20 01:48:49,754 - INFO - Typed message: owo cf 3
2026-08-20 01:48:49,754 - INFO - Message sent: owo cf 3
2026-08-20 01:48:49,886 - INFO - Typed message: owo hunt
2026-08-20 01:48:49,886 - INFO - Message sent: owo hunt
2026-08-20 01:48:50,012 - INFO - Next message will be sent in 2.8 seconds: owo use 75 65 54
2026-08-20 01:48:50,152 - INFO - Next message will be sent in 2.7 seconds: owo battle
2026-08-20 01:48:57,431 - INFO - Typed message: owo battle
2026-08-20 01:48:57,431 - INFO - Message sent: owo battle
2026-08-20 01:48:57,745 - INFO - Next message will be sent in 2.2 seconds: owo sell all
2026-08-20 01:48:59,852 - INFO - Typed message: owo use 75 65 54
2026-08-20 01:48:59,853 - INFO - Message sent: owo use 75 65 54
2026-08-20 01:49:00,611 - INFO - Next message will be sent in 2.8 seconds: owo hunt
2026-08-20 01:49:05,737 - INFO - Typed message: owo sell all
2026-08-20 01:49:05,737 - INFO - Message sent: owo sell all
2026-08-20 01:49:06,286 - INFO - Next message will be sent in 2.9 seconds: owo cf 3
2026-08-20 01:49:09,347 - INFO - Typed message: owo hunt
2026-08-20 01:49:09,347 - INFO - Message sent: owo hunt
2026-08-20 01:49:10,081 - INFO - Next message will be sent in 2.2 seconds: owo battle
2026-08-20 01:49:13,927 - INFO - Typed message: owo cf 3
2026-08-20 01:49:13,927 - INFO - Message sent: owo cf 3
2026-08-20 01:49:14,496 - INFO - Next message will be sent in 3.0 seconds: owo use 75 65 54
2026-08-20 01:49:17,855 - INFO - Typed message: owo battle
2026-08-20 01:49:17,855 - INFO - Message sent: owo battle
2026-08-20 01:49:18,204 - INFO - Next message will be sent in 2.9 seconds: owo sell all
2026-08-20 01:49:23,823 - INFO - Typed message: owo use 75 65 54
2026-08-20 01:49:23,823 - INFO - Message sent: owo use 75 65 54
2026-08-20 01:49:24,342 - INFO - Next message will be sent in 2.1 seconds: owo hunt
2026-08-20 01:49:25,625 - INFO - Typed message: owo sell all
2026-08-20 01:49:25,629 - INFO - Message sent: owo sell all
2026-08-20 01:49:26,033 - INFO - Next message will be sent in 3.0 seconds: owo cf 3
2026-08-20 01:49:30,829 - INFO - Typed message: owo hunt
2026-08-20 01:49:30,829 - INFO - Message sent: owo hunt
2026-08-20 01:49:31,354 - INFO - Next message will be sent in 2.4 seconds: owo battle
2026-08-20 01:49:34,160 - INFO - Typed message: owo cf 3
2026-08-20 01:49:34,161 - INFO - Message sent: owo cf 3
2026-08-20 01:49:34,444 - INFO - Next message will be sent in 2.5 seconds: owo use 75 65 54
2026-08-20 01:49:38,850 - INFO - Typed message: owo battle
2026-08-20 01:49:38,851 - INFO - Message sent: owo battle
2026-08-20 01:49:39,139 - INFO - Next message will be sent in 2.9 seconds: owo sell all
2026-08-20 01:49:42,507 - INFO - Typed message: owo use 75 65 54
2026-08-20 01:49:42,507 - INFO - Message sent: owo use 75 65 54
2026-08-20 01:49:42,740 - INFO - Next message will be sent in 2.6 seconds: owo hunt
2026-08-20 01:49:48,542 - INFO - Typed message: owo sell all
2026-08-20 01:49:48,543 - INFO - Message sent: owo sell all
2026-08-20 01:49:49,123 - INFO - Next message will be sent in 2.5 seconds: owo cf 3
2026-08-20 01:49:49,617 - INFO - Typed message: owo hunt
2026-08-20 01:49:49,617 - INFO - Message sent: owo hunt
2026-08-20 01:49:50,234 - INFO - Next message will be sent in 2.9 seconds: owo battle
2026-08-20 01:49:57,182 - INFO - Typed message: owo cf 3
2026-08-20 01:49:57,184 - INFO - Message sent: owo cf 3
2026-08-20 01:49:57,479 - INFO - Typed message: owo battle
2026-08-20 01:49:57,479 - INFO - Message sent: owo battle
2026-08-20 01:49:57,840 - INFO - Next message will be sent in 2.8 seconds: owo sell all
2026-08-20 01:49:57,906 - INFO - Next message will be sent in 3.0 seconds: owo use 75 65 54
2026-08-20 01:50:05,273 - INFO - Typed message: owo sell all
2026-08-20 01:50:05,273 - INFO - Message sent: owo sell all
2026-08-20 01:50:05,594 - INFO - Next message will be sent in 3.0 seconds: owo cf 3
2026-08-20 01:50:06,939 - INFO - Typed message: owo use 75 65 54
2026-08-20 01:50:06,942 - INFO - Message sent: owo use 75 65 54
2026-08-20 01:50:07,552 - INFO - Next message will be sent in 2.1 seconds: owo hunt
2026-08-20 01:50:14,060 - INFO - Typed message: owo cf 3
2026-08-20 01:50:14,060 - INFO - Message sent: owo cf 3
2026-08-20 01:50:14,518 - INFO - Next message will be sent in 2.9 seconds: owo use 75 65 54
2026-08-20 01:50:15,059 - INFO - Typed message: owo hunt
2026-08-20 01:50:15,059 - INFO - Message sent: owo hunt
2026-08-20 01:50:15,737 - INFO - Next message will be sent in 2.5 seconds: owo battle
2026-08-20 01:50:23,729 - INFO - Typed message: owo battle
2026-08-20 01:50:23,729 - INFO - Message sent: owo battle
2026-08-20 01:50:23,776 - INFO - Typed message: owo use 75 65 54
2026-08-20 01:50:23,789 - INFO - Message sent: owo use 75 65 54
2026-08-20 01:50:24,233 - INFO - Next message will be sent in 2.8 seconds: owo sell all
2026-08-20 01:50:24,496 - INFO - Next message will be sent in 2.7 seconds: owo hunt
2026-08-20 01:50:32,255 - INFO - Typed message: owo hunt
2026-08-20 01:50:32,255 - INFO - Message sent: owo hunt
2026-08-20 01:50:32,517 - INFO - Next message will be sent in 2.0 seconds: owo battle
2026-08-20 01:50:33,333 - INFO - Typed message: owo sell all
2026-08-20 01:50:33,333 - INFO - Message sent: owo sell all
2026-08-20 01:50:34,095 - INFO - Next message will be sent in 2.6 seconds: owo cf 3
2026-08-20 01:50:40,426 - INFO - Typed message: owo battle
2026-08-20 01:50:40,434 - INFO - Message sent: owo battle
2026-08-20 01:50:41,036 - INFO - Next message will be sent in 2.1 seconds: owo sell all
2026-08-20 01:50:41,943 - INFO - Typed message: owo cf 3
2026-08-20 01:50:41,943 - INFO - Message sent: owo cf 3
2026-08-20 01:50:42,371 - INFO - Next message will be sent in 2.5 seconds: owo use 75 65 54
2026-08-20 01:50:49,839 - INFO - Typed message: owo sell all
2026-08-20 01:50:49,841 - INFO - Message sent: owo sell all
2026-08-20 01:50:50,059 - INFO - Next message will be sent in 3.0 seconds: owo cf 3
2026-08-20 01:50:50,074 - INFO - Typed message: owo use 75 65 54
2026-08-20 01:50:50,075 - INFO - Message sent: owo use 75 65 54
2026-08-20 01:50:50,367 - INFO - Next message will be sent in 2.4 seconds: owo hunt
2026-08-20 01:50:57,129 - INFO - Typed message: owo cf 3
2026-08-20 01:50:57,129 - INFO - Message sent: owo cf 3
2026-08-20 01:50:57,457 - INFO - Next message will be sent in 2.6 seconds: owo use 75 65 54
2026-08-20 01:50:58,514 - INFO - Typed message: owo hunt
2026-08-20 01:50:58,514 - INFO - Message sent: owo hunt
2026-08-20 01:50:58,916 - INFO - Next message will be sent in 2.6 seconds: owo battle
2026-08-20 01:51:06,166 - INFO - Typed message: owo use 75 65 54
2026-08-20 01:51:06,168 - INFO - Message sent: owo use 75 65 54
2026-08-20 01:51:06,486 - INFO - Next message will be sent in 2.8 seconds: owo hunt
2026-08-20 01:51:07,404 - INFO - Typed message: owo battle
2026-08-20 01:51:07,404 - INFO - Message sent: owo battle
2026-08-20 01:51:08,035 - INFO - Next message will be sent in 2.3 seconds: owo sell all
2026-08-20 01:51:13,657 - INFO - Typed message: owo hunt
2026-08-20 01:51:13,657 - INFO - Message sent: owo hunt
2026-08-20 01:51:14,110 - INFO - Next message will be sent in 2.6 seconds: owo battle
2026-08-20 01:51:16,697 - INFO - Typed message: owo sell all
2026-08-20 01:51:16,697 - INFO - Message sent: owo sell all
2026-08-20 01:51:16,935 - INFO - Next message will be sent in 2.6 seconds: owo cf 3
2026-08-20 01:51:22,639 - INFO - Typed message: owo battle
2026-08-20 01:51:22,639 - INFO - Message sent: owo battle
2026-08-20 01:51:23,005 - INFO - Next message will be sent in 3.0 seconds: owo sell all
2026-08-20 01:51:25,446 - INFO - Typed message: owo cf 3
2026-08-20 01:51:25,446 - INFO - Message sent: owo cf 3
2026-08-20 01:51:26,127 - INFO - Next message will be sent in 2.2 seconds: owo use 75 65 54
2026-08-20 01:51:30,629 - INFO - Typed message: owo sell all
2026-08-20 01:51:30,629 - INFO - Message sent: owo sell all
2026-08-20 01:51:31,358 - INFO - Next message will be sent in 2.4 seconds: owo cf 3
2026-08-20 01:51:34,574 - INFO - Typed message: owo use 75 65 54
2026-08-20 01:51:34,574 - INFO - Message sent: owo use 75 65 54
2026-08-20 01:51:35,069 - INFO - Next message will be sent in 2.9 seconds: owo hunt
2026-08-20 01:51:38,365 - INFO - Typed message: owo cf 3
2026-08-20 01:51:38,365 - INFO - Message sent: owo cf 3
2026-08-20 01:51:38,897 - INFO - Next message will be sent in 2.5 seconds: owo use 75 65 54
2026-08-20 01:51:43,462 - INFO - Typed message: owo hunt
2026-08-20 01:51:43,462 - INFO - Message sent: owo hunt
2026-08-20 01:51:44,188 - INFO - Next message will be sent in 2.2 seconds: owo battle
2026-08-20 01:51:47,451 - INFO - Typed message: owo use 75 65 54
2026-08-20 01:51:47,451 - INFO - Message sent: owo use 75 65 54
2026-08-20 01:51:47,705 - INFO - Next message will be sent in 2.1 seconds: owo hunt
2026-08-20 01:51:52,791 - INFO - Typed message: owo battle
2026-08-20 01:51:52,791 - INFO - Message sent: owo battle
2026-08-20 01:51:53,515 - INFO - Next message will be sent in 2.3 seconds: owo sell all
2026-08-20 01:51:54,742 - INFO - Typed message: owo hunt
2026-08-20 01:51:54,742 - INFO - Message sent: owo hunt
2026-08-20 01:51:55,414 - INFO - Next message will be sent in 2.2 seconds: owo battle
2026-08-20 01:52:01,859 - INFO - Typed message: owo sell all
2026-08-20 01:52:01,859 - INFO - Message sent: owo sell all
2026-08-20 01:52:02,372 - INFO - Next message will be sent in 2.1 seconds: owo cf 3
2026-08-20 01:52:02,407 - INFO - Typed message: owo battle
2026-08-20 01:52:02,408 - INFO - Message sent: owo battle
2026-08-20 01:52:02,669 - INFO - Next message will be sent in 2.5 seconds: owo sell all
2026-08-20 01:52:09,425 - INFO - Typed message: owo cf 3
2026-08-20 01:52:09,426 - INFO - Message sent: owo cf 3
2026-08-20 01:52:10,189 - INFO - Next message will be sent in 2.0 seconds: owo use 75 65 54
2026-08-20 01:52:10,265 - INFO - Typed message: owo sell all
2026-08-20 01:52:10,265 - INFO - Message sent: owo sell all
2026-08-20 01:52:10,519 - INFO - Next message will be sent in 2.6 seconds: owo cf 3
2026-08-20 01:52:17,558 - INFO - Typed message: owo cf 3
2026-08-20 01:52:17,559 - INFO - Message sent: owo cf 3
2026-08-20 01:52:18,053 - INFO - Next message will be sent in 2.0 seconds: owo use 75 65 54
2026-08-20 01:52:19,228 - INFO - Typed message: owo use 75 65 54
2026-08-20 01:52:19,228 - INFO - Message sent: owo use 75 65 54
2026-08-20 01:52:19,522 - INFO - Next message will be sent in 2.3 seconds: owo hunt
2026-08-20 01:52:25,079 - INFO - Typed message: owo use 75 65 54
2026-08-20 01:52:25,079 - INFO - Message sent: owo use 75 65 54
2026-08-20 01:52:25,552 - INFO - Next message will be sent in 2.4 seconds: owo hunt
2026-08-20 01:52:26,380 - INFO - Typed message: owo hunt
2026-08-20 01:52:26,380 - INFO - Message sent: owo hunt
2026-08-20 01:52:27,032 - INFO - Next message will be sent in 3.0 seconds: owo battle
2026-08-20 01:52:32,947 - INFO - Typed message: owo hunt
2026-08-20 01:52:32,947 - INFO - Message sent: owo hunt
2026-08-20 01:52:33,224 - INFO - Next message will be sent in 2.5 seconds: owo battle
2026-08-20 01:52:34,639 - INFO - Typed message: owo battle
2026-08-20 01:52:34,639 - INFO - Message sent: owo battle
2026-08-20 01:52:35,365 - INFO - Next message will be sent in 2.1 seconds: owo sell all
2026-08-20 01:52:40,335 - INFO - Typed message: owo battle
2026-08-20 01:52:40,335 - INFO - Message sent: owo battle
2026-08-20 01:52:40,981 - INFO - Next message will be sent in 2.1 seconds: owo sell all
2026-08-20 01:52:42,986 - INFO - Typed message: owo sell all
2026-08-20 01:52:42,986 - INFO - Message sent: owo sell all
2026-08-20 01:52:43,497 - INFO - Next message will be sent in 2.3 seconds: owo cf 3
2026-08-20 01:52:47,960 - INFO - Typed message: owo sell all
2026-08-20 01:52:47,962 - INFO - Message sent: owo sell all
2026-08-20 01:52:48,609 - INFO - Next message will be sent in 2.9 seconds: owo cf 3
2026-08-20 01:52:49,918 - INFO - Typed message: owo cf 3
2026-08-20 01:52:49,918 - INFO - Message sent: owo cf 3
2026-08-20 01:52:50,146 - INFO - Next message will be sent in 2.2 seconds: owo use 75 65 54
2026-08-20 01:52:56,315 - INFO - Typed message: owo cf 3
2026-08-20 01:52:56,315 - INFO - Message sent: owo cf 3
2026-08-20 01:52:56,961 - INFO - Next message will be sent in 2.7 seconds: owo use 75 65 54
2026-08-20 01:52:59,323 - INFO - Typed message: owo use 75 65 54
2026-08-20 01:52:59,323 - INFO - Message sent: owo use 75 65 54
2026-08-20 01:52:59,922 - INFO - Next message will be sent in 3.0 seconds: owo hunt
2026-08-20 01:53:06,211 - INFO - Typed message: owo use 75 65 54
2026-08-20 01:53:06,211 - INFO - Message sent: owo use 75 65 54
2026-08-20 01:53:06,843 - INFO - Next message will be sent in 2.4 seconds: owo hunt
2026-08-20 01:53:08,132 - INFO - Typed message: owo hunt
2026-08-20 01:53:08,132 - INFO - Message sent: owo hunt
2026-08-20 01:53:08,799 - INFO - Next message will be sent in 2.8 seconds: owo battle
2026-08-20 01:53:15,002 - INFO - Typed message: owo hunt
2026-08-20 01:53:15,002 - INFO - Message sent: owo hunt
2026-08-20 01:53:15,378 - INFO - Next message will be sent in 2.3 seconds: owo battle
2026-08-20 01:53:16,581 - INFO - Typed message: owo battle
2026-08-20 01:53:16,581 - INFO - Message sent: owo battle
2026-08-20 01:53:17,108 - INFO - Next message will be sent in 2.2 seconds: owo sell all
2026-08-20 01:53:23,209 - INFO - Typed message: owo battle
2026-08-20 01:53:23,209 - INFO - Message sent: owo battle
2026-08-20 01:53:23,801 - INFO - Next message will be sent in 2.1 seconds: owo sell all
2026-08-20 01:53:25,640 - INFO - Typed message: owo sell all
2026-08-20 01:53:25,640 - INFO - Message sent: owo sell all
2026-08-20 01:53:26,316 - INFO - Next message will be sent in 2.8 seconds: owo cf 3
2026-08-20 01:53:30,866 - INFO - Typed message: owo sell all
2026-08-20 01:53:30,866 - INFO - Message sent: owo sell all
2026-08-20 01:53:31,214 - INFO - Next message will be sent in 2.7 seconds: owo cf 3
2026-08-20 01:53:33,805 - INFO - Typed message: owo cf 3
2026-08-20 01:53:33,805 - INFO - Message sent: owo cf 3
2026-08-20 01:53:34,524 - INFO - Next message will be sent in 2.5 seconds: owo use 75 65 54
2026-08-20 01:53:39,769 - INFO - Typed message: owo cf 3
2026-08-20 01:53:39,769 - INFO - Message sent: owo cf 3
2026-08-20 01:53:40,523 - INFO - Next message will be sent in 2.9 seconds: owo use 75 65 54
2026-08-20 01:53:44,023 - INFO - Typed message: owo use 75 65 54
2026-08-20 01:53:44,023 - INFO - Message sent: owo use 75 65 54
2026-08-20 01:53:44,572 - INFO - Next message will be sent in 2.8 seconds: owo hunt
2026-08-20 01:53:49,866 - INFO - Typed message: owo use 75 65 54
2026-08-20 01:53:49,867 - INFO - Message sent: owo use 75 65 54
2026-08-20 01:53:50,221 - INFO - Next message will be sent in 2.3 seconds: owo hunt
2026-08-20 01:53:52,984 - INFO - Typed message: owo hunt
2026-08-20 01:53:52,998 - INFO - Message sent: owo hunt
2026-08-20 01:53:53,654 - INFO - Next message will be sent in 2.8 seconds: owo battle
2026-08-20 01:53:57,496 - INFO - Typed message: owo hunt
2026-08-20 01:53:57,496 - INFO - Message sent: owo hunt
2026-08-20 01:53:58,248 - INFO - Next message will be sent in 2.1 seconds: owo battle
2026-08-20 01:54:01,445 - INFO - Typed message: owo battle
2026-08-20 01:54:01,449 - INFO - Message sent: owo battle
2026-08-20 01:54:01,923 - INFO - Next message will be sent in 2.0 seconds: owo sell all
2026-08-20 01:54:04,870 - INFO - Typed message: owo battle
2026-08-20 01:54:04,870 - INFO - Message sent: owo battle
2026-08-20 01:54:05,386 - INFO - Next message will be sent in 2.9 seconds: owo sell all
2026-08-20 01:54:08,849 - INFO - Typed message: owo sell all
2026-08-20 01:54:08,851 - INFO - Message sent: owo sell all
2026-08-20 01:54:09,355 - INFO - Next message will be sent in 2.3 seconds: owo cf 3
2026-08-20 01:54:14,010 - INFO - Typed message: owo sell all
2026-08-20 01:54:14,010 - INFO - Message sent: owo sell all
2026-08-20 01:54:14,533 - INFO - Next message will be sent in 2.7 seconds: owo cf 3
2026-08-20 01:54:17,013 - INFO - Typed message: owo cf 3
2026-08-20 01:54:17,015 - INFO - Message sent: owo cf 3
2026-08-20 01:54:17,809 - INFO - Next message will be sent in 2.4 seconds: owo use 75 65 54
2026-08-20 01:54:21,831 - INFO - Typed message: owo cf 3
2026-08-20 01:54:21,831 - INFO - Message sent: owo cf 3
2026-08-20 01:54:22,059 - INFO - Next message will be sent in 2.8 seconds: owo use 75 65 54
2026-08-20 01:54:25,133 - INFO - Typed message: owo use 75 65 54
2026-08-20 01:54:25,133 - INFO - Message sent: owo use 75 65 54
2026-08-20 01:54:25,681 - INFO - Next message will be sent in 2.5 seconds: owo hunt
2026-08-20 01:54:30,183 - INFO - Typed message: owo use 75 65 54
2026-08-20 01:54:30,185 - INFO - Message sent: owo use 75 65 54
2026-08-20 01:54:30,659 - INFO - Next message will be sent in 2.8 seconds: owo hunt
2026-08-20 01:54:33,024 - INFO - Typed message: owo hunt
2026-08-20 01:54:33,024 - INFO - Message sent: owo hunt
2026-08-20 01:54:33,241 - INFO - Next message will be sent in 2.2 seconds: owo battle
2026-08-20 01:54:37,758 - INFO - Typed message: owo hunt
2026-08-20 01:54:37,758 - INFO - Message sent: owo hunt
2026-08-20 01:54:38,083 - INFO - Next message will be sent in 2.4 seconds: owo battle
2026-08-20 01:54:40,996 - INFO - Typed message: owo battle
2026-08-20 01:54:40,996 - INFO - Message sent: owo battle
2026-08-20 01:54:41,729 - INFO - Next message will be sent in 2.3 seconds: owo sell all
2026-08-20 01:54:45,415 - INFO - Typed message: owo battle
2026-08-20 01:54:45,417 - INFO - Message sent: owo battle
2026-08-20 01:54:46,035 - INFO - Next message will be sent in 2.7 seconds: owo sell all
2026-08-20 01:54:49,612 - INFO - Typed message: owo sell all
2026-08-20 01:54:49,612 - INFO - Message sent: owo sell all
2026-08-20 01:54:50,368 - INFO - Next message will be sent in 2.8 seconds: owo cf 3
2026-08-20 01:54:54,839 - INFO - Typed message: owo sell all
2026-08-20 01:54:54,843 - INFO - Message sent: owo sell all
2026-08-20 01:54:55,188 - INFO - Next message will be sent in 2.7 seconds: owo cf 3
2026-08-20 01:54:57,918 - INFO - Typed message: owo cf 3
2026-08-20 01:54:57,920 - INFO - Message sent: owo cf 3
2026-08-20 01:54:58,668 - INFO - Next message will be sent in 2.3 seconds: owo use 75 65 54
2026-08-20 01:55:03,955 - INFO - Typed message: owo cf 3
2026-08-20 01:55:03,955 - INFO - Message sent: owo cf 3
2026-08-20 01:55:04,182 - INFO - Next message will be sent in 2.4 seconds: owo use 75 65 54
2026-08-20 01:55:06,747 - INFO - Typed message: owo use 75 65 54
2026-08-20 01:55:06,747 - INFO - Message sent: owo use 75 65 54
2026-08-20 01:55:07,527 - INFO - Next message will be sent in 2.2 seconds: owo hunt
2026-08-20 01:55:13,905 - INFO - Typed message: owo use 75 65 54
2026-08-20 01:55:13,906 - INFO - Message sent: owo use 75 65 54
2026-08-20 01:55:14,258 - INFO - Typed message: owo hunt
2026-08-20 01:55:14,258 - INFO - Message sent: owo hunt
2026-08-20 01:55:14,431 - INFO - Next message will be sent in 2.3 seconds: owo hunt
2026-08-20 01:55:14,908 - INFO - Next message will be sent in 2.5 seconds: owo battle
2026-08-20 01:55:22,145 - INFO - Typed message: owo battle
2026-08-20 01:55:22,145 - INFO - Message sent: owo battle
2026-08-20 01:55:22,387 - INFO - Next message will be sent in 2.2 seconds: owo sell all
2026-08-20 01:55:22,708 - INFO - Typed message: owo hunt
2026-08-20 01:55:22,709 - INFO - Message sent: owo hunt
2026-08-20 01:55:23,383 - INFO - Next message will be sent in 2.9 seconds: owo battle
2026-08-20 01:55:30,166 - INFO - Typed message: owo sell all
2026-08-20 01:55:30,166 - INFO - Message sent: owo sell all
2026-08-20 01:55:30,811 - INFO - Next message will be sent in 2.7 seconds: owo cf 3
2026-08-20 01:55:31,894 - INFO - Typed message: owo battle
2026-08-20 01:55:31,896 - INFO - Message sent: owo battle
2026-08-20 01:55:32,206 - INFO - Next message will be sent in 2.4 seconds: owo sell all
2026-08-20 01:55:39,553 - INFO - Typed message: owo cf 3
2026-08-20 01:55:39,558 - INFO - Message sent: owo cf 3
2026-08-20 01:55:40,217 - INFO - Next message will be sent in 2.6 seconds: owo use 75 65 54
2026-08-20 01:55:40,629 - INFO - Typed message: owo sell all
2026-08-20 01:55:40,629 - INFO - Message sent: owo sell all
2026-08-20 01:55:40,902 - INFO - Next message will be sent in 2.4 seconds: owo cf 3
2026-08-20 01:55:48,062 - INFO - Typed message: owo cf 3
2026-08-20 01:55:48,062 - INFO - Message sent: owo cf 3
2026-08-20 01:55:48,780 - INFO - Next message will be sent in 2.2 seconds: owo use 75 65 54
2026-08-20 01:55:49,894 - INFO - Typed message: owo use 75 65 54
2026-08-20 01:55:49,894 - INFO - Message sent: owo use 75 65 54
2026-08-20 01:55:50,669 - INFO - Next message will be sent in 2.1 seconds: owo hunt
2026-08-20 01:55:57,029 - INFO - Typed message: owo use 75 65 54
2026-08-20 01:55:57,036 - INFO - Message sent: owo use 75 65 54
2026-08-20 01:55:57,319 - INFO - Next message will be sent in 2.2 seconds: owo hunt
2026-08-20 01:55:57,775 - INFO - Typed message: owo hunt
2026-08-20 01:55:57,775 - INFO - Message sent: owo hunt
2026-08-20 01:55:58,510 - INFO - Next message will be sent in 2.9 seconds: owo battle
2026-08-20 01:56:05,751 - INFO - Typed message: owo hunt
2026-08-20 01:56:05,751 - INFO - Message sent: owo hunt
2026-08-20 01:56:06,014 - INFO - Next message will be sent in 2.7 seconds: owo battle
2026-08-20 01:56:07,621 - INFO - Typed message: owo battle
2026-08-20 01:56:07,621 - INFO - Message sent: owo battle
2026-08-20 01:56:07,876 - INFO - Next message will be sent in 2.9 seconds: owo sell all
2026-08-20 01:56:13,153 - INFO - Typed message: owo battle
2026-08-20 01:56:13,153 - INFO - Message sent: owo battle
2026-08-20 01:56:13,818 - INFO - Next message will be sent in 2.1 seconds: owo sell all
2026-08-20 01:56:16,502 - INFO - Typed message: owo sell all
2026-08-20 01:56:16,502 - INFO - Message sent: owo sell all
2026-08-20 01:56:16,863 - INFO - Next message will be sent in 2.1 seconds: owo cf 3
2026-08-20 01:56:22,105 - INFO - Typed message: owo sell all
2026-08-20 01:56:22,106 - INFO - Message sent: owo sell all
2026-08-20 01:56:22,618 - INFO - Next message will be sent in 2.9 seconds: owo cf 3
2026-08-20 01:56:23,845 - INFO - Typed message: owo cf 3
2026-08-20 01:56:23,845 - INFO - Message sent: owo cf 3
2026-08-20 01:56:24,255 - INFO - Next message will be sent in 2.1 seconds: owo use 75 65 54
2026-08-20 01:56:29,398 - INFO - Typed message: owo cf 3
2026-08-20 01:56:29,398 - INFO - Message sent: owo cf 3
2026-08-20 01:56:29,896 - INFO - Next message will be sent in 2.2 seconds: owo use 75 65 54
2026-08-20 01:56:32,571 - INFO - Typed message: owo use 75 65 54
2026-08-20 01:56:32,571 - INFO - Message sent: owo use 75 65 54
2026-08-20 01:56:32,822 - INFO - Next message will be sent in 2.5 seconds: owo hunt
2026-08-20 01:56:38,858 - INFO - Typed message: owo use 75 65 54
2026-08-20 01:56:38,858 - INFO - Message sent: owo use 75 65 54
2026-08-20 01:56:39,562 - INFO - Next message will be sent in 2.3 seconds: owo hunt
2026-08-20 01:56:40,542 - INFO - Typed message: owo hunt
2026-08-20 01:56:40,542 - INFO - Message sent: owo hunt
2026-08-20 01:56:40,863 - INFO - Next message will be sent in 2.7 seconds: owo battle
2026-08-20 01:56:46,548 - INFO - Typed message: owo hunt
2026-08-20 01:56:46,548 - INFO - Message sent: owo hunt
2026-08-20 01:56:47,279 - INFO - Next message will be sent in 2.5 seconds: owo battle
2026-08-20 01:56:49,529 - INFO - Typed message: owo battle
2026-08-20 01:56:49,529 - INFO - Message sent: owo battle
2026-08-20 01:56:49,804 - INFO - Next message will be sent in 2.6 seconds: owo sell all
2026-08-20 01:56:54,949 - INFO - Typed message: owo battle
2026-08-20 01:56:54,949 - INFO - Message sent: owo battle
2026-08-20 01:56:55,518 - INFO - Next message will be sent in 2.8 seconds: owo sell all
2026-08-20 01:56:57,388 - INFO - Typed message: owo sell all
2026-08-20 01:56:57,388 - INFO - Message sent: owo sell all
2026-08-20 01:56:57,607 - INFO - Next message will be sent in 2.3 seconds: owo cf 3
2026-08-20 01:57:04,426 - INFO - Typed message: owo sell all
2026-08-20 01:57:04,426 - INFO - Message sent: owo sell all
2026-08-20 01:57:04,534 - INFO - Typed message: owo cf 3
2026-08-20 01:57:04,534 - INFO - Message sent: owo cf 3
2026-08-20 01:57:04,826 - INFO - Next message will be sent in 2.3 seconds: owo cf 3
2026-08-20 01:57:05,207 - INFO - Next message will be sent in 2.5 seconds: owo use 75 65 54
2026-08-20 01:57:12,538 - INFO - Typed message: owo cf 3
2026-08-20 01:57:12,539 - INFO - Message sent: owo cf 3
2026-08-20 01:57:13,208 - INFO - Next message will be sent in 2.4 seconds: owo use 75 65 54
2026-08-20 01:57:14,380 - INFO - Typed message: owo use 75 65 54
2026-08-20 01:57:14,380 - INFO - Message sent: owo use 75 65 54
2026-08-20 01:57:14,663 - INFO - Next message will be sent in 2.6 seconds: owo hunt
2026-08-20 01:57:21,040 - INFO - Typed message: owo use 75 65 54
2026-08-20 01:57:21,049 - INFO - Message sent: owo use 75 65 54
2026-08-20 01:57:21,661 - INFO - Next message will be sent in 2.1 seconds: owo hunt
2026-08-20 01:57:22,129 - INFO - Typed message: owo hunt
2026-08-20 01:57:22,129 - INFO - Message sent: owo hunt
2026-08-20 01:57:22,566 - INFO - Next message will be sent in 2.3 seconds: owo battle
2026-08-20 01:57:29,746 - INFO - Typed message: owo hunt
2026-08-20 01:57:29,746 - INFO - Message sent: owo hunt
2026-08-20 01:57:30,198 - INFO - Next message will be sent in 2.8 seconds: owo battle
2026-08-20 01:57:30,956 - INFO - Typed message: owo battle
2026-08-20 01:57:30,956 - INFO - Message sent: owo battle
2026-08-20 01:57:31,241 - INFO - Next message will be sent in 2.5 seconds: owo sell all
2026-08-20 01:57:37,372 - INFO - Typed message: owo battle
2026-08-20 01:57:37,372 - INFO - Message sent: owo battle
2026-08-20 01:57:37,960 - INFO - Next message will be sent in 2.9 seconds: owo sell all
2026-08-20 01:57:39,330 - INFO - Typed message: owo sell all
2026-08-20 01:57:39,330 - INFO - Message sent: owo sell all
2026-08-20 01:57:40,110 - INFO - Next message will be sent in 2.6 seconds: owo cf 3
2026-08-20 01:57:47,030 - INFO - Typed message: owo cf 3
2026-08-20 01:57:47,030 - INFO - Message sent: owo cf 3
2026-08-20 01:57:47,272 - INFO - Typed message: owo sell all
2026-08-20 01:57:47,272 - INFO - Message sent: owo sell all
2026-08-20 01:57:47,602 - INFO - Next message will be sent in 2.6 seconds: owo use 75 65 54
2026-08-20 01:57:47,773 - INFO - Next message will be sent in 2.8 seconds: owo cf 3
2026-08-20 01:57:55,951 - INFO - Typed message: owo cf 3
2026-08-20 01:57:55,951 - INFO - Message sent: owo cf 3
2026-08-20 01:57:56,509 - INFO - Next message will be sent in 2.5 seconds: owo use 75 65 54
2026-08-20 01:57:56,820 - INFO - Typed message: owo use 75 65 54
2026-08-20 01:57:56,823 - INFO - Message sent: owo use 75 65 54
2026-08-20 01:57:57,343 - INFO - Next message will be sent in 2.6 seconds: owo hunt
2026-08-20 01:58:05,027 - INFO - Typed message: owo use 75 65 54
2026-08-20 01:58:05,027 - INFO - Message sent: owo use 75 65 54
2026-08-20 01:58:05,674 - INFO - Next message will be sent in 2.9 seconds: owo hunt
2026-08-20 01:58:05,972 - INFO - Typed message: owo hunt
2026-08-20 01:58:05,973 - INFO - Message sent: owo hunt
2026-08-20 01:58:06,312 - INFO - Next message will be sent in 2.8 seconds: owo battle
2026-08-20 01:58:13,322 - INFO - Typed message: owo hunt
2026-08-20 01:58:13,322 - INFO - Message sent: owo hunt
2026-08-20 01:58:13,537 - INFO - Next message will be sent in 2.6 seconds: owo battle
2026-08-20 01:58:13,802 - INFO - Typed message: owo battle
2026-08-20 01:58:13,802 - INFO - Message sent: owo battle
2026-08-20 01:58:14,278 - INFO - Next message will be sent in 2.3 seconds: owo sell all
2026-08-20 01:58:21,190 - INFO - Typed message: owo sell all
2026-08-20 01:58:21,190 - INFO - Message sent: owo sell all
2026-08-20 01:58:21,683 - INFO - Next message will be sent in 2.4 seconds: owo cf 3
2026-08-20 01:58:22,107 - INFO - Typed message: owo battle
2026-08-20 01:58:22,107 - INFO - Message sent: owo battle
2026-08-20 01:58:22,798 - INFO - Next message will be sent in 2.9 seconds: owo sell all
2026-08-20 01:58:28,764 - INFO - Typed message: owo cf 3
2026-08-20 01:58:28,765 - INFO - Message sent: owo cf 3
2026-08-20 01:58:29,095 - INFO - Next message will be sent in 2.5 seconds: owo use 75 65 54
2026-08-20 01:58:31,437 - INFO - Typed message: owo sell all
2026-08-20 01:58:31,438 - INFO - Message sent: owo sell all
2026-08-20 01:58:31,785 - INFO - Next message will be sent in 2.2 seconds: owo cf 3
2026-08-20 01:58:38,708 - INFO - Typed message: owo use 75 65 54
2026-08-20 01:58:38,709 - INFO - Message sent: owo use 75 65 54
2026-08-20 01:58:39,207 - INFO - Next message will be sent in 2.8 seconds: owo hunt
2026-08-20 01:58:39,237 - INFO - Typed message: owo cf 3
2026-08-20 01:58:39,237 - INFO - Message sent: owo cf 3
2026-08-20 01:58:39,721 - INFO - Next message will be sent in 3.0 seconds: owo use 75 65 54
2026-08-20 01:58:46,332 - INFO - Typed message: owo hunt
2026-08-20 01:58:46,332 - INFO - Message sent: owo hunt
2026-08-20 01:58:47,116 - INFO - Next message will be sent in 2.0 seconds: owo battle
2026-08-20 01:58:49,088 - INFO - Typed message: owo use 75 65 54
2026-08-20 01:58:49,088 - INFO - Message sent: owo use 75 65 54
2026-08-20 01:58:49,389 - INFO - Next message will be sent in 2.9 seconds: owo hunt
2026-08-20 01:58:53,945 - INFO - Typed message: owo battle
2026-08-20 01:58:53,945 - INFO - Message sent: owo battle
2026-08-20 01:58:54,710 - INFO - Next message will be sent in 2.6 seconds: owo sell all
2026-08-20 01:58:57,320 - INFO - Typed message: owo hunt
2026-08-20 01:58:57,320 - INFO - Message sent: owo hunt
2026-08-20 01:58:57,966 - INFO - Next message will be sent in 2.1 seconds: owo battle
2026-08-20 01:59:03,128 - INFO - Typed message: owo sell all
2026-08-20 01:59:03,128 - INFO - Message sent: owo sell all
2026-08-20 01:59:03,609 - INFO - Next message will be sent in 2.5 seconds: owo cf 3
2026-08-20 01:59:05,963 - INFO - Typed message: owo battle
2026-08-20 01:59:05,963 - INFO - Message sent: owo battle
2026-08-20 01:59:06,204 - INFO - Next message will be sent in 2.5 seconds: owo sell all
2026-08-20 01:59:10,639 - INFO - Typed message: owo cf 3
2026-08-20 01:59:10,639 - INFO - Message sent: owo cf 3
2026-08-20 01:59:11,239 - INFO - Next message will be sent in 2.1 seconds: owo use 75 65 54
2026-08-20 01:59:15,088 - INFO - Typed message: owo sell all
2026-08-20 01:59:15,089 - INFO - Message sent: owo sell all
2026-08-20 01:59:15,367 - INFO - Next message will be sent in 2.1 seconds: owo cf 3
2026-08-20 01:59:18,872 - INFO - Typed message: owo use 75 65 54
2026-08-20 01:59:18,873 - INFO - Message sent: owo use 75 65 54
2026-08-20 01:59:19,273 - INFO - Next message will be sent in 2.8 seconds: owo hunt
2026-08-20 01:59:23,051 - INFO - Typed message: owo cf 3
2026-08-20 01:59:23,051 - INFO - Message sent: owo cf 3
2026-08-20 01:59:23,307 - INFO - Next message will be sent in 2.5 seconds: owo use 75 65 54
2026-08-20 01:59:26,870 - INFO - Typed message: owo hunt
2026-08-20 01:59:26,870 - INFO - Message sent: owo hunt
2026-08-20 01:59:27,392 - INFO - Next message will be sent in 2.3 seconds: owo battle
2026-08-20 01:59:31,764 - INFO - Typed message: owo use 75 65 54
2026-08-20 01:59:31,764 - INFO - Message sent: owo use 75 65 54
2026-08-20 01:59:32,380 - INFO - Next message will be sent in 2.9 seconds: owo hunt
2026-08-20 01:59:34,082 - INFO - Typed message: owo battle
2026-08-20 01:59:34,082 - INFO - Message sent: owo battle
2026-08-20 01:59:34,538 - INFO - Next message will be sent in 2.3 seconds: owo sell all
2026-08-20 01:59:40,746 - INFO - Typed message: owo hunt
2026-08-20 01:59:40,747 - INFO - Message sent: owo hunt
2026-08-20 01:59:41,251 - INFO - Next message will be sent in 2.9 seconds: owo battle
2026-08-20 01:59:43,700 - INFO - Typed message: owo sell all
2026-08-20 01:59:43,700 - INFO - Message sent: owo sell all
2026-08-20 01:59:44,050 - INFO - Next message will be sent in 2.9 seconds: owo cf 3
2026-08-20 01:59:48,770 - INFO - Typed message: owo battle
2026-08-20 01:59:48,772 - INFO - Message sent: owo battle
2026-08-20 01:59:49,108 - INFO - Next message will be sent in 2.1 seconds: owo sell all
2026-08-20 01:59:52,289 - INFO - Typed message: owo cf 3
2026-08-20 01:59:52,290 - INFO - Message sent: owo cf 3
2026-08-20 01:59:52,603 - INFO - Next message will be sent in 2.4 seconds: owo use 75 65 54
2026-08-20 01:59:57,463 - INFO - Typed message: owo sell all
2026-08-20 01:59:57,463 - INFO - Message sent: owo sell all
2026-08-20 01:59:58,106 - INFO - Next message will be sent in 2.6 seconds: owo cf 3
2026-08-20 02:00:00,499 - INFO - Typed message: owo use 75 65 54
2026-08-20 02:00:00,500 - INFO - Message sent: owo use 75 65 54
2026-08-20 02:00:00,823 - INFO - Next message will be sent in 2.1 seconds: owo hunt
2026-08-20 02:00:05,464 - INFO - Typed message: owo cf 3
2026-08-20 02:00:05,464 - INFO - Message sent: owo cf 3
2026-08-20 02:00:05,697 - INFO - Next message will be sent in 2.9 seconds: owo use 75 65 54
2026-08-20 02:00:07,958 - INFO - Typed message: owo hunt
2026-08-20 02:00:07,959 - INFO - Message sent: owo hunt
2026-08-20 02:00:08,394 - INFO - Next message will be sent in 2.1 seconds: owo battle
2026-08-20 02:00:13,679 - INFO - Typed message: owo use 75 65 54
2026-08-20 02:00:13,680 - INFO - Message sent: owo use 75 65 54
2026-08-20 02:00:14,269 - INFO - Next message will be sent in 2.1 seconds: owo hunt
2026-08-20 02:00:15,685 - INFO - Typed message: owo battle
2026-08-20 02:00:15,685 - INFO - Message sent: owo battle
2026-08-20 02:00:16,206 - INFO - Next message will be sent in 2.5 seconds: owo sell all
2026-08-20 02:00:21,059 - INFO - Typed message: owo hunt
2026-08-20 02:00:21,059 - INFO - Message sent: owo hunt
2026-08-20 02:00:21,646 - INFO - Next message will be sent in 2.9 seconds: owo battle
2026-08-20 02:00:24,565 - INFO - Typed message: owo sell all
2026-08-20 02:00:24,565 - INFO - Message sent: owo sell all
2026-08-20 02:00:24,863 - INFO - Next message will be sent in 3.0 seconds: owo cf 3
2026-08-20 02:00:29,415 - INFO - Typed message: owo battle
2026-08-20 02:00:29,415 - INFO - Message sent: owo battle
2026-08-20 02:00:29,775 - INFO - Next message will be sent in 2.1 seconds: owo sell all
2026-08-20 02:00:33,413 - INFO - Typed message: owo cf 3
2026-08-20 02:00:33,418 - INFO - Message sent: owo cf 3
2026-08-20 02:00:34,088 - INFO - Next message will be sent in 2.0 seconds: owo use 75 65 54
2026-08-20 02:00:38,054 - INFO - Typed message: owo sell all
2026-08-20 02:00:38,054 - INFO - Message sent: owo sell all
2026-08-20 02:00:38,336 - INFO - Next message will be sent in 2.1 seconds: owo cf 3
2026-08-20 02:00:42,749 - INFO - Typed message: owo use 75 65 54
2026-08-20 02:00:42,749 - INFO - Message sent: owo use 75 65 54
2026-08-20 02:00:43,503 - INFO - Next message will be sent in 2.4 seconds: owo hunt
2026-08-20 02:00:45,604 - INFO - Typed message: owo cf 3
2026-08-20 02:00:45,604 - INFO - Message sent: owo cf 3
2026-08-20 02:00:46,143 - INFO - Next message will be sent in 2.3 seconds: owo use 75 65 54
2026-08-20 02:00:51,024 - INFO - Typed message: owo hunt
2026-08-20 02:00:51,024 - INFO - Message sent: owo hunt
2026-08-20 02:00:51,388 - INFO - Next message will be sent in 2.8 seconds: owo battle
2026-08-20 02:00:53,635 - INFO - Typed message: owo use 75 65 54
2026-08-20 02:00:53,642 - INFO - Message sent: owo use 75 65 54
2026-08-20 02:00:53,851 - INFO - Next message will be sent in 2.7 seconds: owo hunt
2026-08-20 02:01:00,432 - INFO - Typed message: owo battle
2026-08-20 02:01:00,433 - INFO - Message sent: owo battle
2026-08-20 02:01:01,016 - INFO - Next message will be sent in 2.1 seconds: owo sell all
2026-08-20 02:01:01,016 - INFO - Typed message: owo hunt
2026-08-20 02:01:01,016 - INFO - Message sent: owo hunt
2026-08-20 02:01:01,750 - INFO - Next message will be sent in 2.9 seconds: owo battle
2026-08-20 02:01:08,947 - INFO - Typed message: owo battle
2026-08-20 02:01:08,948 - INFO - Message sent: owo battle
2026-08-20 02:01:09,084 - INFO - Typed message: owo sell all
2026-08-20 02:01:09,085 - INFO - Message sent: owo sell all
2026-08-20 02:01:09,574 - INFO - Next message will be sent in 2.4 seconds: owo sell all
2026-08-20 02:01:09,707 - INFO - Next message will be sent in 2.9 seconds: owo cf 3
2026-08-20 02:01:17,350 - INFO - Typed message: owo sell all
2026-08-20 02:01:17,352 - INFO - Message sent: owo sell all
2026-08-20 02:01:17,852 - INFO - Next message will be sent in 2.3 seconds: owo cf 3
2026-08-20 02:01:17,897 - INFO - Typed message: owo cf 3
2026-08-20 02:01:17,898 - INFO - Message sent: owo cf 3
2026-08-20 02:01:18,570 - INFO - Next message will be sent in 2.3 seconds: owo use 75 65 54
2026-08-20 02:01:24,933 - INFO - Typed message: owo cf 3
2026-08-20 02:01:24,933 - INFO - Message sent: owo cf 3
2026-08-20 02:01:25,620 - INFO - Next message will be sent in 2.6 seconds: owo use 75 65 54
2026-08-20 02:01:27,241 - INFO - Typed message: owo use 75 65 54
2026-08-20 02:01:27,242 - INFO - Message sent: owo use 75 65 54
2026-08-20 02:01:27,474 - INFO - Next message will be sent in 2.9 seconds: owo hunt
2026-08-20 02:01:33,583 - INFO - Typed message: owo use 75 65 54
2026-08-20 02:01:33,583 - INFO - Message sent: owo use 75 65 54
2026-08-20 02:01:34,226 - INFO - Next message will be sent in 2.4 seconds: owo hunt
2026-08-20 02:01:34,922 - INFO - Typed message: owo hunt
2026-08-20 02:01:34,922 - INFO - Message sent: owo hunt
2026-08-20 02:01:35,670 - INFO - Next message will be sent in 2.2 seconds: owo battle
2026-08-20 02:01:40,883 - INFO - Typed message: owo hunt
2026-08-20 02:01:40,887 - INFO - Message sent: owo hunt
2026-08-20 02:01:41,596 - INFO - Next message will be sent in 2.4 seconds: owo battle
2026-08-20 02:01:43,470 - INFO - Typed message: owo battle
2026-08-20 02:01:43,470 - INFO - Message sent: owo battle
2026-08-20 02:01:44,125 - INFO - Next message will be sent in 2.2 seconds: owo sell all
2026-08-20 02:01:50,048 - INFO - Typed message: owo battle
2026-08-20 02:01:50,048 - INFO - Message sent: owo battle
2026-08-20 02:01:50,470 - INFO - Next message will be sent in 2.8 seconds: owo sell all
2026-08-20 02:01:52,400 - INFO - Typed message: owo sell all
2026-08-20 02:01:52,401 - INFO - Message sent: owo sell all
2026-08-20 02:01:52,860 - INFO - Next message will be sent in 2.3 seconds: owo cf 3
2026-08-20 02:01:59,588 - INFO - Typed message: owo sell all
2026-08-20 02:01:59,589 - INFO - Message sent: owo sell all
2026-08-20 02:01:59,821 - INFO - Next message will be sent in 2.3 seconds: owo cf 3
2026-08-20 02:02:01,209 - INFO - Typed message: owo cf 3
2026-08-20 02:02:01,210 - INFO - Message sent: owo cf 3
2026-08-20 02:02:01,631 - INFO - Next message will be sent in 2.5 seconds: owo use 75 65 54
2026-08-20 02:02:06,169 - INFO - Typed message: owo cf 3
2026-08-20 02:02:06,170 - INFO - Message sent: owo cf 3
2026-08-20 02:02:06,910 - INFO - Next message will be sent in 3.0 seconds: owo use 75 65 54
2026-08-20 02:02:10,334 - INFO - Typed message: owo use 75 65 54
2026-08-20 02:02:10,335 - INFO - Message sent: owo use 75 65 54
2026-08-20 02:02:10,770 - INFO - Next message will be sent in 2.1 seconds: owo hunt
2026-08-20 02:02:15,208 - INFO - Typed message: owo use 75 65 54
2026-08-20 02:02:15,208 - INFO - Message sent: owo use 75 65 54
2026-08-20 02:02:15,778 - INFO - Next message will be sent in 2.7 seconds: owo hunt
2026-08-20 02:02:17,082 - INFO - Typed message: owo hunt
2026-08-20 02:02:17,082 - INFO - Message sent: owo hunt
2026-08-20 02:02:17,726 - INFO - Next message will be sent in 2.1 seconds: owo battle
2026-08-20 02:02:23,973 - INFO - Typed message: owo hunt
2026-08-20 02:02:23,973 - INFO - Message sent: owo hunt
2026-08-20 02:02:24,760 - INFO - Next message will be sent in 2.2 seconds: owo battle
2026-08-20 02:02:25,717 - INFO - Typed message: owo battle
2026-08-20 02:02:25,718 - INFO - Message sent: owo battle
2026-08-20 02:02:26,457 - INFO - Next message will be sent in 2.8 seconds: owo sell all
2026-08-20 02:02:32,926 - INFO - Typed message: owo battle
2026-08-20 02:02:32,934 - INFO - Message sent: owo battle
2026-08-20 02:02:33,468 - INFO - Next message will be sent in 2.2 seconds: owo sell all
2026-08-20 02:02:34,700 - INFO - Typed message: owo sell all
2026-08-20 02:02:34,704 - INFO - Message sent: owo sell all
2026-08-20 02:02:35,304 - INFO - Next message will be sent in 2.2 seconds: owo cf 3
2026-08-20 02:02:42,308 - INFO - Typed message: owo sell all
2026-08-20 02:02:42,309 - INFO - Message sent: owo sell all
2026-08-20 02:02:42,889 - INFO - Next message will be sent in 2.0 seconds: owo cf 3
2026-08-20 02:02:43,543 - INFO - Typed message: owo cf 3
2026-08-20 02:02:43,543 - INFO - Message sent: owo cf 3
2026-08-20 02:02:43,953 - INFO - Next message will be sent in 2.5 seconds: owo use 75 65 54
2026-08-20 02:02:49,050 - INFO - Typed message: owo cf 3
2026-08-20 02:02:49,050 - INFO - Message sent: owo cf 3
2026-08-20 02:02:49,740 - INFO - Next message will be sent in 2.9 seconds: owo use 75 65 54
2026-08-20 02:02:53,067 - INFO - Typed message: owo use 75 65 54
2026-08-20 02:02:53,067 - INFO - Message sent: owo use 75 65 54
2026-08-20 02:02:53,824 - INFO - Next message will be sent in 2.9 seconds: owo hunt
2026-08-20 02:02:59,193 - INFO - Typed message: owo use 75 65 54
2026-08-20 02:02:59,193 - INFO - Message sent: owo use 75 65 54
2026-08-20 02:02:59,419 - INFO - Next message will be sent in 3.0 seconds: owo hunt
2026-08-20 02:03:00,808 - INFO - Typed message: owo hunt
2026-08-20 02:03:00,809 - INFO - Message sent: owo hunt
2026-08-20 02:03:01,304 - INFO - Next message will be sent in 2.4 seconds: owo battle
2026-08-20 02:03:06,501 - INFO - Typed message: owo hunt
2026-08-20 02:03:06,501 - INFO - Message sent: owo hunt
2026-08-20 02:03:06,894 - INFO - Next message will be sent in 2.2 seconds: owo battle
2026-08-20 02:03:09,572 - INFO - Typed message: owo battle
2026-08-20 02:03:09,572 - INFO - Message sent: owo battle
2026-08-20 02:03:09,980 - INFO - Next message will be sent in 2.5 seconds: owo sell all
2026-08-20 02:03:14,647 - INFO - Typed message: owo battle
2026-08-20 02:03:14,648 - INFO - Message sent: owo battle
2026-08-20 02:03:15,428 - INFO - Next message will be sent in 2.8 seconds: owo sell all
2026-08-20 02:03:18,856 - INFO - Typed message: owo sell all
2026-08-20 02:03:18,856 - INFO - Message sent: owo sell all
2026-08-20 02:03:19,342 - INFO - Next message will be sent in 2.2 seconds: owo cf 3
2026-08-20 02:03:23,968 - INFO - Typed message: owo sell all
2026-08-20 02:03:23,972 - INFO - Message sent: owo sell all
2026-08-20 02:03:24,197 - INFO - Next message will be sent in 3.0 seconds: owo cf 3
2026-08-20 02:03:27,082 - INFO - Typed message: owo cf 3
2026-08-20 02:03:27,082 - INFO - Message sent: owo cf 3
2026-08-20 02:03:27,512 - INFO - Next message will be sent in 3.0 seconds: owo use 75 65 54
2026-08-20 02:03:32,839 - INFO - Typed message: owo cf 3
2026-08-20 02:03:32,839 - INFO - Message sent: owo cf 3
2026-08-20 02:03:33,443 - INFO - Next message will be sent in 2.2 seconds: owo use 75 65 54
2026-08-20 02:03:37,137 - INFO - Typed message: owo use 75 65 54
2026-08-20 02:03:37,138 - INFO - Message sent: owo use 75 65 54
2026-08-20 02:03:37,923 - INFO - Next message will be sent in 2.2 seconds: owo hunt
2026-08-20 02:03:40,657 - INFO - Typed message: owo use 75 65 54
2026-08-20 02:03:40,657 - INFO - Message sent: owo use 75 65 54
2026-08-20 02:03:41,070 - INFO - Next message will be sent in 2.8 seconds: owo hunt
2026-08-20 02:03:45,194 - INFO - Typed message: owo hunt
2026-08-20 02:03:45,197 - INFO - Message sent: owo hunt
2026-08-20 02:03:45,784 - INFO - Next message will be sent in 2.8 seconds: owo battle
2026-08-20 02:03:48,663 - INFO - Typed message: owo hunt
2026-08-20 02:03:48,663 - INFO - Message sent: owo hunt
2026-08-20 02:03:49,119 - INFO - Next message will be sent in 2.2 seconds: owo battle
2026-08-20 02:03:54,776 - INFO - Typed message: owo battle
2026-08-20 02:03:54,778 - INFO - Message sent: owo battle
2026-08-20 02:03:55,360 - INFO - Next message will be sent in 2.2 seconds: owo sell all
2026-08-20 02:03:56,054 - INFO - Typed message: owo battle
2026-08-20 02:03:56,054 - INFO - Message sent: owo battle
2026-08-20 02:03:56,720 - INFO - Next message will be sent in 2.6 seconds: owo sell all
2026-08-20 02:04:03,274 - INFO - Typed message: owo sell all
2026-08-20 02:04:03,275 - INFO - Message sent: owo sell all
2026-08-20 02:04:04,061 - INFO - Next message will be sent in 2.8 seconds: owo cf 3
2026-08-20 02:04:05,008 - INFO - Typed message: owo sell all
2026-08-20 02:04:05,009 - INFO - Message sent: owo sell all
2026-08-20 02:04:05,211 - INFO - Next message will be sent in 2.3 seconds: owo cf 3
2026-08-20 02:04:12,841 - INFO - Typed message: owo cf 3
2026-08-20 02:04:12,841 - INFO - Message sent: owo cf 3
2026-08-20 02:04:13,055 - INFO - Next message will be sent in 2.5 seconds: owo use 75 65 54
2026-08-20 02:04:13,740 - INFO - Typed message: owo cf 3
2026-08-20 02:04:13,740 - INFO - Message sent: owo cf 3
2026-08-20 02:04:14,388 - INFO - Next message will be sent in 2.4 seconds: owo use 75 65 54
2026-08-20 02:04:21,100 - INFO - Typed message: owo use 75 65 54
2026-08-20 02:04:21,100 - INFO - Message sent: owo use 75 65 54
2026-08-20 02:04:21,593 - INFO - Next message will be sent in 2.5 seconds: owo hunt
2026-08-20 02:04:23,630 - INFO - Typed message: owo use 75 65 54
2026-08-20 02:04:23,630 - INFO - Message sent: owo use 75 65 54
2026-08-20 02:04:24,131 - INFO - Next message will be sent in 2.3 seconds: owo hunt
2026-08-20 02:04:27,949 - INFO - Typed message: owo hunt
2026-08-20 02:04:27,952 - INFO - Message sent: owo hunt
2026-08-20 02:04:28,288 - INFO - Next message will be sent in 2.4 seconds: owo battle
2026-08-20 02:04:30,420 - INFO - Typed message: owo hunt
2026-08-20 02:04:30,420 - INFO - Message sent: owo hunt
2026-08-20 02:04:30,917 - INFO - Next message will be sent in 2.9 seconds: owo battle
2026-08-20 02:04:36,190 - INFO - Typed message: owo battle
2026-08-20 02:04:36,190 - INFO - Message sent: owo battle
2026-08-20 02:04:36,842 - INFO - Next message will be sent in 2.3 seconds: owo sell all
2026-08-20 02:04:38,371 - INFO - Typed message: owo battle
2026-08-20 02:04:38,371 - INFO - Message sent: owo battle
2026-08-20 02:04:38,613 - INFO - Next message will be sent in 2.9 seconds: owo sell all
2026-08-20 02:04:45,121 - INFO - Typed message: owo sell all
2026-08-20 02:04:45,121 - INFO - Message sent: owo sell all
2026-08-20 02:04:45,369 - INFO - Next message will be sent in 2.4 seconds: owo cf 3
2026-08-20 02:04:47,192 - INFO - Typed message: owo sell all
2026-08-20 02:04:47,192 - INFO - Message sent: owo sell all
2026-08-20 02:04:47,686 - INFO - Next message will be sent in 2.9 seconds: owo cf 3
2026-08-20 02:04:53,852 - INFO - Typed message: owo cf 3
2026-08-20 02:04:53,852 - INFO - Message sent: owo cf 3
2026-08-20 02:04:54,637 - INFO - Next message will be sent in 2.3 seconds: owo use 75 65 54
2026-08-20 02:04:55,243 - INFO - Typed message: owo cf 3
2026-08-20 02:04:55,243 - INFO - Message sent: owo cf 3
2026-08-20 02:04:56,035 - INFO - Next message will be sent in 2.1 seconds: owo use 75 65 54
2026-08-20 02:05:03,733 - INFO - Typed message: owo use 75 65 54
2026-08-20 02:05:03,733 - INFO - Message sent: owo use 75 65 54
2026-08-20 02:05:04,400 - INFO - Next message will be sent in 2.8 seconds: owo hunt
2026-08-20 02:05:05,126 - INFO - Typed message: owo use 75 65 54
2026-08-20 02:05:05,126 - INFO - Message sent: owo use 75 65 54
2026-08-20 02:05:05,496 - INFO - Next message will be sent in 2.6 seconds: owo hunt
2026-08-20 02:05:12,048 - INFO - Typed message: owo hunt
2026-08-20 02:05:12,049 - INFO - Message sent: owo hunt
2026-08-20 02:05:12,300 - INFO - Next message will be sent in 2.2 seconds: owo battle
2026-08-20 02:05:12,584 - INFO - Typed message: owo hunt
2026-08-20 02:05:12,584 - INFO - Message sent: owo hunt
2026-08-20 02:05:13,172 - INFO - Next message will be sent in 2.4 seconds: owo battle
2026-08-20 02:05:19,841 - INFO - Typed message: owo battle
2026-08-20 02:05:19,841 - INFO - Message sent: owo battle
2026-08-20 02:05:20,120 - INFO - Typed message: owo battle
2026-08-20 02:05:20,121 - INFO - Message sent: owo battle
2026-08-20 02:05:20,580 - INFO - Next message will be sent in 2.7 seconds: owo sell all
2026-08-20 02:05:20,910 - INFO - Next message will be sent in 2.4 seconds: owo sell all
2026-08-20 02:05:28,993 - INFO - Typed message: owo sell all
2026-08-20 02:05:28,995 - INFO - Message sent: owo sell all
2026-08-20 02:05:29,631 - INFO - Next message will be sent in 2.4 seconds: owo cf 3
2026-08-20 02:05:29,884 - INFO - Typed message: owo sell all
2026-08-20 02:05:29,887 - INFO - Message sent: owo sell all
2026-08-20 02:05:30,669 - INFO - Next message will be sent in 2.9 seconds: owo cf 3
2026-08-20 02:05:37,830 - INFO - Typed message: owo cf 3
2026-08-20 02:05:37,831 - INFO - Message sent: owo cf 3
2026-08-20 02:05:38,535 - INFO - Typed message: owo cf 3
2026-08-20 02:05:38,538 - INFO - Message sent: owo cf 3
2026-08-20 02:05:38,608 - INFO - Next message will be sent in 2.2 seconds: owo use 75 65 54
2026-08-20 02:05:39,253 - INFO - Next message will be sent in 2.7 seconds: owo use 75 65 54
2026-08-20 02:05:47,957 - INFO - Typed message: owo use 75 65 54
2026-08-20 02:05:47,957 - INFO - Message sent: owo use 75 65 54
2026-08-20 02:05:48,069 - INFO - Typed message: owo use 75 65 54
2026-08-20 02:05:48,069 - INFO - Message sent: owo use 75 65 54
2026-08-20 02:05:48,547 - INFO - Next message will be sent in 2.6 seconds: owo hunt
2026-08-20 02:05:48,719 - INFO - Next message will be sent in 2.4 seconds: owo hunt
2026-08-20 02:05:55,447 - INFO - Typed message: owo hunt
2026-08-20 02:05:55,447 - INFO - Message sent: owo hunt
2026-08-20 02:05:55,746 - INFO - Next message will be sent in 2.5 seconds: owo battle
2026-08-20 02:05:56,586 - INFO - Typed message: owo hunt
2026-08-20 02:05:56,586 - INFO - Message sent: owo hunt
2026-08-20 02:05:57,138 - INFO - Next message will be sent in 2.5 seconds: owo battle
2026-08-20 02:06:03,108 - INFO - Typed message: owo battle
2026-08-20 02:06:03,110 - INFO - Message sent: owo battle
2026-08-20 02:06:03,378 - INFO - Next message will be sent in 2.2 seconds: owo sell all
2026-08-20 02:06:05,168 - INFO - Typed message: owo battle
2026-08-20 02:06:05,174 - INFO - Message sent: owo battle
2026-08-20 02:06:05,444 - INFO - Next message will be sent in 2.7 seconds: owo sell all
2026-08-20 02:06:10,231 - INFO - Typed message: owo sell all
2026-08-20 02:06:10,231 - INFO - Message sent: owo sell all
2026-08-20 02:06:10,700 - INFO - Next message will be sent in 2.8 seconds: owo cf 3
2026-08-20 02:06:13,456 - INFO - Typed message: owo sell all
2026-08-20 02:06:13,456 - INFO - Message sent: owo sell all
2026-08-20 02:06:13,677 - INFO - Next message will be sent in 2.2 seconds: owo cf 3
2026-08-20 02:06:18,139 - INFO - Typed message: owo cf 3
2026-08-20 02:06:18,139 - INFO - Message sent: owo cf 3
2026-08-20 02:06:18,911 - INFO - Next message will be sent in 2.4 seconds: owo use 75 65 54
2026-08-20 02:06:22,072 - INFO - Typed message: owo cf 3
2026-08-20 02:06:22,072 - INFO - Message sent: owo cf 3
2026-08-20 02:06:22,360 - INFO - Next message will be sent in 2.6 seconds: owo use 75 65 54
2026-08-20 02:06:28,160 - INFO - Typed message: owo use 75 65 54
2026-08-20 02:06:28,165 - INFO - Message sent: owo use 75 65 54
2026-08-20 02:06:28,767 - INFO - Next message will be sent in 2.5 seconds: owo hunt
2026-08-20 02:06:31,847 - INFO - Typed message: owo use 75 65 54
2026-08-20 02:06:31,849 - INFO - Message sent: owo use 75 65 54
2026-08-20 02:06:32,610 - INFO - Next message will be sent in 2.6 seconds: owo hunt
2026-08-20 02:06:35,891 - INFO - Typed message: owo hunt
2026-08-20 02:06:35,891 - INFO - Message sent: owo hunt
2026-08-20 02:06:36,669 - INFO - Next message will be sent in 2.9 seconds: owo battle
2026-08-20 02:06:40,149 - INFO - Typed message: owo hunt
2026-08-20 02:06:40,149 - INFO - Message sent: owo hunt
2026-08-20 02:06:40,480 - INFO - Next message will be sent in 2.8 seconds: owo battle
2026-08-20 02:06:44,072 - INFO - Typed message: owo battle
2026-08-20 02:06:44,072 - INFO - Message sent: owo battle
2026-08-20 02:06:44,653 - INFO - Next message will be sent in 2.4 seconds: owo sell all
2026-08-20 02:06:49,772 - INFO - Typed message: owo battle
2026-08-20 02:06:49,773 - INFO - Message sent: owo battle
2026-08-20 02:06:50,304 - INFO - Next message will be sent in 2.4 seconds: owo sell all
2026-08-20 02:06:53,140 - INFO - Typed message: owo sell all
2026-08-20 02:06:53,140 - INFO - Message sent: owo sell all
2026-08-20 02:06:53,349 - INFO - Next message will be sent in 2.5 seconds: owo cf 3
2026-08-20 02:06:58,267 - INFO - Typed message: owo sell all
2026-08-20 02:06:58,269 - INFO - Message sent: owo sell all
2026-08-20 02:06:58,568 - INFO - Next message will be sent in 2.9 seconds: owo cf 3
2026-08-20 02:07:00,205 - INFO - Typed message: owo cf 3
2026-08-20 02:07:00,205 - INFO - Message sent: owo cf 3
2026-08-20 02:07:00,703 - INFO - Next message will be sent in 2.1 seconds: owo use 75 65 54
2026-08-20 02:07:07,279 - INFO - Typed message: owo cf 3
2026-08-20 02:07:07,279 - INFO - Message sent: owo cf 3
2026-08-20 02:07:07,803 - INFO - Next message will be sent in 2.0 seconds: owo use 75 65 54
2026-08-20 02:07:08,359 - INFO - Typed message: owo use 75 65 54
2026-08-20 02:07:08,359 - INFO - Message sent: owo use 75 65 54
2026-08-20 02:07:09,057 - INFO - Next message will be sent in 2.6 seconds: owo hunt
2026-08-20 02:07:15,880 - INFO - Typed message: owo use 75 65 54
2026-08-20 02:07:15,880 - INFO - Message sent: owo use 75 65 54
2026-08-20 02:07:16,327 - INFO - Next message will be sent in 2.2 seconds: owo hunt
2026-08-20 02:07:16,471 - INFO - Typed message: owo hunt
2026-08-20 02:07:16,471 - INFO - Message sent: owo hunt
2026-08-20 02:07:17,133 - INFO - Next message will be sent in 2.6 seconds: owo battle
2026-08-20 02:07:23,092 - INFO - Typed message: owo hunt
2026-08-20 02:07:23,092 - INFO - Message sent: owo hunt
2026-08-20 02:07:23,729 - INFO - Next message will be sent in 2.5 seconds: owo battle
2026-08-20 02:07:25,256 - INFO - Typed message: owo battle
2026-08-20 02:07:25,257 - INFO - Message sent: owo battle
2026-08-20 02:07:25,852 - INFO - Next message will be sent in 2.5 seconds: owo sell all
2026-08-20 02:07:31,659 - INFO - Typed message: owo battle
2026-08-20 02:07:31,659 - INFO - Message sent: owo battle
2026-08-20 02:07:32,027 - INFO - Next message will be sent in 2.7 seconds: owo sell all
2026-08-20 02:07:34,882 - INFO - Typed message: owo sell all
2026-08-20 02:07:34,882 - INFO - Message sent: owo sell all
2026-08-20 02:07:35,658 - INFO - Next message will be sent in 2.8 seconds: owo cf 3
2026-08-20 02:07:40,522 - INFO - Typed message: owo sell all
2026-08-20 02:07:40,524 - INFO - Message sent: owo sell all
2026-08-20 02:07:41,055 - INFO - Next message will be sent in 2.6 seconds: owo cf 3
2026-08-20 02:07:44,309 - INFO - Typed message: owo cf 3
2026-08-20 02:07:44,311 - INFO - Message sent: owo cf 3
2026-08-20 02:07:44,986 - INFO - Next message will be sent in 2.5 seconds: owo use 75 65 54
2026-08-20 02:07:49,357 - INFO - Typed message: owo cf 3
2026-08-20 02:07:49,361 - INFO - Message sent: owo cf 3
2026-08-20 02:07:49,576 - INFO - Next message will be sent in 2.7 seconds: owo use 75 65 54
2026-08-20 02:07:52,819 - INFO - Typed message: owo use 75 65 54
2026-08-20 02:07:52,819 - INFO - Message sent: owo use 75 65 54
2026-08-20 02:07:53,297 - INFO - Next message will be sent in 2.9 seconds: owo hunt
2026-08-20 02:07:58,639 - INFO - Typed message: owo use 75 65 54
2026-08-20 02:07:58,639 - INFO - Message sent: owo use 75 65 54
2026-08-20 02:07:59,382 - INFO - Next message will be sent in 2.3 seconds: owo hunt
2026-08-20 02:08:01,013 - INFO - Typed message: owo hunt
2026-08-20 02:08:01,013 - INFO - Message sent: owo hunt
2026-08-20 02:08:01,338 - INFO - Next message will be sent in 2.4 seconds: owo battle
2026-08-20 02:08:06,232 - INFO - Typed message: owo hunt
2026-08-20 02:08:06,232 - INFO - Message sent: owo hunt
2026-08-20 02:08:06,713 - INFO - Next message will be sent in 2.0 seconds: owo battle
2026-08-20 02:08:09,563 - INFO - Typed message: owo battle
2026-08-20 02:08:09,563 - INFO - Message sent: owo battle
2026-08-20 02:08:09,791 - INFO - Next message will be sent in 2.0 seconds: owo sell all
2026-08-20 02:08:13,076 - INFO - Typed message: owo battle
2026-08-20 02:08:13,076 - INFO - Message sent: owo battle
2026-08-20 02:08:13,742 - INFO - Next message will be sent in 2.5 seconds: owo sell all
2026-08-20 02:08:17,644 - INFO - Typed message: owo sell all
2026-08-20 02:08:17,644 - INFO - Message sent: owo sell all
2026-08-20 02:08:18,011 - INFO - Next message will be sent in 2.3 seconds: owo cf 3
2026-08-20 02:08:22,886 - INFO - Typed message: owo sell all
2026-08-20 02:08:22,886 - INFO - Message sent: owo sell all
2026-08-20 02:08:23,345 - INFO - Next message will be sent in 2.7 seconds: owo cf 3
2026-08-20 02:08:26,391 - INFO - Typed message: owo cf 3
2026-08-20 02:08:26,391 - INFO - Message sent: owo cf 3
2026-08-20 02:08:26,890 - INFO - Next message will be sent in 2.5 seconds: owo use 75 65 54
2026-08-20 02:08:31,005 - INFO - Typed message: owo cf 3
2026-08-20 02:08:31,005 - INFO - Message sent: owo cf 3
2026-08-20 02:08:31,341 - INFO - Next message will be sent in 2.7 seconds: owo use 75 65 54
2026-08-20 02:08:34,819 - INFO - Typed message: owo use 75 65 54
2026-08-20 02:08:34,819 - INFO - Message sent: owo use 75 65 54
2026-08-20 02:08:35,424 - INFO - Next message will be sent in 2.9 seconds: owo hunt
2026-08-20 02:08:40,353 - INFO - Typed message: owo use 75 65 54
2026-08-20 02:08:40,353 - INFO - Message sent: owo use 75 65 54
2026-08-20 02:08:40,649 - INFO - Next message will be sent in 2.7 seconds: owo hunt
2026-08-20 02:08:42,507 - INFO - Typed message: owo hunt
2026-08-20 02:08:42,508 - INFO - Message sent: owo hunt
2026-08-20 02:08:43,040 - INFO - Next message will be sent in 2.6 seconds: owo battle
2026-08-20 02:08:48,203 - INFO - Typed message: owo hunt
2026-08-20 02:08:48,204 - INFO - Message sent: owo hunt
2026-08-20 02:08:48,462 - INFO - Next message will be sent in 2.4 seconds: owo battle
2026-08-20 02:08:49,844 - INFO - Typed message: owo battle
2026-08-20 02:08:49,846 - INFO - Message sent: owo battle
2026-08-20 02:08:50,586 - INFO - Next message will be sent in 2.2 seconds: owo sell all
2026-08-20 02:08:56,191 - INFO - Typed message: owo battle
2026-08-20 02:08:56,192 - INFO - Message sent: owo battle
2026-08-20 02:08:56,440 - INFO - Next message will be sent in 2.3 seconds: owo sell all
2026-08-20 02:08:57,852 - INFO - Typed message: owo sell all
2026-08-20 02:08:57,859 - INFO - Message sent: owo sell all
2026-08-20 02:08:58,404 - INFO - Next message will be sent in 2.5 seconds: owo cf 3
2026-08-20 02:09:03,779 - INFO - Typed message: owo sell all
2026-08-20 02:09:03,780 - INFO - Message sent: owo sell all
2026-08-20 02:09:04,509 - INFO - Next message will be sent in 2.1 seconds: owo cf 3
2026-08-20 02:09:05,365 - INFO - Typed message: owo cf 3
2026-08-20 02:09:05,365 - INFO - Message sent: owo cf 3
2026-08-20 02:09:05,850 - INFO - Next message will be sent in 2.2 seconds: owo use 75 65 54
2026-08-20 02:09:12,323 - INFO - Typed message: owo cf 3
2026-08-20 02:09:12,324 - INFO - Message sent: owo cf 3
2026-08-20 02:09:12,687 - INFO - Next message will be sent in 2.8 seconds: owo use 75 65 54
2026-08-20 02:09:13,869 - INFO - Typed message: owo use 75 65 54
2026-08-20 02:09:13,869 - INFO - Message sent: owo use 75 65 54
2026-08-20 02:09:14,422 - INFO - Next message will be sent in 2.8 seconds: owo hunt
2026-08-20 02:09:20,839 - INFO - Typed message: owo use 75 65 54
2026-08-20 02:09:20,839 - INFO - Message sent: owo use 75 65 54
2026-08-20 02:09:21,223 - INFO - Next message will be sent in 2.2 seconds: owo hunt
2026-08-20 02:09:21,595 - INFO - Typed message: owo hunt
2026-08-20 02:09:21,595 - INFO - Message sent: owo hunt
2026-08-20 02:09:22,072 - INFO - Next message will be sent in 2.1 seconds: owo battle
2026-08-20 02:09:28,412 - INFO - Typed message: owo battle
2026-08-20 02:09:28,412 - INFO - Message sent: owo battle
2026-08-20 02:09:28,756 - INFO - Next message will be sent in 2.8 seconds: owo sell all
2026-08-20 02:09:29,451 - INFO - Typed message: owo hunt
2026-08-20 02:09:29,451 - INFO - Message sent: owo hunt
2026-08-20 02:09:29,851 - INFO - Next message will be sent in 2.3 seconds: owo battle
2026-08-20 02:09:36,491 - INFO - Typed message: owo sell all
2026-08-20 02:09:36,492 - INFO - Message sent: owo sell all
2026-08-20 02:09:36,981 - INFO - Next message will be sent in 2.5 seconds: owo cf 3
2026-08-20 02:09:37,966 - INFO - Typed message: owo battle
2026-08-20 02:09:37,966 - INFO - Message sent: owo battle
2026-08-20 02:09:38,743 - INFO - Next message will be sent in 2.1 seconds: owo sell all
2026-08-20 02:09:44,588 - INFO - Typed message: owo cf 3
2026-08-20 02:09:44,588 - INFO - Message sent: owo cf 3
2026-08-20 02:09:45,116 - INFO - Next message will be sent in 2.2 seconds: owo use 75 65 54
2026-08-20 02:09:47,289 - INFO - Typed message: owo sell all
2026-08-20 02:09:47,293 - INFO - Message sent: owo sell all
2026-08-20 02:09:47,692 - INFO - Next message will be sent in 3.0 seconds: owo cf 3
2026-08-20 02:09:54,269 - INFO - Typed message: owo use 75 65 54
2026-08-20 02:09:54,269 - INFO - Message sent: owo use 75 65 54
2026-08-20 02:09:54,958 - INFO - Next message will be sent in 2.6 seconds: owo hunt
2026-08-20 02:09:56,372 - INFO - Typed message: owo cf 3
2026-08-20 02:09:56,372 - INFO - Message sent: owo cf 3
2026-08-20 02:09:56,997 - INFO - Next message will be sent in 2.0 seconds: owo use 75 65 54
2026-08-20 02:10:01,899 - INFO - Typed message: owo hunt
2026-08-20 02:10:01,913 - INFO - Message sent: owo hunt
2026-08-20 02:10:02,305 - INFO - Next message will be sent in 2.4 seconds: owo battle
2026-08-20 02:10:04,574 - INFO - Typed message: owo use 75 65 54
2026-08-20 02:10:04,574 - INFO - Message sent: owo use 75 65 54
2026-08-20 02:10:04,794 - INFO - Next message will be sent in 2.8 seconds: owo hunt
2026-08-20 02:10:10,112 - INFO - Typed message: owo battle
2026-08-20 02:10:10,113 - INFO - Message sent: owo battle
2026-08-20 02:10:10,368 - INFO - Next message will be sent in 2.2 seconds: owo sell all
2026-08-20 02:10:13,235 - INFO - Typed message: owo hunt
2026-08-20 02:10:13,235 - INFO - Message sent: owo hunt
2026-08-20 02:10:13,965 - INFO - Next message will be sent in 2.7 seconds: owo battle
2026-08-20 02:10:18,194 - INFO - Typed message: owo sell all
2026-08-20 02:10:18,195 - INFO - Message sent: owo sell all
2026-08-20 02:10:18,549 - INFO - Next message will be sent in 2.0 seconds: owo cf 3
2026-08-20 02:10:22,066 - INFO - Typed message: owo battle
2026-08-20 02:10:22,066 - INFO - Message sent: owo battle
2026-08-20 02:10:22,435 - INFO - Next message will be sent in 3.0 seconds: owo sell all
2026-08-20 02:10:24,910 - INFO - Typed message: owo cf 3
2026-08-20 02:10:24,910 - INFO - Message sent: owo cf 3
2026-08-20 02:10:25,597 - INFO - Next message will be sent in 2.1 seconds: owo use 75 65 54
2026-08-20 02:10:29,621 - INFO - Typed message: owo sell all
2026-08-20 02:10:29,621 - INFO - Message sent: owo sell all
2026-08-20 02:10:30,061 - INFO - Next message will be sent in 2.1 seconds: owo cf 3
2026-08-20 02:10:33,932 - INFO - Typed message: owo use 75 65 54
2026-08-20 02:10:33,932 - INFO - Message sent: owo use 75 65 54
2026-08-20 02:10:34,458 - INFO - Next message will be sent in 2.2 seconds: owo hunt
2026-08-20 02:10:37,653 - INFO - Typed message: owo cf 3
2026-08-20 02:10:37,654 - INFO - Message sent: owo cf 3
2026-08-20 02:10:38,421 - INFO - Next message will be sent in 2.6 seconds: owo use 75 65 54
2026-08-20 02:10:42,275 - INFO - Typed message: owo hunt
2026-08-20 02:10:42,280 - INFO - Message sent: owo hunt
2026-08-20 02:10:42,569 - INFO - Next message will be sent in 2.7 seconds: owo battle
2026-08-20 02:10:46,485 - INFO - Typed message: owo use 75 65 54
2026-08-20 02:10:46,485 - INFO - Message sent: owo use 75 65 54
2026-08-20 02:10:47,064 - INFO - Next message will be sent in 2.1 seconds: owo hunt
2026-08-20 02:10:50,520 - INFO - Typed message: owo battle
2026-08-20 02:10:50,520 - INFO - Message sent: owo battle
2026-08-20 02:10:50,916 - INFO - Next message will be sent in 2.6 seconds: owo sell all
2026-08-20 02:10:53,914 - INFO - Typed message: owo hunt
2026-08-20 02:10:53,914 - INFO - Message sent: owo hunt
2026-08-20 02:10:54,389 - INFO - Next message will be sent in 2.0 seconds: owo battle
2026-08-20 02:11:00,306 - INFO - Typed message: owo sell all
2026-08-20 02:11:00,306 - INFO - Message sent: owo sell all
2026-08-20 02:11:00,832 - INFO - Next message will be sent in 2.3 seconds: owo cf 3
2026-08-20 02:11:01,119 - INFO - Typed message: owo battle
2026-08-20 02:11:01,119 - INFO - Message sent: owo battle
2026-08-20 02:11:01,537 - INFO - Next message will be sent in 2.3 seconds: owo sell all
2026-08-20 02:11:07,334 - INFO - Typed message: owo cf 3
2026-08-20 02:11:07,334 - INFO - Message sent: owo cf 3
2026-08-20 02:11:07,591 - INFO - Next message will be sent in 2.3 seconds: owo use 75 65 54
2026-08-20 02:11:09,745 - INFO - Typed message: owo sell all
2026-08-20 02:11:09,745 - INFO - Message sent: owo sell all
2026-08-20 02:11:10,111 - INFO - Next message will be sent in 2.3 seconds: owo cf 3
2026-08-20 02:11:15,336 - INFO - Typed message: owo use 75 65 54
2026-08-20 02:11:15,336 - INFO - Message sent: owo use 75 65 54
2026-08-20 02:11:15,980 - INFO - Next message will be sent in 2.3 seconds: owo hunt
2026-08-20 02:11:17,562 - INFO - Typed message: owo cf 3
2026-08-20 02:11:17,563 - INFO - Message sent: owo cf 3
2026-08-20 02:11:17,903 - INFO - Next message will be sent in 2.3 seconds: owo use 75 65 54
2026-08-20 02:11:23,854 - INFO - Typed message: owo hunt
2026-08-20 02:11:23,854 - INFO - Message sent: owo hunt
2026-08-20 02:11:24,341 - INFO - Next message will be sent in 2.1 seconds: owo battle
2026-08-20 02:11:26,608 - INFO - Typed message: owo use 75 65 54
2026-08-20 02:11:26,608 - INFO - Message sent: owo use 75 65 54
2026-08-20 02:11:27,037 - INFO - Next message will be sent in 2.3 seconds: owo hunt
2026-08-20 02:11:32,455 - INFO - Typed message: owo battle
2026-08-20 02:11:32,455 - INFO - Message sent: owo battle
2026-08-20 02:11:32,675 - INFO - Next message will be sent in 2.6 seconds: owo sell all
2026-08-20 02:11:34,290 - INFO - Typed message: owo hunt
2026-08-20 02:11:34,290 - INFO - Message sent: owo hunt
2026-08-20 02:11:34,584 - INFO - Next message will be sent in 2.3 seconds: owo battle
2026-08-20 02:11:39,874 - INFO - Typed message: owo sell all
2026-08-20 02:11:39,875 - INFO - Message sent: owo sell all
2026-08-20 02:11:40,309 - INFO - Next message will be sent in 3.0 seconds: owo cf 3
2026-08-20 02:11:41,253 - INFO - Typed message: owo battle
2026-08-20 02:11:41,255 - INFO - Message sent: owo battle
2026-08-20 02:11:41,945 - INFO - Next message will be sent in 2.7 seconds: owo sell all
2026-08-20 02:11:47,885 - INFO - Typed message: owo cf 3
2026-08-20 02:11:47,885 - INFO - Message sent: owo cf 3
2026-08-20 02:11:48,545 - INFO - Next message will be sent in 2.8 seconds: owo use 75 65 54
2026-08-20 02:11:49,945 - INFO - Typed message: owo sell all
2026-08-20 02:11:49,945 - INFO - Message sent: owo sell all
2026-08-20 02:11:50,585 - INFO - Next message will be sent in 2.4 seconds: owo cf 3
2026-08-20 02:11:56,733 - INFO - Typed message: owo use 75 65 54
2026-08-20 02:11:56,733 - INFO - Message sent: owo use 75 65 54
2026-08-20 02:11:57,356 - INFO - Next message will be sent in 2.3 seconds: owo hunt
2026-08-20 02:11:58,482 - INFO - Typed message: owo cf 3
2026-08-20 02:11:58,483 - INFO - Message sent: owo cf 3
2026-08-20 02:11:59,275 - INFO - Next message will be sent in 3.0 seconds: owo use 75 65 54
2026-08-20 02:12:05,225 - INFO - Typed message: owo hunt
2026-08-20 02:12:05,225 - INFO - Message sent: owo hunt
2026-08-20 02:12:06,026 - INFO - Next message will be sent in 2.8 seconds: owo battle
2026-08-20 02:12:08,958 - INFO - Typed message: owo use 75 65 54
2026-08-20 02:12:08,958 - INFO - Message sent: owo use 75 65 54
2026-08-20 02:12:09,434 - INFO - Next message will be sent in 2.4 seconds: owo hunt
2026-08-20 02:12:14,549 - INFO - Typed message: owo battle
2026-08-20 02:12:14,553 - INFO - Message sent: owo battle
2026-08-20 02:12:15,170 - INFO - Next message will be sent in 2.8 seconds: owo sell all
2026-08-20 02:12:16,755 - INFO - Typed message: owo hunt
2026-08-20 02:12:16,755 - INFO - Message sent: owo hunt
2026-08-20 02:12:17,047 - INFO - Next message will be sent in 2.4 seconds: owo battle
2026-08-20 02:12:24,126 - INFO - Typed message: owo sell all
2026-08-20 02:12:24,126 - INFO - Message sent: owo sell all
2026-08-20 02:12:24,489 - INFO - Next message will be sent in 2.0 seconds: owo cf 3
2026-08-20 02:12:25,103 - INFO - Typed message: owo battle
2026-08-20 02:12:25,103 - INFO - Message sent: owo battle
2026-08-20 02:12:25,669 - INFO - Next message will be sent in 2.6 seconds: owo sell all
2026-08-20 02:12:32,285 - INFO - Typed message: owo cf 3
2026-08-20 02:12:32,285 - INFO - Message sent: owo cf 3
2026-08-20 02:12:32,586 - INFO - Next message will be sent in 2.9 seconds: owo use 75 65 54
2026-08-20 02:12:35,075 - INFO - Typed message: owo sell all
2026-08-20 02:12:35,075 - INFO - Message sent: owo sell all
2026-08-20 02:12:35,658 - INFO - Next message will be sent in 2.7 seconds: owo cf 3
2026-08-20 02:12:41,309 - INFO - Typed message: owo use 75 65 54
2026-08-20 02:12:41,311 - INFO - Message sent: owo use 75 65 54
2026-08-20 02:12:41,778 - INFO - Next message will be sent in 2.7 seconds: owo hunt
2026-08-20 02:12:43,106 - INFO - Typed message: owo cf 3
2026-08-20 02:12:43,106 - INFO - Message sent: owo cf 3
2026-08-20 02:12:43,368 - INFO - Next message will be sent in 2.3 seconds: owo use 75 65 54
2026-08-20 02:12:49,080 - INFO - Typed message: owo hunt
2026-08-20 02:12:49,084 - INFO - Message sent: owo hunt
2026-08-20 02:12:49,508 - INFO - Next message will be sent in 2.4 seconds: owo battle
2026-08-20 02:12:52,023 - INFO - Typed message: owo use 75 65 54
2026-08-20 02:12:52,023 - INFO - Message sent: owo use 75 65 54
2026-08-20 02:12:52,688 - INFO - Next message will be sent in 2.4 seconds: owo hunt
2026-08-20 02:12:58,082 - INFO - Typed message: owo battle
2026-08-20 02:12:58,085 - INFO - Message sent: owo battle
2026-08-20 02:12:58,825 - INFO - Next message will be sent in 2.9 seconds: owo sell all
2026-08-20 02:12:59,209 - INFO - Typed message: owo hunt
2026-08-20 02:12:59,209 - INFO - Message sent: owo hunt
2026-08-20 02:12:59,432 - INFO - Next message will be sent in 2.4 seconds: owo battle
2026-08-20 02:13:07,345 - INFO - Typed message: owo battle
2026-08-20 02:13:07,346 - INFO - Message sent: owo battle
2026-08-20 02:13:07,527 - INFO - Typed message: owo sell all
2026-08-20 02:13:07,527 - INFO - Message sent: owo sell all
2026-08-20 02:13:07,591 - INFO - Next message will be sent in 2.4 seconds: owo sell all
2026-08-20 02:13:08,278 - INFO - Next message will be sent in 2.5 seconds: owo cf 3
2026-08-20 02:13:15,265 - INFO - Typed message: owo cf 3
2026-08-20 02:13:15,269 - INFO - Message sent: owo cf 3
2026-08-20 02:13:15,502 - INFO - Next message will be sent in 2.2 seconds: owo use 75 65 54
2026-08-20 02:13:16,061 - INFO - Typed message: owo sell all
2026-08-20 02:13:16,062 - INFO - Message sent: owo sell all
2026-08-20 02:13:16,489 - INFO - Next message will be sent in 2.4 seconds: owo cf 3
2026-08-20 02:13:23,725 - INFO - Typed message: owo use 75 65 54
2026-08-20 02:13:23,725 - INFO - Message sent: owo use 75 65 54
2026-08-20 02:13:23,990 - INFO - Typed message: owo cf 3
2026-08-20 02:13:23,990 - INFO - Message sent: owo cf 3
2026-08-20 02:13:24,193 - INFO - Next message will be sent in 2.2 seconds: owo hunt
2026-08-20 02:13:24,221 - INFO - Next message will be sent in 2.6 seconds: owo use 75 65 54
2026-08-20 02:13:31,312 - INFO - Typed message: owo hunt
2026-08-20 02:13:31,313 - INFO - Message sent: owo hunt
2026-08-20 02:13:31,995 - INFO - Next message will be sent in 2.2 seconds: owo battle
2026-08-20 02:13:33,012 - INFO - Typed message: owo use 75 65 54
2026-08-20 02:13:33,012 - INFO - Message sent: owo use 75 65 54
2026-08-20 02:13:33,537 - INFO - Next message will be sent in 2.3 seconds: owo hunt
2026-08-20 02:13:39,310 - INFO - Typed message: owo battle
2026-08-20 02:13:39,310 - INFO - Message sent: owo battle
2026-08-20 02:13:39,968 - INFO - Next message will be sent in 2.1 seconds: owo sell all
2026-08-20 02:13:40,614 - INFO - Typed message: owo hunt
2026-08-20 02:13:40,614 - INFO - Message sent: owo hunt
2026-08-20 02:13:41,279 - INFO - Next message will be sent in 3.0 seconds: owo battle
2026-08-20 02:13:46,910 - INFO - Typed message: owo sell all
2026-08-20 02:13:46,925 - INFO - Message sent: owo sell all
2026-08-20 02:13:47,183 - INFO - Next message will be sent in 3.0 seconds: owo cf 3
2026-08-20 02:13:50,113 - INFO - Typed message: owo battle
2026-08-20 02:13:50,113 - INFO - Message sent: owo battle
2026-08-20 02:13:50,571 - INFO - Next message will be sent in 2.4 seconds: owo sell all
2026-08-20 02:13:56,190 - INFO - Typed message: owo cf 3
2026-08-20 02:13:56,190 - INFO - Message sent: owo cf 3
2026-08-20 02:13:56,519 - INFO - Next message will be sent in 2.9 seconds: owo use 75 65 54
2026-08-20 02:13:59,166 - INFO - Typed message: owo sell all
2026-08-20 02:13:59,166 - INFO - Message sent: owo sell all
2026-08-20 02:13:59,626 - INFO - Next message will be sent in 2.6 seconds: owo cf 3
2026-08-20 02:14:06,413 - INFO - Typed message: owo use 75 65 54
2026-08-20 02:14:06,413 - INFO - Message sent: owo use 75 65 54
2026-08-20 02:14:06,853 - INFO - Typed message: owo cf 3
2026-08-20 02:14:06,853 - INFO - Message sent: owo cf 3
2026-08-20 02:14:07,086 - INFO - Next message will be sent in 2.7 seconds: owo use 75 65 54
2026-08-20 02:14:07,180 - INFO - Next message will be sent in 2.3 seconds: owo hunt
2026-08-20 02:14:13,511 - INFO - Typed message: owo hunt
2026-08-20 02:14:13,513 - INFO - Message sent: owo hunt
2026-08-20 02:14:13,732 - INFO - Next message will be sent in 2.0 seconds: owo battle
2026-08-20 02:14:16,688 - INFO - Typed message: owo use 75 65 54
2026-08-20 02:14:16,689 - INFO - Message sent: owo use 75 65 54
2026-08-20 02:14:16,938 - INFO - Next message will be sent in 2.8 seconds: owo hunt
2026-08-20 02:14:20,616 - INFO - Typed message: owo battle
2026-08-20 02:14:20,617 - INFO - Message sent: owo battle
2026-08-20 02:14:21,246 - INFO - Next message will be sent in 2.1 seconds: owo sell all
2026-08-20 02:14:25,173 - INFO - Typed message: owo hunt
2026-08-20 02:14:25,173 - INFO - Message sent: owo hunt
2026-08-20 02:14:25,431 - INFO - Next message will be sent in 3.0 seconds: owo battle
2026-08-20 02:14:28,882 - INFO - Typed message: owo sell all
2026-08-20 02:14:28,882 - INFO - Message sent: owo sell all
2026-08-20 02:14:29,649 - INFO - Next message will be sent in 2.9 seconds: owo cf 3
2026-08-20 02:14:32,974 - INFO - Typed message: owo battle
2026-08-20 02:14:32,974 - INFO - Message sent: owo battle
2026-08-20 02:14:33,180 - INFO - Next message will be sent in 2.8 seconds: owo sell all
2026-08-20 02:14:37,934 - INFO - Typed message: owo cf 3
2026-08-20 02:14:37,934 - INFO - Message sent: owo cf 3
2026-08-20 02:14:38,545 - INFO - Next message will be sent in 3.0 seconds: owo use 75 65 54
2026-08-20 02:14:41,483 - INFO - Typed message: owo sell all
2026-08-20 02:14:41,483 - INFO - Message sent: owo sell all
2026-08-20 02:14:42,208 - INFO - Next message will be sent in 2.0 seconds: owo cf 3
2026-08-20 02:14:48,199 - INFO - Typed message: owo use 75 65 54
2026-08-20 02:14:48,199 - INFO - Message sent: owo use 75 65 54
2026-08-20 02:14:48,479 - INFO - Typed message: owo cf 3
2026-08-20 02:14:48,479 - INFO - Message sent: owo cf 3
2026-08-20 02:14:48,734 - INFO - Next message will be sent in 2.3 seconds: owo use 75 65 54
2026-08-20 02:14:48,825 - INFO - Next message will be sent in 2.2 seconds: owo hunt
2026-08-20 02:14:55,530 - INFO - Typed message: owo hunt
2026-08-20 02:14:55,532 - INFO - Message sent: owo hunt
2026-08-20 02:14:56,299 - INFO - Next message will be sent in 2.5 seconds: owo battle
2026-08-20 02:14:57,051 - INFO - Typed message: owo use 75 65 54
2026-08-20 02:14:57,052 - INFO - Message sent: owo use 75 65 54
2026-08-20 02:14:57,668 - INFO - Next message will be sent in 2.2 seconds: owo hunt
2026-08-20 02:15:03,875 - INFO - Typed message: owo battle
2026-08-20 02:15:03,875 - INFO - Message sent: owo battle
2026-08-20 02:15:04,253 - INFO - Typed message: owo hunt
2026-08-20 02:15:04,255 - INFO - Message sent: owo hunt
2026-08-20 02:15:04,276 - INFO - Next message will be sent in 3.0 seconds: owo sell all
2026-08-20 02:15:04,850 - INFO - Next message will be sent in 2.1 seconds: owo battle
2026-08-20 02:15:13,079 - INFO - Typed message: owo sell all
2026-08-20 02:15:13,084 - INFO - Message sent: owo sell all
2026-08-20 02:15:13,105 - INFO - Typed message: owo battle
2026-08-20 02:15:13,108 - INFO - Message sent: owo battle
2026-08-20 02:15:13,626 - INFO - Next message will be sent in 2.4 seconds: owo sell all
2026-08-20 02:15:13,676 - INFO - Next message will be sent in 2.5 seconds: owo cf 3
2026-08-20 02:15:20,872 - INFO - Typed message: owo cf 3
2026-08-20 02:15:20,872 - INFO - Message sent: owo cf 3
2026-08-20 02:15:21,658 - INFO - Next message will be sent in 2.2 seconds: owo use 75 65 54
2026-08-20 02:15:21,758 - INFO - Typed message: owo sell all
2026-08-20 02:15:21,761 - INFO - Message sent: owo sell all
2026-08-20 02:15:22,030 - INFO - Next message will be sent in 2.3 seconds: owo cf 3
2026-08-20 02:15:28,763 - INFO - Typed message: owo use 75 65 54
2026-08-20 02:15:28,764 - INFO - Message sent: owo use 75 65 54
2026-08-20 02:15:29,361 - INFO - Next message will be sent in 3.0 seconds: owo hunt
2026-08-20 02:15:30,158 - INFO - Typed message: owo cf 3
2026-08-20 02:15:30,158 - INFO - Message sent: owo cf 3
2026-08-20 02:15:30,709 - INFO - Next message will be sent in 2.2 seconds: owo use 75 65 54
2026-08-20 02:15:38,035 - INFO - Typed message: owo hunt
2026-08-20 02:15:38,037 - INFO - Message sent: owo hunt
2026-08-20 02:15:38,305 - INFO - Next message will be sent in 2.1 seconds: owo battle
2026-08-20 02:15:39,298 - INFO - Typed message: owo use 75 65 54
2026-08-20 02:15:39,298 - INFO - Message sent: owo use 75 65 54
2026-08-20 02:15:39,863 - INFO - Next message will be sent in 2.9 seconds: owo hunt
2026-08-20 02:15:46,253 - INFO - Typed message: owo battle
2026-08-20 02:15:46,253 - INFO - Message sent: owo battle
2026-08-20 02:15:46,649 - INFO - Next message will be sent in 2.4 seconds: owo sell all
2026-08-20 02:15:48,161 - INFO - Typed message: owo hunt
2026-08-20 02:15:48,167 - INFO - Message sent: owo hunt
2026-08-20 02:15:48,415 - INFO - Next message will be sent in 2.9 seconds: owo battle
2026-08-20 02:15:54,966 - INFO - Typed message: owo sell all
2026-08-20 02:15:54,966 - INFO - Message sent: owo sell all
2026-08-20 02:15:55,318 - INFO - Next message will be sent in 2.2 seconds: owo cf 3
2026-08-20 02:15:55,909 - INFO - Typed message: owo battle
2026-08-20 02:15:55,911 - INFO - Message sent: owo battle
2026-08-20 02:15:56,611 - INFO - Next message will be sent in 2.1 seconds: owo sell all
2026-08-20 02:16:02,897 - INFO - Typed message: owo cf 3
2026-08-20 02:16:02,897 - INFO - Message sent: owo cf 3
2026-08-20 02:16:03,108 - INFO - Next message will be sent in 2.8 seconds: owo use 75 65 54
2026-08-20 02:16:04,685 - INFO - Typed message: owo sell all
2026-08-20 02:16:04,685 - INFO - Message sent: owo sell all
2026-08-20 02:16:05,165 - INFO - Next message will be sent in 2.9 seconds: owo cf 3
2026-08-20 02:16:11,355 - INFO - Typed message: owo use 75 65 54
2026-08-20 02:16:11,355 - INFO - Message sent: owo use 75 65 54
2026-08-20 02:16:12,138 - INFO - Next message will be sent in 2.9 seconds: owo hunt
2026-08-20 02:16:12,642 - INFO - Typed message: owo cf 3
2026-08-20 02:16:12,642 - INFO - Message sent: owo cf 3
2026-08-20 02:16:13,197 - INFO - Next message will be sent in 3.0 seconds: owo use 75 65 54
2026-08-20 02:16:21,138 - INFO - Typed message: owo hunt
2026-08-20 02:16:21,138 - INFO - Message sent: owo hunt
2026-08-20 02:16:21,824 - INFO - Next message will be sent in 2.8 seconds: owo battle
2026-08-20 02:16:22,327 - INFO - Typed message: owo use 75 65 54
2026-08-20 02:16:22,327 - INFO - Message sent: owo use 75 65 54
2026-08-20 02:16:22,944 - INFO - Next message will be sent in 2.8 seconds: owo hunt
2026-08-20 02:16:31,092 - INFO - Typed message: owo battle
2026-08-20 02:16:31,092 - INFO - Message sent: owo battle
2026-08-20 02:16:31,447 - INFO - Typed message: owo hunt
2026-08-20 02:16:31,447 - INFO - Message sent: owo hunt
2026-08-20 02:16:31,611 - INFO - Next message will be sent in 2.4 seconds: owo sell all
2026-08-20 02:16:31,995 - INFO - Next message will be sent in 2.9 seconds: owo battle
2026-08-20 02:16:38,755 - INFO - Typed message: owo sell all
2026-08-20 02:16:38,755 - INFO - Message sent: owo sell all
2026-08-20 02:16:39,216 - INFO - Next message will be sent in 2.8 seconds: owo cf 3
2026-08-20 02:16:40,264 - INFO - Typed message: owo battle
2026-08-20 02:16:40,264 - INFO - Message sent: owo battle
2026-08-20 02:16:40,703 - INFO - Next message will be sent in 2.8 seconds: owo sell all
2026-08-20 02:16:46,501 - INFO - Typed message: owo cf 3
2026-08-20 02:16:46,501 - INFO - Message sent: owo cf 3
2026-08-20 02:16:46,747 - INFO - Next message will be sent in 2.4 seconds: owo use 75 65 54
2026-08-20 02:16:49,853 - INFO - Typed message: owo sell all
2026-08-20 02:16:49,853 - INFO - Message sent: owo sell all
2026-08-20 02:16:50,588 - INFO - Next message will be sent in 2.2 seconds: owo cf 3
2026-08-20 02:16:55,493 - INFO - Typed message: owo use 75 65 54
2026-08-20 02:16:55,493 - INFO - Message sent: owo use 75 65 54
2026-08-20 02:16:56,286 - INFO - Next message will be sent in 2.6 seconds: owo hunt
2026-08-20 02:16:57,091 - INFO - Typed message: owo cf 3
2026-08-20 02:16:57,091 - INFO - Message sent: owo cf 3
2026-08-20 02:16:57,433 - INFO - Next message will be sent in 2.6 seconds: owo use 75 65 54
2026-08-20 02:17:03,580 - INFO - Typed message: owo hunt
2026-08-20 02:17:03,580 - INFO - Message sent: owo hunt
2026-08-20 02:17:04,197 - INFO - Next message will be sent in 2.5 seconds: owo battle
2026-08-20 02:17:05,533 - INFO - Typed message: owo use 75 65 54
2026-08-20 02:17:05,534 - INFO - Message sent: owo use 75 65 54
2026-08-20 02:17:06,023 - INFO - Next message will be sent in 3.0 seconds: owo hunt
2026-08-20 02:17:12,707 - INFO - Typed message: owo battle
2026-08-20 02:17:12,707 - INFO - Message sent: owo battle
2026-08-20 02:17:12,986 - INFO - Next message will be sent in 2.7 seconds: owo sell all
2026-08-20 02:17:14,542 - INFO - Typed message: owo hunt
2026-08-20 02:17:14,542 - INFO - Message sent: owo hunt
2026-08-20 02:17:15,058 - INFO - Next message will be sent in 2.7 seconds: owo battle
2026-08-20 02:17:22,310 - INFO - Typed message: owo sell all
2026-08-20 02:17:22,310 - INFO - Message sent: owo sell all
2026-08-20 02:17:22,827 - INFO - Next message will be sent in 2.5 seconds: owo cf 3
2026-08-20 02:17:23,209 - INFO - Typed message: owo battle
2026-08-20 02:17:23,209 - INFO - Message sent: owo battle
2026-08-20 02:17:23,515 - INFO - Next message will be sent in 2.5 seconds: owo sell all
2026-08-20 02:17:29,777 - INFO - Typed message: owo cf 3
2026-08-20 02:17:29,777 - INFO - Message sent: owo cf 3
2026-08-20 02:17:30,385 - INFO - Next message will be sent in 2.1 seconds: owo use 75 65 54
2026-08-20 02:17:31,879 - INFO - Typed message: owo sell all
2026-08-20 02:17:31,879 - INFO - Message sent: owo sell all
2026-08-20 02:17:32,491 - INFO - Next message will be sent in 2.6 seconds: owo cf 3
2026-08-20 02:17:38,825 - INFO - Typed message: owo use 75 65 54
2026-08-20 02:17:38,825 - INFO - Message sent: owo use 75 65 54
2026-08-20 02:17:39,460 - INFO - Typed message: owo cf 3
2026-08-20 02:17:39,460 - INFO - Message sent: owo cf 3
2026-08-20 02:17:39,552 - INFO - Next message will be sent in 2.9 seconds: owo hunt
2026-08-20 02:17:40,100 - INFO - Next message will be sent in 2.7 seconds: owo use 75 65 54
2026-08-20 02:17:47,775 - INFO - Typed message: owo hunt
2026-08-20 02:17:47,775 - INFO - Message sent: owo hunt
2026-08-20 02:17:48,435 - INFO - Next message will be sent in 2.9 seconds: owo battle
2026-08-20 02:17:49,708 - INFO - Typed message: owo use 75 65 54
2026-08-20 02:17:49,709 - INFO - Message sent: owo use 75 65 54
2026-08-20 02:17:49,931 - INFO - Next message will be sent in 2.8 seconds: owo hunt
2026-08-20 02:17:56,291 - INFO - Typed message: owo battle
2026-08-20 02:17:56,296 - INFO - Message sent: owo battle
2026-08-20 02:17:56,510 - INFO - Next message will be sent in 2.5 seconds: owo sell all
2026-08-20 02:17:58,908 - INFO - Typed message: owo hunt
2026-08-20 02:17:58,909 - INFO - Message sent: owo hunt
2026-08-20 02:17:59,429 - INFO - Next message will be sent in 2.8 seconds: owo battle
2026-08-20 02:18:04,265 - INFO - Typed message: owo sell all
2026-08-20 02:18:04,265 - INFO - Message sent: owo sell all
2026-08-20 02:18:04,991 - INFO - Next message will be sent in 2.2 seconds: owo cf 3
2026-08-20 02:18:07,675 - INFO - Typed message: owo battle
2026-08-20 02:18:07,675 - INFO - Message sent: owo battle
2026-08-20 02:18:08,231 - INFO - Next message will be sent in 2.1 seconds: owo sell all
2026-08-20 02:18:11,402 - INFO - Typed message: owo cf 3
2026-08-20 02:18:11,402 - INFO - Message sent: owo cf 3
2026-08-20 02:18:12,078 - INFO - Next message will be sent in 3.0 seconds: owo use 75 65 54
2026-08-20 02:18:15,235 - INFO - Typed message: owo sell all
2026-08-20 02:18:15,236 - INFO - Message sent: owo sell all
2026-08-20 02:18:15,860 - INFO - Next message will be sent in 2.5 seconds: owo cf 3
2026-08-20 02:18:21,239 - INFO - Typed message: owo use 75 65 54
2026-08-20 02:18:21,239 - INFO - Message sent: owo use 75 65 54
2026-08-20 02:18:21,904 - INFO - Next message will be sent in 2.1 seconds: owo hunt
2026-08-20 02:18:22,856 - INFO - Typed message: owo cf 3
2026-08-20 02:18:22,875 - INFO - Message sent: owo cf 3
2026-08-20 02:18:23,128 - INFO - Next message will be sent in 2.1 seconds: owo use 75 65 54
2026-08-20 02:18:29,104 - INFO - Typed message: owo hunt
2026-08-20 02:18:29,104 - INFO - Message sent: owo hunt
2026-08-20 02:18:29,612 - INFO - Next message will be sent in 2.8 seconds: owo battle
2026-08-20 02:18:31,609 - INFO - Typed message: owo use 75 65 54
2026-08-20 02:18:31,609 - INFO - Message sent: owo use 75 65 54
2026-08-20 02:18:32,022 - INFO - Next message will be sent in 2.7 seconds: owo hunt
2026-08-20 02:18:37,329 - INFO - Typed message: owo battle
2026-08-20 02:18:37,329 - INFO - Message sent: owo battle
2026-08-20 02:18:37,752 - INFO - Next message will be sent in 2.4 seconds: owo sell all
2026-08-20 02:18:40,342 - INFO - Typed message: owo hunt
2026-08-20 02:18:40,342 - INFO - Message sent: owo hunt
2026-08-20 02:18:41,051 - INFO - Next message will be sent in 2.1 seconds: owo battle
2026-08-20 02:18:45,368 - INFO - Typed message: owo sell all
2026-08-20 02:18:45,383 - INFO - Message sent: owo sell all
2026-08-20 02:18:46,024 - INFO - Next message will be sent in 2.1 seconds: owo cf 3
2026-08-20 02:18:47,536 - INFO - Typed message: owo battle
2026-08-20 02:18:47,536 - INFO - Message sent: owo battle
2026-08-20 02:18:47,949 - INFO - Next message will be sent in 2.8 seconds: owo sell all
2026-08-20 02:18:54,039 - INFO - Typed message: owo cf 3
2026-08-20 02:18:54,041 - INFO - Message sent: owo cf 3
2026-08-20 02:18:54,346 - INFO - Next message will be sent in 2.2 seconds: owo use 75 65 54
2026-08-20 02:18:57,042 - INFO - Typed message: owo sell all
2026-08-20 02:18:57,042 - INFO - Message sent: owo sell all
2026-08-20 02:18:57,755 - INFO - Next message will be sent in 2.2 seconds: owo cf 3
2026-08-20 02:19:01,260 - INFO - Typed message: owo use 75 65 54
2026-08-20 02:19:01,260 - INFO - Message sent: owo use 75 65 54
2026-08-20 02:19:02,025 - INFO - Next message will be sent in 2.1 seconds: owo hunt
2026-08-20 02:19:05,124 - INFO - Typed message: owo cf 3
2026-08-20 02:19:05,124 - INFO - Message sent: owo cf 3
2026-08-20 02:19:05,505 - INFO - Next message will be sent in 2.3 seconds: owo use 75 65 54
2026-08-20 02:19:09,330 - INFO - Typed message: owo hunt
2026-08-20 02:19:09,332 - INFO - Message sent: owo hunt
2026-08-20 02:19:09,795 - INFO - Next message will be sent in 2.9 seconds: owo battle
2026-08-20 02:19:13,378 - INFO - Typed message: owo use 75 65 54
2026-08-20 02:19:13,378 - INFO - Message sent: owo use 75 65 54
2026-08-20 02:19:13,725 - INFO - Next message will be sent in 2.8 seconds: owo hunt
2026-08-20 02:19:17,530 - INFO - Typed message: owo battle
2026-08-20 02:19:17,530 - INFO - Message sent: owo battle
2026-08-20 02:19:18,077 - INFO - Next message will be sent in 2.9 seconds: owo sell all
2026-08-20 02:19:22,554 - INFO - Typed message: owo hunt
2026-08-20 02:19:22,554 - INFO - Message sent: owo hunt
2026-08-20 02:19:22,899 - INFO - Next message will be sent in 2.1 seconds: owo battle
2026-08-20 02:19:27,365 - INFO - Typed message: owo sell all
2026-08-20 02:19:27,365 - INFO - Message sent: owo sell all
2026-08-20 02:19:27,908 - INFO - Next message will be sent in 2.2 seconds: owo cf 3
2026-08-20 02:19:30,592 - INFO - Typed message: owo battle
2026-08-20 02:19:30,592 - INFO - Message sent: owo battle
2026-08-20 02:19:30,935 - INFO - Next message will be sent in 2.2 seconds: owo sell all
2026-08-20 02:19:34,560 - INFO - Typed message: owo cf 3
2026-08-20 02:19:34,560 - INFO - Message sent: owo cf 3
2026-08-20 02:19:34,787 - INFO - Next message will be sent in 2.3 seconds: owo use 75 65 54
2026-08-20 02:19:37,879 - INFO - Typed message: owo sell all
2026-08-20 02:19:37,880 - INFO - Message sent: owo sell all
2026-08-20 02:19:38,666 - INFO - Next message will be sent in 2.9 seconds: owo cf 3
2026-08-20 02:19:43,213 - INFO - Typed message: owo use 75 65 54
2026-08-20 02:19:43,213 - INFO - Message sent: owo use 75 65 54
2026-08-20 02:19:43,693 - INFO - Next message will be sent in 2.7 seconds: owo hunt
2026-08-20 02:19:47,105 - INFO - Typed message: owo cf 3
2026-08-20 02:19:47,105 - INFO - Message sent: owo cf 3
2026-08-20 02:19:47,799 - INFO - Next message will be sent in 2.8 seconds: owo use 75 65 54
2026-08-20 02:19:52,281 - INFO - Typed message: owo hunt
2026-08-20 02:19:52,281 - INFO - Message sent: owo hunt
2026-08-20 02:19:52,980 - INFO - Next message will be sent in 2.2 seconds: owo battle
2026-08-20 02:19:55,382 - INFO - Typed message: owo use 75 65 54
2026-08-20 02:19:55,382 - INFO - Message sent: owo use 75 65 54
2026-08-20 02:19:55,771 - INFO - Next message will be sent in 2.0 seconds: owo hunt
2026-08-20 02:20:00,090 - INFO - Typed message: owo battle
2026-08-20 02:20:00,090 - INFO - Message sent: owo battle
2026-08-20 02:20:00,741 - INFO - Next message will be sent in 2.6 seconds: owo sell all
2026-08-20 02:20:03,868 - INFO - Typed message: owo hunt
2026-08-20 02:20:03,868 - INFO - Message sent: owo hunt
2026-08-20 02:20:04,240 - INFO - Next message will be sent in 2.3 seconds: owo battle
2026-08-20 02:20:08,842 - INFO - Typed message: owo sell all
2026-08-20 02:20:08,842 - INFO - Message sent: owo sell all
2026-08-20 02:20:09,498 - INFO - Next message will be sent in 2.8 seconds: owo cf 3
2026-08-20 02:20:11,746 - INFO - Typed message: owo battle
2026-08-20 02:20:11,746 - INFO - Message sent: owo battle
2026-08-20 02:20:12,462 - INFO - Next message will be sent in 2.4 seconds: owo sell all
2026-08-20 02:20:16,814 - INFO - Typed message: owo cf 3
2026-08-20 02:20:16,814 - INFO - Message sent: owo cf 3
2026-08-20 02:20:17,060 - INFO - Next message will be sent in 2.2 seconds: owo use 75 65 54
2026-08-20 02:20:20,048 - INFO - Typed message: owo sell all
2026-08-20 02:20:20,048 - INFO - Message sent: owo sell all
2026-08-20 02:20:20,623 - INFO - Next message will be sent in 2.0 seconds: owo cf 3
2026-08-20 02:20:25,879 - INFO - Typed message: owo use 75 65 54
2026-08-20 02:20:25,879 - INFO - Message sent: owo use 75 65 54
2026-08-20 02:20:26,405 - INFO - Next message will be sent in 2.7 seconds: owo hunt
2026-08-20 02:20:28,124 - INFO - Typed message: owo cf 3
2026-08-20 02:20:28,124 - INFO - Message sent: owo cf 3
2026-08-20 02:20:28,461 - INFO - Next message will be sent in 2.1 seconds: owo use 75 65 54
2026-08-20 02:20:34,226 - INFO - Typed message: owo hunt
2026-08-20 02:20:34,226 - INFO - Message sent: owo hunt
2026-08-20 02:20:34,567 - INFO - Next message will be sent in 2.2 seconds: owo battle
2026-08-20 02:20:35,485 - INFO - Typed message: owo use 75 65 54
2026-08-20 02:20:35,485 - INFO - Message sent: owo use 75 65 54
2026-08-20 02:20:35,765 - INFO - Next message will be sent in 2.7 seconds: owo hunt
2026-08-20 02:20:42,664 - INFO - Typed message: owo battle
2026-08-20 02:20:42,664 - INFO - Message sent: owo battle
2026-08-20 02:20:43,157 - INFO - Next message will be sent in 2.9 seconds: owo sell all
2026-08-20 02:20:43,410 - INFO - Typed message: owo hunt
2026-08-20 02:20:43,411 - INFO - Message sent: owo hunt
2026-08-20 02:20:43,705 - INFO - Next message will be sent in 2.6 seconds: owo battle
2026-08-20 02:20:50,755 - INFO - Typed message: owo sell all
2026-08-20 02:20:50,757 - INFO - Message sent: owo sell all
2026-08-20 02:20:51,033 - INFO - Next message will be sent in 2.6 seconds: owo cf 3
2026-08-20 02:20:52,191 - INFO - Typed message: owo battle
2026-08-20 02:20:52,191 - INFO - Message sent: owo battle
2026-08-20 02:20:52,943 - INFO - Next message will be sent in 2.9 seconds: owo sell all
2026-08-20 02:20:59,153 - INFO - Typed message: owo cf 3
2026-08-20 02:20:59,153 - INFO - Message sent: owo cf 3
2026-08-20 02:20:59,936 - INFO - Next message will be sent in 2.8 seconds: owo use 75 65 54
2026-08-20 02:21:01,077 - INFO - Typed message: owo sell all
2026-08-20 02:21:01,077 - INFO - Message sent: owo sell all
2026-08-20 02:21:01,699 - INFO - Next message will be sent in 2.6 seconds: owo cf 3
2026-08-20 02:21:08,571 - INFO - Typed message: owo cf 3
2026-08-20 02:21:08,571 - INFO - Message sent: owo cf 3
2026-08-20 02:21:09,016 - INFO - Next message will be sent in 2.0 seconds: owo use 75 65 54
2026-08-20 02:21:09,204 - INFO - Typed message: owo use 75 65 54
2026-08-20 02:21:09,206 - INFO - Message sent: owo use 75 65 54
2026-08-20 02:21:09,494 - INFO - Next message will be sent in 2.3 seconds: owo hunt
2026-08-20 02:21:16,894 - INFO - Typed message: owo hunt
2026-08-20 02:21:16,895 - INFO - Message sent: owo hunt
2026-08-20 02:21:17,674 - INFO - Next message will be sent in 2.4 seconds: owo battle
2026-08-20 02:21:17,945 - INFO - Typed message: owo use 75 65 54
2026-08-20 02:21:17,946 - INFO - Message sent: owo use 75 65 54
2026-08-20 02:21:18,217 - INFO - Next message will be sent in 2.2 seconds: owo hunt
2026-08-20 02:21:24,419 - INFO - Typed message: owo hunt
2026-08-20 02:21:24,422 - INFO - Message sent: owo hunt
2026-08-20 02:21:25,037 - INFO - Next message will be sent in 2.4 seconds: owo battle
2026-08-20 02:21:25,897 - INFO - Typed message: owo battle
2026-08-20 02:21:25,897 - INFO - Message sent: owo battle
2026-08-20 02:21:26,668 - INFO - Next message will be sent in 2.8 seconds: owo sell all
2026-08-20 02:21:32,747 - INFO - Typed message: owo battle
2026-08-20 02:21:32,747 - INFO - Message sent: owo battle
2026-08-20 02:21:33,325 - INFO - Next message will be sent in 2.6 seconds: owo sell all
2026-08-20 02:21:36,014 - INFO - Typed message: owo sell all
2026-08-20 02:21:36,019 - INFO - Message sent: owo sell all
2026-08-20 02:21:36,790 - INFO - Next message will be sent in 2.8 seconds: owo cf 3
2026-08-20 02:21:41,561 - INFO - Typed message: owo sell all
2026-08-20 02:21:41,561 - INFO - Message sent: owo sell all
2026-08-20 02:21:42,258 - INFO - Next message will be sent in 2.4 seconds: owo cf 3
2026-08-20 02:21:45,422 - INFO - Typed message: owo cf 3
2026-08-20 02:21:45,423 - INFO - Message sent: owo cf 3
2026-08-20 02:21:45,935 - INFO - Next message will be sent in 2.4 seconds: owo use 75 65 54
2026-08-20 02:21:50,162 - INFO - Typed message: owo cf 3
2026-08-20 02:21:50,166 - INFO - Message sent: owo cf 3
2026-08-20 02:21:50,650 - INFO - Next message will be sent in 2.2 seconds: owo use 75 65 54
2026-08-20 02:21:55,030 - INFO - Typed message: owo use 75 65 54
2026-08-20 02:21:55,030 - INFO - Message sent: owo use 75 65 54
2026-08-20 02:21:55,395 - INFO - Next message will be sent in 2.1 seconds: owo hunt
2026-08-20 02:21:59,449 - INFO - Typed message: owo use 75 65 54
2026-08-20 02:21:59,449 - INFO - Message sent: owo use 75 65 54
2026-08-20 02:21:59,879 - INFO - Next message will be sent in 2.5 seconds: owo hunt
2026-08-20 02:22:01,527 - INFO - Typed message: owo hunt
2026-08-20 02:22:01,527 - INFO - Message sent: owo hunt
2026-08-20 02:22:01,936 - INFO - Next message will be sent in 2.3 seconds: owo battle
2026-08-20 02:22:07,453 - INFO - Typed message: owo hunt
2026-08-20 02:22:07,453 - INFO - Message sent: owo hunt
2026-08-20 02:22:07,885 - INFO - Next message will be sent in 2.1 seconds: owo battle
2026-08-20 02:22:09,633 - INFO - Typed message: owo battle
2026-08-20 02:22:09,633 - INFO - Message sent: owo battle
2026-08-20 02:22:09,950 - INFO - Next message will be sent in 2.5 seconds: owo sell all
2026-08-20 02:22:15,625 - INFO - Typed message: owo battle
2026-08-20 02:22:15,626 - INFO - Message sent: owo battle
2026-08-20 02:22:16,342 - INFO - Next message will be sent in 2.5 seconds: owo sell all
2026-08-20 02:22:17,454 - INFO - Typed message: owo sell all
2026-08-20 02:22:17,472 - INFO - Message sent: owo sell all
2026-08-20 02:22:18,205 - INFO - Next message will be sent in 2.9 seconds: owo cf 3
2026-08-20 02:22:25,183 - INFO - Typed message: owo sell all
2026-08-20 02:22:25,187 - INFO - Message sent: owo sell all
2026-08-20 02:22:25,442 - INFO - Next message will be sent in 2.3 seconds: owo cf 3
2026-08-20 02:22:26,165 - INFO - Typed message: owo cf 3
2026-08-20 02:22:26,165 - INFO - Message sent: owo cf 3
2026-08-20 02:22:26,950 - INFO - Next message will be sent in 2.7 seconds: owo use 75 65 54
2026-08-20 02:22:33,589 - INFO - Typed message: owo cf 3
2026-08-20 02:22:33,589 - INFO - Message sent: owo cf 3
2026-08-20 02:22:33,803 - INFO - Next message will be sent in 2.4 seconds: owo use 75 65 54
2026-08-20 02:22:34,907 - INFO - Typed message: owo use 75 65 54
2026-08-20 02:22:34,907 - INFO - Message sent: owo use 75 65 54
2026-08-20 02:22:35,534 - INFO - Next message will be sent in 2.1 seconds: owo hunt
2026-08-20 02:22:43,018 - INFO - Typed message: owo hunt
2026-08-20 02:22:43,019 - INFO - Message sent: owo hunt
2026-08-20 02:22:43,562 - INFO - Typed message: owo use 75 65 54
2026-08-20 02:22:43,562 - INFO - Message sent: owo use 75 65 54
2026-08-20 02:22:43,708 - INFO - Next message will be sent in 2.8 seconds: owo battle
2026-08-20 02:22:44,098 - INFO - Next message will be sent in 2.6 seconds: owo hunt
2026-08-20 02:22:52,420 - INFO - Typed message: owo hunt
2026-08-20 02:22:52,420 - INFO - Message sent: owo hunt
2026-08-20 02:22:52,696 - INFO - Typed message: owo battle
2026-08-20 02:22:52,696 - INFO - Message sent: owo battle
2026-08-20 02:22:53,166 - INFO - Next message will be sent in 2.7 seconds: owo battle
2026-08-20 02:22:53,295 - INFO - Next message will be sent in 2.7 seconds: owo sell all
2026-08-20 02:23:00,694 - INFO - Typed message: owo battle
2026-08-20 02:23:00,698 - INFO - Message sent: owo battle
2026-08-20 02:23:01,290 - INFO - Next message will be sent in 2.7 seconds: owo sell all
2026-08-20 02:23:02,287 - INFO - Typed message: owo sell all
2026-08-20 02:23:02,287 - INFO - Message sent: owo sell all
2026-08-20 02:23:02,580 - INFO - Next message will be sent in 2.9 seconds: owo cf 3
2026-08-20 02:23:08,761 - INFO - Typed message: owo sell all
2026-08-20 02:23:08,762 - INFO - Message sent: owo sell all
2026-08-20 02:23:09,321 - INFO - Next message will be sent in 2.5 seconds: owo cf 3
2026-08-20 02:23:10,668 - INFO - Typed message: owo cf 3
2026-08-20 02:23:10,680 - INFO - Message sent: owo cf 3
2026-08-20 02:23:11,147 - INFO - Next message will be sent in 2.2 seconds: owo use 75 65 54
2026-08-20 02:23:15,841 - INFO - Typed message: owo cf 3
2026-08-20 02:23:15,841 - INFO - Message sent: owo cf 3
2026-08-20 02:23:16,619 - INFO - Next message will be sent in 2.4 seconds: owo use 75 65 54
2026-08-20 02:23:19,372 - INFO - Typed message: owo use 75 65 54
2026-08-20 02:23:19,372 - INFO - Message sent: owo use 75 65 54
2026-08-20 02:23:19,801 - INFO - Next message will be sent in 2.5 seconds: owo hunt
2026-08-20 02:23:25,814 - INFO - Typed message: owo use 75 65 54
2026-08-20 02:23:25,814 - INFO - Message sent: owo use 75 65 54
2026-08-20 02:23:26,259 - INFO - Next message will be sent in 3.0 seconds: owo hunt
2026-08-20 02:23:27,726 - INFO - Typed message: owo hunt
2026-08-20 02:23:27,726 - INFO - Message sent: owo hunt
2026-08-20 02:23:28,048 - INFO - Next message will be sent in 2.5 seconds: owo battle
2026-08-20 02:23:34,457 - INFO - Typed message: owo hunt
2026-08-20 02:23:34,457 - INFO - Message sent: owo hunt
2026-08-20 02:23:35,105 - INFO - Next message will be sent in 2.1 seconds: owo battle
2026-08-20 02:23:36,033 - INFO - Typed message: owo battle
2026-08-20 02:23:36,035 - INFO - Message sent: owo battle
2026-08-20 02:23:36,462 - INFO - Next message will be sent in 2.7 seconds: owo sell all
2026-08-20 02:23:42,474 - INFO - Typed message: owo battle
2026-08-20 02:23:42,477 - INFO - Message sent: owo battle
2026-08-20 02:23:42,845 - INFO - Next message will be sent in 2.7 seconds: owo sell all
2026-08-20 02:23:45,304 - INFO - Typed message: owo sell all
2026-08-20 02:23:45,305 - INFO - Message sent: owo sell all
2026-08-20 02:23:45,778 - INFO - Next message will be sent in 2.7 seconds: owo cf 3
2026-08-20 02:23:50,452 - INFO - Typed message: owo sell all
2026-08-20 02:23:50,452 - INFO - Message sent: owo sell all
2026-08-20 02:23:51,245 - INFO - Next message will be sent in 2.3 seconds: owo cf 3
2026-08-20 02:23:52,495 - INFO - Typed message: owo cf 3
2026-08-20 02:23:52,495 - INFO - Message sent: owo cf 3
2026-08-20 02:23:52,748 - INFO - Next message will be sent in 2.2 seconds: owo use 75 65 54
2026-08-20 02:23:58,514 - INFO - Typed message: owo cf 3
2026-08-20 02:23:58,514 - INFO - Message sent: owo cf 3
2026-08-20 02:23:58,732 - INFO - Next message will be sent in 2.6 seconds: owo use 75 65 54
2026-08-20 02:24:01,075 - INFO - Typed message: owo use 75 65 54
2026-08-20 02:24:01,075 - INFO - Message sent: owo use 75 65 54
2026-08-20 02:24:01,485 - INFO - Next message will be sent in 2.6 seconds: owo hunt
2026-08-20 02:24:07,615 - INFO - Typed message: owo use 75 65 54
2026-08-20 02:24:07,616 - INFO - Message sent: owo use 75 65 54
2026-08-20 02:24:08,312 - INFO - Next message will be sent in 2.2 seconds: owo hunt
2026-08-20 02:24:08,315 - INFO - Typed message: owo hunt
2026-08-20 02:24:08,315 - INFO - Message sent: owo hunt
2026-08-20 02:24:08,647 - INFO - Next message will be sent in 2.9 seconds: owo battle
2026-08-20 02:24:16,581 - INFO - Typed message: owo hunt
2026-08-20 02:24:16,581 - INFO - Message sent: owo hunt
2026-08-20 02:24:16,909 - INFO - Typed message: owo battle
2026-08-20 02:24:16,910 - INFO - Message sent: owo battle
2026-08-20 02:24:16,964 - INFO - Next message will be sent in 2.7 seconds: owo battle
2026-08-20 02:24:17,288 - INFO - Next message will be sent in 2.6 seconds: owo sell all
2026-08-20 02:24:24,666 - INFO - Typed message: owo sell all
2026-08-20 02:24:24,666 - INFO - Message sent: owo sell all
2026-08-20 02:24:25,236 - INFO - Next message will be sent in 2.9 seconds: owo cf 3
2026-08-20 02:24:25,291 - INFO - Typed message: owo battle
2026-08-20 02:24:25,291 - INFO - Message sent: owo battle
2026-08-20 02:24:25,665 - INFO - Next message will be sent in 2.5 seconds: owo sell all
2026-08-20 02:24:33,907 - INFO - Typed message: owo sell all
2026-08-20 02:24:33,907 - INFO - Message sent: owo sell all
2026-08-20 02:24:34,011 - INFO - Typed message: owo cf 3
2026-08-20 02:24:34,012 - INFO - Message sent: owo cf 3
2026-08-20 02:24:34,215 - INFO - Next message will be sent in 2.8 seconds: owo cf 3
2026-08-20 02:24:34,595 - INFO - Next message will be sent in 2.1 seconds: owo use 75 65 54
2026-08-20 02:24:42,624 - INFO - Typed message: owo cf 3
2026-08-20 02:24:42,625 - INFO - Message sent: owo cf 3
2026-08-20 02:24:43,042 - INFO - Next message will be sent in 2.9 seconds: owo use 75 65 54
2026-08-20 02:24:43,771 - INFO - Typed message: owo use 75 65 54
2026-08-20 02:24:43,771 - INFO - Message sent: owo use 75 65 54
2026-08-20 02:24:44,420 - INFO - Next message will be sent in 2.9 seconds: owo hunt
2026-08-20 02:24:52,564 - INFO - Typed message: owo use 75 65 54
2026-08-20 02:24:52,564 - INFO - Message sent: owo use 75 65 54
2026-08-20 02:24:52,795 - INFO - Next message will be sent in 2.4 seconds: owo hunt
2026-08-20 02:24:52,835 - INFO - Typed message: owo hunt
2026-08-20 02:24:52,835 - INFO - Message sent: owo hunt
2026-08-20 02:24:53,350 - INFO - Next message will be sent in 2.7 seconds: owo battle
2026-08-20 02:24:59,848 - INFO - Typed message: owo hunt
2026-08-20 02:24:59,849 - INFO - Message sent: owo hunt
2026-08-20 02:25:00,502 - INFO - Next message will be sent in 2.9 seconds: owo battle
2026-08-20 02:25:00,632 - INFO - Typed message: owo battle
2026-08-20 02:25:00,637 - INFO - Message sent: owo battle
2026-08-20 02:25:01,393 - INFO - Next message will be sent in 2.5 seconds: owo sell all
2026-08-20 02:25:08,663 - INFO - Typed message: owo sell all
2026-08-20 02:25:08,663 - INFO - Message sent: owo sell all
2026-08-20 02:25:09,024 - INFO - Next message will be sent in 2.5 seconds: owo cf 3
2026-08-20 02:25:09,145 - INFO - Typed message: owo battle
2026-08-20 02:25:09,159 - INFO - Message sent: owo battle
2026-08-20 02:25:09,374 - INFO - Next message will be sent in 2.7 seconds: owo sell all
2026-08-20 02:25:17,184 - INFO - Typed message: owo cf 3
2026-08-20 02:25:17,184 - INFO - Message sent: owo cf 3
2026-08-20 02:25:17,428 - INFO - Typed message: owo sell all
2026-08-20 02:25:17,428 - INFO - Message sent: owo sell all
2026-08-20 02:25:17,483 - INFO - Next message will be sent in 3.0 seconds: owo use 75 65 54
2026-08-20 02:25:17,814 - INFO - Next message will be sent in 2.6 seconds: owo cf 3
2026-08-20 02:25:24,912 - INFO - Typed message: owo cf 3
2026-08-20 02:25:24,912 - INFO - Message sent: owo cf 3
2026-08-20 02:25:25,628 - INFO - Next message will be sent in 2.6 seconds: owo use 75 65 54
2026-08-20 02:25:27,227 - INFO - Typed message: owo use 75 65 54
2026-08-20 02:25:27,231 - INFO - Message sent: owo use 75 65 54
2026-08-20 02:25:27,825 - INFO - Next message will be sent in 2.4 seconds: owo hunt
2026-08-20 02:25:34,547 - INFO - Typed message: owo use 75 65 54
2026-08-20 02:25:34,548 - INFO - Message sent: owo use 75 65 54
2026-08-20 02:25:34,946 - INFO - Typed message: owo hunt
2026-08-20 02:25:34,948 - INFO - Message sent: owo hunt
2026-08-20 02:25:35,061 - INFO - Next message will be sent in 2.9 seconds: owo hunt
2026-08-20 02:25:35,312 - INFO - Next message will be sent in 2.9 seconds: owo battle
2026-08-20 02:25:44,039 - INFO - Typed message: owo hunt
2026-08-20 02:25:44,039 - INFO - Message sent: owo hunt
2026-08-20 02:25:44,394 - INFO - Typed message: owo battle
2026-08-20 02:25:44,394 - INFO - Message sent: owo battle
2026-08-20 02:25:44,597 - INFO - Next message will be sent in 2.1 seconds: owo battle
2026-08-20 02:25:44,728 - INFO - Next message will be sent in 2.5 seconds: owo sell all
2026-08-20 02:25:51,798 - INFO - Typed message: owo battle
2026-08-20 02:25:51,798 - INFO - Message sent: owo battle
2026-08-20 02:25:52,117 - INFO - Typed message: owo sell all
2026-08-20 02:25:52,117 - INFO - Message sent: owo sell all
2026-08-20 02:25:52,339 - INFO - Next message will be sent in 2.3 seconds: owo sell all
2026-08-20 02:25:52,517 - INFO - Next message will be sent in 2.4 seconds: owo cf 3
2026-08-20 02:25:59,486 - INFO - Typed message: owo cf 3
2026-08-20 02:25:59,490 - INFO - Message sent: owo cf 3
2026-08-20 02:25:59,972 - INFO - Next message will be sent in 2.5 seconds: owo use 75 65 54
2026-08-20 02:26:00,621 - INFO - Typed message: owo sell all
2026-08-20 02:26:00,621 - INFO - Message sent: owo sell all
2026-08-20 02:26:01,419 - INFO - Next message will be sent in 2.9 seconds: owo cf 3
2026-08-20 02:26:07,882 - INFO - Typed message: owo use 75 65 54
2026-08-20 02:26:07,882 - INFO - Message sent: owo use 75 65 54
2026-08-20 02:26:08,544 - INFO - Next message will be sent in 2.9 seconds: owo hunt
2026-08-20 02:26:08,908 - INFO - Typed message: owo cf 3
2026-08-20 02:26:08,908 - INFO - Message sent: owo cf 3
2026-08-20 02:26:09,486 - INFO - Next message will be sent in 2.2 seconds: owo use 75 65 54
2026-08-20 02:26:16,450 - INFO - Typed message: owo hunt
2026-08-20 02:26:16,451 - INFO - Message sent: owo hunt
2026-08-20 02:26:17,207 - INFO - Next message will be sent in 2.4 seconds: owo battle
2026-08-20 02:26:17,419 - INFO - Typed message: owo use 75 65 54
2026-08-20 02:26:17,421 - INFO - Message sent: owo use 75 65 54
2026-08-20 02:26:17,991 - INFO - Next message will be sent in 2.4 seconds: owo hunt
2026-08-20 02:26:24,575 - INFO - Typed message: owo battle
2026-08-20 02:26:24,577 - INFO - Message sent: owo battle
2026-08-20 02:26:24,827 - INFO - Next message will be sent in 2.4 seconds: owo sell all
2026-08-20 02:26:26,010 - INFO - Typed message: owo hunt
2026-08-20 02:26:26,010 - INFO - Message sent: owo hunt
2026-08-20 02:26:26,531 - INFO - Next message will be sent in 2.9 seconds: owo battle
2026-08-20 02:26:32,233 - INFO - Typed message: owo sell all
2026-08-20 02:26:32,234 - INFO - Message sent: owo sell all
2026-08-20 02:26:32,729 - INFO - Next message will be sent in 2.7 seconds: owo cf 3
2026-08-20 02:26:35,200 - INFO - Typed message: owo battle
2026-08-20 02:26:35,200 - INFO - Message sent: owo battle
2026-08-20 02:26:35,597 - INFO - Next message will be sent in 2.4 seconds: owo sell all
2026-08-20 02:26:40,466 - INFO - Typed message: owo cf 3
2026-08-20 02:26:40,467 - INFO - Message sent: owo cf 3
2026-08-20 02:26:40,946 - INFO - Next message will be sent in 2.9 seconds: owo use 75 65 54
2026-08-20 02:26:44,737 - INFO - Typed message: owo sell all
2026-08-20 02:26:44,753 - INFO - Message sent: owo sell all
2026-08-20 02:26:45,509 - INFO - Next message will be sent in 2.1 seconds: owo cf 3
2026-08-20 02:26:50,053 - INFO - Typed message: owo use 75 65 54
2026-08-20 02:26:50,053 - INFO - Message sent: owo use 75 65 54
2026-08-20 02:26:50,373 - INFO - Next message will be sent in 2.0 seconds: owo hunt
2026-08-20 02:26:51,907 - INFO - Typed message: owo cf 3
2026-08-20 02:26:51,907 - INFO - Message sent: owo cf 3
2026-08-20 02:26:52,637 - INFO - Next message will be sent in 2.5 seconds: owo use 75 65 54
2026-08-20 02:26:57,467 - INFO - Typed message: owo hunt
2026-08-20 02:26:57,467 - INFO - Message sent: owo hunt
2026-08-20 02:26:58,031 - INFO - Next message will be sent in 2.8 seconds: owo battle
2026-08-20 02:27:01,192 - INFO - Typed message: owo use 75 65 54
2026-08-20 02:27:01,193 - INFO - Message sent: owo use 75 65 54
2026-08-20 02:27:01,450 - INFO - Next message will be sent in 2.4 seconds: owo hunt
2026-08-20 02:27:06,306 - INFO - Typed message: owo battle
2026-08-20 02:27:06,313 - INFO - Message sent: owo battle
2026-08-20 02:27:06,580 - INFO - Next message will be sent in 2.4 seconds: owo sell all
2026-08-20 02:27:09,606 - INFO - Typed message: owo hunt
2026-08-20 02:27:09,606 - INFO - Message sent: owo hunt
2026-08-20 02:27:09,809 - INFO - Next message will be sent in 2.1 seconds: owo battle
2026-08-20 02:27:14,859 - INFO - Typed message: owo sell all
2026-08-20 02:27:14,861 - INFO - Message sent: owo sell all
2026-08-20 02:27:15,091 - INFO - Next message will be sent in 2.9 seconds: owo cf 3
2026-08-20 02:27:16,147 - INFO - Typed message: owo battle
2026-08-20 02:27:16,147 - INFO - Message sent: owo battle
2026-08-20 02:27:16,369 - INFO - Next message will be sent in 2.8 seconds: owo sell all
2026-08-20 02:27:23,500 - INFO - Typed message: owo cf 3
2026-08-20 02:27:23,500 - INFO - Message sent: owo cf 3
2026-08-20 02:27:24,033 - INFO - Next message will be sent in 2.2 seconds: owo use 75 65 54
2026-08-20 02:27:25,362 - INFO - Typed message: owo sell all
2026-08-20 02:27:25,363 - INFO - Message sent: owo sell all
2026-08-20 02:27:25,645 - INFO - Next message will be sent in 2.5 seconds: owo cf 3
2026-08-20 02:27:33,446 - INFO - Typed message: owo use 75 65 54
2026-08-20 02:27:33,446 - INFO - Message sent: owo use 75 65 54
2026-08-20 02:27:34,079 - INFO - Typed message: owo cf 3
2026-08-20 02:27:34,079 - INFO - Message sent: owo cf 3
2026-08-20 02:27:34,098 - INFO - Next message will be sent in 2.5 seconds: owo hunt
2026-08-20 02:27:34,717 - INFO - Next message will be sent in 2.2 seconds: owo use 75 65 54
2026-08-20 02:27:41,731 - INFO - Typed message: owo hunt
2026-08-20 02:27:41,733 - INFO - Message sent: owo hunt
2026-08-20 02:27:42,081 - INFO - Next message will be sent in 2.7 seconds: owo battle
2026-08-20 02:27:42,914 - INFO - Typed message: owo use 75 65 54
2026-08-20 02:27:42,914 - INFO - Message sent: owo use 75 65 54
2026-08-20 02:27:43,337 - INFO - Next message will be sent in 2.8 seconds: owo hunt
2026-08-20 02:27:50,549 - INFO - Typed message: owo battle
2026-08-20 02:27:50,550 - INFO - Message sent: owo battle
2026-08-20 02:27:50,925 - INFO - Typed message: owo hunt
2026-08-20 02:27:50,931 - INFO - Message sent: owo hunt
2026-08-20 02:27:51,090 - INFO - Next message will be sent in 2.8 seconds: owo sell all
2026-08-20 02:27:51,159 - INFO - Next message will be sent in 2.4 seconds: owo battle
2026-08-20 02:27:58,795 - INFO - Typed message: owo battle
2026-08-20 02:27:58,795 - INFO - Message sent: owo battle
2026-08-20 02:27:59,145 - INFO - Typed message: owo sell all
2026-08-20 02:27:59,147 - INFO - Message sent: owo sell all
2026-08-20 02:27:59,555 - INFO - Next message will be sent in 2.1 seconds: owo sell all
2026-08-20 02:27:59,773 - INFO - Next message will be sent in 2.7 seconds: owo cf 3
2026-08-20 02:28:07,168 - INFO - Typed message: owo sell all
2026-08-20 02:28:07,169 - INFO - Message sent: owo sell all
2026-08-20 02:28:07,795 - INFO - Next message will be sent in 2.7 seconds: owo cf 3
2026-08-20 02:28:07,838 - INFO - Typed message: owo cf 3
2026-08-20 02:28:07,839 - INFO - Message sent: owo cf 3
2026-08-20 02:28:08,530 - INFO - Next message will be sent in 2.4 seconds: owo use 75 65 54
2026-08-20 02:28:15,940 - INFO - Typed message: owo cf 3
2026-08-20 02:28:15,945 - INFO - Message sent: owo cf 3
2026-08-20 02:28:16,183 - INFO - Next message will be sent in 2.1 seconds: owo use 75 65 54
2026-08-20 02:28:16,739 - INFO - Typed message: owo use 75 65 54
2026-08-20 02:28:16,739 - INFO - Message sent: owo use 75 65 54
2026-08-20 02:28:17,145 - INFO - Next message will be sent in 2.4 seconds: owo hunt
2026-08-20 02:28:24,066 - INFO - Typed message: owo hunt
2026-08-20 02:28:24,068 - INFO - Message sent: owo hunt
2026-08-20 02:28:24,569 - INFO - Typed message: owo use 75 65 54
2026-08-20 02:28:24,570 - INFO - Message sent: owo use 75 65 54
2026-08-20 02:28:24,622 - INFO - Next message will be sent in 3.0 seconds: owo battle
2026-08-20 02:28:25,267 - INFO - Next message will be sent in 2.0 seconds: owo hunt
2026-08-20 02:28:32,083 - INFO - Typed message: owo hunt
2026-08-20 02:28:32,084 - INFO - Message sent: owo hunt
2026-08-20 02:28:32,564 - INFO - Typed message: owo battle
2026-08-20 02:28:32,566 - INFO - Message sent: owo battle
2026-08-20 02:28:32,626 - INFO - Next message will be sent in 2.4 seconds: owo battle
2026-08-20 02:28:32,850 - INFO - Next message will be sent in 2.5 seconds: owo sell all
2026-08-20 02:28:41,092 - INFO - Typed message: owo battle
2026-08-20 02:28:41,092 - INFO - Message sent: owo battle
2026-08-20 02:28:41,381 - INFO - Typed message: owo sell all
2026-08-20 02:28:41,381 - INFO - Message sent: owo sell all
2026-08-20 02:28:41,649 - INFO - Next message will be sent in 2.1 seconds: owo cf 3
2026-08-20 02:28:41,764 - INFO - Next message will be sent in 2.0 seconds: owo sell all
2026-08-20 02:28:48,109 - INFO - Typed message: owo cf 3
2026-08-20 02:28:48,109 - INFO - Message sent: owo cf 3
2026-08-20 02:28:48,425 - INFO - Next message will be sent in 2.7 seconds: owo use 75 65 54
2026-08-20 02:28:50,257 - INFO - Typed message: owo sell all
2026-08-20 02:28:50,257 - INFO - Message sent: owo sell all
2026-08-20 02:28:50,904 - INFO - Next message will be sent in 2.9 seconds: owo cf 3
2026-08-20 02:28:57,630 - INFO - Typed message: owo use 75 65 54
2026-08-20 02:28:57,630 - INFO - Message sent: owo use 75 65 54
2026-08-20 02:28:58,382 - INFO - Next message will be sent in 2.7 seconds: owo hunt
2026-08-20 02:28:58,432 - INFO - Typed message: owo cf 3
2026-08-20 02:28:58,432 - INFO - Message sent: owo cf 3
2026-08-20 02:28:58,990 - INFO - Next message will be sent in 2.8 seconds: owo use 75 65 54
2026-08-20 02:29:05,911 - INFO - Typed message: owo hunt
2026-08-20 02:29:05,911 - INFO - Message sent: owo hunt
2026-08-20 02:29:06,130 - INFO - Next message will be sent in 3.0 seconds: owo battle
2026-08-20 02:29:07,441 - INFO - Typed message: owo use 75 65 54
2026-08-20 02:29:07,441 - INFO - Message sent: owo use 75 65 54
2026-08-20 02:29:08,129 - INFO - Next message will be sent in 2.1 seconds: owo hunt
2026-08-20 02:29:15,378 - INFO - Typed message: owo battle
2026-08-20 02:29:15,378 - INFO - Message sent: owo battle
2026-08-20 02:29:15,691 - INFO - Next message will be sent in 2.7 seconds: owo sell all
2026-08-20 02:29:15,991 - INFO - Typed message: owo hunt
2026-08-20 02:29:15,991 - INFO - Message sent: owo hunt
2026-08-20 02:29:16,305 - INFO - Next message will be sent in 2.9 seconds: owo battle
2026-08-20 02:29:23,569 - INFO - Typed message: owo sell all
2026-08-20 02:29:23,571 - INFO - Message sent: owo sell all
2026-08-20 02:29:23,940 - INFO - Next message will be sent in 2.6 seconds: owo cf 3
2026-08-20 02:29:25,294 - INFO - Typed message: owo battle
2026-08-20 02:29:25,294 - INFO - Message sent: owo battle
2026-08-20 02:29:26,024 - INFO - Next message will be sent in 2.3 seconds: owo sell all
2026-08-20 02:29:32,322 - INFO - Typed message: owo cf 3
2026-08-20 02:29:32,322 - INFO - Message sent: owo cf 3
2026-08-20 02:29:33,007 - INFO - Next message will be sent in 2.6 seconds: owo use 75 65 54
2026-08-20 02:29:34,359 - INFO - Typed message: owo sell all
2026-08-20 02:29:34,359 - INFO - Message sent: owo sell all
2026-08-20 02:29:34,583 - INFO - Next message will be sent in 2.5 seconds: owo cf 3
2026-08-20 02:29:41,133 - INFO - Typed message: owo use 75 65 54
2026-08-20 02:29:41,138 - INFO - Message sent: owo use 75 65 54
2026-08-20 02:29:41,706 - INFO - Next message will be sent in 2.5 seconds: owo hunt
2026-08-20 02:29:41,940 - INFO - Typed message: owo cf 3
2026-08-20 02:29:41,940 - INFO - Message sent: owo cf 3
2026-08-20 02:29:42,667 - INFO - Next message will be sent in 2.3 seconds: owo use 75 65 54
2026-08-20 02:29:50,061 - INFO - Typed message: owo hunt
2026-08-20 02:29:50,064 - INFO - Message sent: owo hunt
2026-08-20 02:29:50,722 - INFO - Next message will be sent in 2.7 seconds: owo battle
2026-08-20 02:29:51,035 - INFO - Typed message: owo use 75 65 54
2026-08-20 02:29:51,035 - INFO - Message sent: owo use 75 65 54
2026-08-20 02:29:51,821 - INFO - Next message will be sent in 2.1 seconds: owo hunt
2026-08-20 02:29:57,729 - INFO - Typed message: owo battle
2026-08-20 02:29:57,734 - INFO - Message sent: owo battle
2026-08-20 02:29:58,094 - INFO - Typed message: owo hunt
2026-08-20 02:29:58,097 - INFO - Message sent: owo hunt
2026-08-20 02:29:58,321 - INFO - Next message will be sent in 2.1 seconds: owo battle
2026-08-20 02:29:58,364 - INFO - Next message will be sent in 2.4 seconds: owo sell all
2026-08-20 02:30:05,185 - INFO - Typed message: owo battle
2026-08-20 02:30:05,186 - INFO - Message sent: owo battle
2026-08-20 02:30:05,546 - INFO - Typed message: owo sell all
2026-08-20 02:30:05,546 - INFO - Message sent: owo sell all
2026-08-20 02:30:05,822 - INFO - Next message will be sent in 2.7 seconds: owo cf 3
2026-08-20 02:30:05,926 - INFO - Next message will be sent in 2.4 seconds: owo sell all
2026-08-20 02:30:12,856 - INFO - Typed message: owo cf 3
2026-08-20 02:30:12,856 - INFO - Message sent: owo cf 3
2026-08-20 02:30:13,622 - INFO - Next message will be sent in 2.4 seconds: owo use 75 65 54
2026-08-20 02:30:14,199 - INFO - Typed message: owo sell all
2026-08-20 02:30:14,199 - INFO - Message sent: owo sell all
2026-08-20 02:30:14,514 - INFO - Next message will be sent in 2.6 seconds: owo cf 3
2026-08-20 02:30:21,638 - INFO - Typed message: owo cf 3
2026-08-20 02:30:21,638 - INFO - Message sent: owo cf 3
2026-08-20 02:30:22,049 - INFO - Next message will be sent in 2.0 seconds: owo use 75 65 54
2026-08-20 02:30:22,530 - INFO - Typed message: owo use 75 65 54
2026-08-20 02:30:22,530 - INFO - Message sent: owo use 75 65 54
2026-08-20 02:30:23,178 - INFO - Next message will be sent in 2.8 seconds: owo hunt
2026-08-20 02:30:30,292 - INFO - Typed message: owo use 75 65 54
2026-08-20 02:30:30,292 - INFO - Message sent: owo use 75 65 54
2026-08-20 02:30:30,512 - INFO - Next message will be sent in 2.6 seconds: owo hunt
2026-08-20 02:30:31,111 - INFO - Typed message: owo hunt
2026-08-20 02:30:31,112 - INFO - Message sent: owo hunt
2026-08-20 02:30:31,507 - INFO - Next message will be sent in 2.8 seconds: owo battle
2026-08-20 02:30:37,825 - INFO - Typed message: owo hunt
2026-08-20 02:30:37,825 - INFO - Message sent: owo hunt
2026-08-20 02:30:38,508 - INFO - Next message will be sent in 2.6 seconds: owo battle
2026-08-20 02:30:40,509 - INFO - Typed message: owo battle
2026-08-20 02:30:40,509 - INFO - Message sent: owo battle
2026-08-20 02:30:41,126 - INFO - Next message will be sent in 3.0 seconds: owo sell all
2026-08-20 02:30:47,264 - INFO - Typed message: owo battle
2026-08-20 02:30:47,264 - INFO - Message sent: owo battle
2026-08-20 02:30:47,917 - INFO - Next message will be sent in 2.2 seconds: owo sell all
2026-08-20 02:30:50,525 - INFO - Typed message: owo sell all
2026-08-20 02:30:50,526 - INFO - Message sent: owo sell all
2026-08-20 02:30:50,828 - INFO - Next message will be sent in 2.7 seconds: owo cf 3
2026-08-20 02:30:56,304 - INFO - Typed message: owo sell all
2026-08-20 02:30:56,304 - INFO - Message sent: owo sell all
2026-08-20 02:30:56,720 - INFO - Next message will be sent in 2.7 seconds: owo cf 3
2026-08-20 02:30:59,387 - INFO - Typed message: owo cf 3
2026-08-20 02:30:59,387 - INFO - Message sent: owo cf 3
2026-08-20 02:30:59,594 - INFO - Next message will be sent in 2.2 seconds: owo use 75 65 54
2026-08-20 02:31:04,675 - INFO - Typed message: owo cf 3
2026-08-20 02:31:04,678 - INFO - Message sent: owo cf 3
2026-08-20 02:31:05,083 - INFO - Next message will be sent in 2.9 seconds: owo use 75 65 54
2026-08-20 02:31:08,010 - INFO - Typed message: owo use 75 65 54
2026-08-20 02:31:08,010 - INFO - Message sent: owo use 75 65 54
2026-08-20 02:31:08,281 - INFO - Next message will be sent in 2.7 seconds: owo hunt
2026-08-20 02:31:13,682 - INFO - Typed message: owo use 75 65 54
2026-08-20 02:31:13,682 - INFO - Message sent: owo use 75 65 54
2026-08-20 02:31:13,958 - INFO - Next message will be sent in 2.9 seconds: owo hunt
2026-08-20 02:31:15,806 - INFO - Typed message: owo hunt
2026-08-20 02:31:15,807 - INFO - Message sent: owo hunt
2026-08-20 02:31:16,251 - INFO - Next message will be sent in 2.7 seconds: owo battle
2026-08-20 02:31:21,775 - INFO - Typed message: owo hunt
2026-08-20 02:31:21,776 - INFO - Message sent: owo hunt
2026-08-20 02:31:22,037 - INFO - Next message will be sent in 2.2 seconds: owo battle
2026-08-20 02:31:24,143 - INFO - Typed message: owo battle
2026-08-20 02:31:24,144 - INFO - Message sent: owo battle
2026-08-20 02:31:24,522 - INFO - Next message will be sent in 2.2 seconds: owo sell all
2026-08-20 02:31:29,642 - INFO - Typed message: owo battle
2026-08-20 02:31:29,642 - INFO - Message sent: owo battle
2026-08-20 02:31:30,201 - INFO - Next message will be sent in 2.9 seconds: owo sell all
2026-08-20 02:31:32,799 - INFO - Typed message: owo sell all
2026-08-20 02:31:32,799 - INFO - Message sent: owo sell all
2026-08-20 02:31:33,427 - INFO - Next message will be sent in 2.2 seconds: owo cf 3
2026-08-20 02:31:38,956 - INFO - Typed message: owo sell all
2026-08-20 02:31:38,957 - INFO - Message sent: owo sell all
2026-08-20 02:31:39,698 - INFO - Next message will be sent in 2.7 seconds: owo cf 3
2026-08-20 02:31:40,380 - INFO - Typed message: owo cf 3
2026-08-20 02:31:40,380 - INFO - Message sent: owo cf 3
2026-08-20 02:31:41,136 - INFO - Next message will be sent in 3.0 seconds: owo use 75 65 54
2026-08-20 02:31:47,574 - INFO - Typed message: owo cf 3
2026-08-20 02:31:47,574 - INFO - Message sent: owo cf 3
2026-08-20 02:31:48,303 - INFO - Next message will be sent in 2.7 seconds: owo use 75 65 54
2026-08-20 02:31:49,901 - INFO - Typed message: owo use 75 65 54
2026-08-20 02:31:49,903 - INFO - Message sent: owo use 75 65 54
2026-08-20 02:31:50,351 - INFO - Next message will be sent in 2.7 seconds: owo hunt
2026-08-20 02:31:57,086 - INFO - Typed message: owo use 75 65 54
2026-08-20 02:31:57,086 - INFO - Message sent: owo use 75 65 54
2026-08-20 02:31:57,568 - INFO - Next message will be sent in 2.2 seconds: owo hunt
2026-08-20 02:31:58,998 - INFO - Typed message: owo hunt
2026-08-20 02:31:58,999 - INFO - Message sent: owo hunt
2026-08-20 02:31:59,206 - INFO - Next message will be sent in 2.5 seconds: owo battle
2026-08-20 02:32:04,965 - INFO - Typed message: owo hunt
2026-08-20 02:32:04,965 - INFO - Message sent: owo hunt
2026-08-20 02:32:05,299 - INFO - Next message will be sent in 2.2 seconds: owo battle
2026-08-20 02:32:06,994 - INFO - Typed message: owo battle
2026-08-20 02:32:06,994 - INFO - Message sent: owo battle
2026-08-20 02:32:07,641 - INFO - Next message will be sent in 2.8 seconds: owo sell all
2026-08-20 02:32:12,869 - INFO - Typed message: owo battle
2026-08-20 02:32:12,869 - INFO - Message sent: owo battle
2026-08-20 02:32:13,510 - INFO - Next message will be sent in 2.2 seconds: owo sell all
2026-08-20 02:32:15,451 - INFO - Typed message: owo sell all
2026-08-20 02:32:15,451 - INFO - Message sent: owo sell all
2026-08-20 02:32:15,785 - INFO - Next message will be sent in 2.9 seconds: owo cf 3
2026-08-20 02:32:21,465 - INFO - Typed message: owo sell all
2026-08-20 02:32:21,465 - INFO - Message sent: owo sell all
2026-08-20 02:32:22,189 - INFO - Next message will be sent in 2.3 seconds: owo cf 3
2026-08-20 02:32:23,788 - INFO - Typed message: owo cf 3
2026-08-20 02:32:23,789 - INFO - Message sent: owo cf 3
2026-08-20 02:32:24,493 - INFO - Next message will be sent in 2.7 seconds: owo use 75 65 54
2026-08-20 02:32:30,261 - INFO - Typed message: owo cf 3
2026-08-20 02:32:30,261 - INFO - Message sent: owo cf 3
2026-08-20 02:32:30,542 - INFO - Next message will be sent in 2.6 seconds: owo use 75 65 54
2026-08-20 02:32:33,608 - INFO - Typed message: owo use 75 65 54
2026-08-20 02:32:33,608 - INFO - Message sent: owo use 75 65 54
2026-08-20 02:32:34,141 - INFO - Next message will be sent in 2.4 seconds: owo hunt
2026-08-20 02:32:40,821 - INFO - Typed message: owo use 75 65 54
2026-08-20 02:32:40,822 - INFO - Message sent: owo use 75 65 54
2026-08-20 02:32:41,516 - INFO - Next message will be sent in 2.7 seconds: owo hunt
2026-08-20 02:32:41,592 - INFO - Typed message: owo hunt
2026-08-20 02:32:41,592 - INFO - Message sent: owo hunt
2026-08-20 02:32:42,312 - INFO - Next message will be sent in 3.0 seconds: owo battle
2026-08-20 02:32:48,853 - INFO - Typed message: owo hunt
2026-08-20 02:32:48,853 - INFO - Message sent: owo hunt
2026-08-20 02:32:49,447 - INFO - Next message will be sent in 2.4 seconds: owo battle
2026-08-20 02:32:51,044 - INFO - Typed message: owo battle
2026-08-20 02:32:51,044 - INFO - Message sent: owo battle
2026-08-20 02:32:51,596 - INFO - Next message will be sent in 2.4 seconds: owo sell all
2026-08-20 02:32:56,266 - INFO - Typed message: owo battle
2026-08-20 02:32:56,266 - INFO - Message sent: owo battle
2026-08-20 02:32:56,523 - INFO - Next message will be sent in 2.0 seconds: owo sell all
2026-08-20 02:32:59,478 - INFO - Typed message: owo sell all
2026-08-20 02:32:59,478 - INFO - Message sent: owo sell all
2026-08-20 02:33:00,133 - INFO - Next message will be sent in 2.7 seconds: owo cf 3
2026-08-20 02:33:04,001 - INFO - Typed message: owo sell all
2026-08-20 02:33:04,003 - INFO - Message sent: owo sell all
2026-08-20 02:33:04,353 - INFO - Next message will be sent in 2.6 seconds: owo cf 3
2026-08-20 02:33:08,304 - INFO - Typed message: owo cf 3
2026-08-20 02:33:08,304 - INFO - Message sent: owo cf 3
2026-08-20 02:33:08,659 - INFO - Next message will be sent in 3.0 seconds: owo use 75 65 54
2026-08-20 02:33:12,779 - INFO - Typed message: owo cf 3
2026-08-20 02:33:12,779 - INFO - Message sent: owo cf 3
2026-08-20 02:33:13,095 - INFO - Next message will be sent in 2.7 seconds: owo use 75 65 54
2026-08-20 02:33:18,238 - INFO - Typed message: owo use 75 65 54
2026-08-20 02:33:18,238 - INFO - Message sent: owo use 75 65 54
2026-08-20 02:33:18,976 - INFO - Next message will be sent in 2.4 seconds: owo hunt
2026-08-20 02:33:22,285 - INFO - Typed message: owo use 75 65 54
2026-08-20 02:33:22,285 - INFO - Message sent: owo use 75 65 54
2026-08-20 02:33:22,884 - INFO - Next message will be sent in 2.4 seconds: owo hunt
2026-08-20 02:33:26,963 - INFO - Typed message: owo hunt
2026-08-20 02:33:26,963 - INFO - Message sent: owo hunt
2026-08-20 02:33:27,297 - INFO - Next message will be sent in 2.8 seconds: owo battle
2026-08-20 02:33:29,563 - INFO - Typed message: owo hunt
2026-08-20 02:33:29,563 - INFO - Message sent: owo hunt
2026-08-20 02:33:30,070 - INFO - Next message will be sent in 2.9 seconds: owo battle
2026-08-20 02:33:36,553 - INFO - Typed message: owo battle
2026-08-20 02:33:36,553 - INFO - Message sent: owo battle
2026-08-20 02:33:37,090 - INFO - Next message will be sent in 2.3 seconds: owo sell all
2026-08-20 02:33:37,345 - INFO - Typed message: owo battle
2026-08-20 02:33:37,345 - INFO - Message sent: owo battle
2026-08-20 02:33:37,852 - INFO - Next message will be sent in 2.8 seconds: owo sell all
2026-08-20 02:33:45,378 - INFO - Typed message: owo sell all
2026-08-20 02:33:45,379 - INFO - Message sent: owo sell all
2026-08-20 02:33:45,594 - INFO - Typed message: owo sell all
2026-08-20 02:33:45,595 - INFO - Message sent: owo sell all
2026-08-20 02:33:45,901 - INFO - Next message will be sent in 2.1 seconds: owo cf 3
2026-08-20 02:33:46,037 - INFO - Next message will be sent in 2.2 seconds: owo cf 3
2026-08-20 02:33:53,314 - INFO - Typed message: owo cf 3
2026-08-20 02:33:53,316 - INFO - Message sent: owo cf 3
2026-08-20 02:33:53,757 - INFO - Next message will be sent in 2.8 seconds: owo use 75 65 54
2026-08-20 02:33:54,281 - INFO - Typed message: owo cf 3
2026-08-20 02:33:54,282 - INFO - Message sent: owo cf 3
2026-08-20 02:33:54,814 - INFO - Next message will be sent in 2.4 seconds: owo use 75 65 54
2026-08-20 02:34:02,125 - INFO - Typed message: owo use 75 65 54
2026-08-20 02:34:02,125 - INFO - Message sent: owo use 75 65 54
2026-08-20 02:34:02,510 - INFO - Next message will be sent in 2.2 seconds: owo hunt
2026-08-20 02:34:04,072 - INFO - Typed message: owo use 75 65 54
2026-08-20 02:34:04,072 - INFO - Message sent: owo use 75 65 54
2026-08-20 02:34:04,611 - INFO - Next message will be sent in 2.3 seconds: owo hunt
2026-08-20 02:34:09,274 - INFO - Typed message: owo hunt
2026-08-20 02:34:09,274 - INFO - Message sent: owo hunt
2026-08-20 02:34:09,507 - INFO - Next message will be sent in 3.0 seconds: owo battle
2026-08-20 02:34:12,700 - INFO - Typed message: owo hunt
2026-08-20 02:34:12,700 - INFO - Message sent: owo hunt
2026-08-20 02:34:12,977 - INFO - Next message will be sent in 2.4 seconds: owo battle
2026-08-20 02:34:17,489 - INFO - Typed message: owo battle
2026-08-20 02:34:17,491 - INFO - Message sent: owo battle
2026-08-20 02:34:18,223 - INFO - Next message will be sent in 2.1 seconds: owo sell all
2026-08-20 02:34:21,481 - INFO - Typed message: owo battle
2026-08-20 02:34:21,481 - INFO - Message sent: owo battle
2026-08-20 02:34:22,235 - INFO - Next message will be sent in 2.8 seconds: owo sell all
2026-08-20 02:34:25,216 - INFO - Typed message: owo sell all
2026-08-20 02:34:25,216 - INFO - Message sent: owo sell all
2026-08-20 02:34:25,740 - INFO - Next message will be sent in 2.0 seconds: owo cf 3
2026-08-20 02:34:29,945 - INFO - Typed message: owo sell all
2026-08-20 02:34:29,949 - INFO - Message sent: owo sell all
2026-08-20 02:34:30,233 - INFO - Next message will be sent in 2.9 seconds: owo cf 3
2026-08-20 02:34:31,802 - INFO - Typed message: owo cf 3
2026-08-20 02:34:31,802 - INFO - Message sent: owo cf 3
2026-08-20 02:34:32,571 - INFO - Next message will be sent in 2.8 seconds: owo use 75 65 54
2026-08-20 02:34:37,973 - INFO - Typed message: owo cf 3
2026-08-20 02:34:37,973 - INFO - Message sent: owo cf 3
2026-08-20 02:34:38,674 - INFO - Next message will be sent in 2.8 seconds: owo use 75 65 54
2026-08-20 02:34:41,075 - INFO - Typed message: owo use 75 65 54
2026-08-20 02:34:41,075 - INFO - Message sent: owo use 75 65 54
2026-08-20 02:34:41,371 - INFO - Next message will be sent in 2.6 seconds: owo hunt
2026-08-20 02:34:48,316 - INFO - Typed message: owo use 75 65 54
2026-08-20 02:34:48,319 - INFO - Message sent: owo use 75 65 54
2026-08-20 02:34:49,040 - INFO - Next message will be sent in 2.5 seconds: owo hunt
2026-08-20 02:34:49,329 - INFO - Typed message: owo hunt
2026-08-20 02:34:49,329 - INFO - Message sent: owo hunt
2026-08-20 02:34:49,595 - INFO - Next message will be sent in 2.6 seconds: owo battle
2026-08-20 02:34:56,459 - INFO - Typed message: owo hunt
2026-08-20 02:34:56,460 - INFO - Message sent: owo hunt
2026-08-20 02:34:56,861 - INFO - Next message will be sent in 2.5 seconds: owo battle
2026-08-20 02:34:58,277 - INFO - Typed message: owo battle
2026-08-20 02:34:58,277 - INFO - Message sent: owo battle
2026-08-20 02:34:58,880 - INFO - Next message will be sent in 2.6 seconds: owo sell all
2026-08-20 02:35:04,342 - INFO - Typed message: owo battle
2026-08-20 02:35:04,343 - INFO - Message sent: owo battle
2026-08-20 02:35:05,007 - INFO - Next message will be sent in 2.2 seconds: owo sell all
2026-08-20 02:35:07,808 - INFO - Typed message: owo sell all
2026-08-20 02:35:07,808 - INFO - Message sent: owo sell all
2026-08-20 02:35:08,488 - INFO - Next message will be sent in 2.4 seconds: owo cf 3
2026-08-20 02:35:12,027 - INFO - Typed message: owo sell all
2026-08-20 02:35:12,027 - INFO - Message sent: owo sell all
2026-08-20 02:35:12,411 - INFO - Next message will be sent in 2.0 seconds: owo cf 3
2026-08-20 02:35:16,881 - INFO - Typed message: owo cf 3
2026-08-20 02:35:16,881 - INFO - Message sent: owo cf 3
2026-08-20 02:35:17,167 - INFO - Next message will be sent in 2.8 seconds: owo use 75 65 54
2026-08-20 02:35:18,892 - INFO - Typed message: owo cf 3
2026-08-20 02:35:18,892 - INFO - Message sent: owo cf 3
2026-08-20 02:35:19,493 - INFO - Next message will be sent in 2.9 seconds: owo use 75 65 54
2026-08-20 02:35:26,797 - INFO - Typed message: owo use 75 65 54
2026-08-20 02:35:26,797 - INFO - Message sent: owo use 75 65 54
2026-08-20 02:35:27,190 - INFO - Next message will be sent in 2.2 seconds: owo hunt
2026-08-20 02:35:28,750 - INFO - Typed message: owo use 75 65 54
2026-08-20 02:35:28,750 - INFO - Message sent: owo use 75 65 54
2026-08-20 02:35:28,974 - INFO - Next message will be sent in 2.9 seconds: owo hunt
2026-08-20 02:35:34,111 - INFO - Typed message: owo hunt
2026-08-20 02:35:34,112 - INFO - Message sent: owo hunt
2026-08-20 02:35:34,781 - INFO - Next message will be sent in 2.3 seconds: owo battle
2026-08-20 02:35:36,627 - INFO - Typed message: owo hunt
2026-08-20 02:35:36,627 - INFO - Message sent: owo hunt
2026-08-20 02:35:36,987 - INFO - Next message will be sent in 2.4 seconds: owo battle
2026-08-20 02:35:41,765 - INFO - Typed message: owo battle
2026-08-20 02:35:41,765 - INFO - Message sent: owo battle
2026-08-20 02:35:42,356 - INFO - Next message will be sent in 2.4 seconds: owo sell all
2026-08-20 02:35:44,094 - INFO - Typed message: owo battle
2026-08-20 02:35:44,095 - INFO - Message sent: owo battle
2026-08-20 02:35:44,643 - INFO - Next message will be sent in 2.4 seconds: owo sell all
2026-08-20 02:35:50,428 - INFO - Typed message: owo sell all
2026-08-20 02:35:50,428 - INFO - Message sent: owo sell all
2026-08-20 02:35:50,838 - INFO - Next message will be sent in 2.7 seconds: owo cf 3
2026-08-20 02:35:52,594 - INFO - Typed message: owo sell all
2026-08-20 02:35:52,594 - INFO - Message sent: owo sell all
2026-08-20 02:35:53,359 - INFO - Next message will be sent in 2.9 seconds: owo cf 3
2026-08-20 02:35:57,739 - INFO - Typed message: owo cf 3
2026-08-20 02:35:57,739 - INFO - Message sent: owo cf 3
2026-08-20 02:35:58,324 - INFO - Next message will be sent in 2.0 seconds: owo use 75 65 54
2026-08-20 02:36:02,240 - INFO - Typed message: owo cf 3
2026-08-20 02:36:02,240 - INFO - Message sent: owo cf 3
2026-08-20 02:36:02,792 - INFO - Next message will be sent in 2.7 seconds: owo use 75 65 54
2026-08-20 02:36:07,244 - INFO - Typed message: owo use 75 65 54
2026-08-20 02:36:07,244 - INFO - Message sent: owo use 75 65 54
2026-08-20 02:36:07,576 - INFO - Next message will be sent in 2.3 seconds: owo hunt
2026-08-20 02:36:10,979 - INFO - Typed message: owo use 75 65 54
2026-08-20 02:36:10,979 - INFO - Message sent: owo use 75 65 54
2026-08-20 02:36:11,528 - INFO - Next message will be sent in 2.3 seconds: owo hunt
2026-08-20 02:36:15,384 - INFO - Typed message: owo hunt
2026-08-20 02:36:15,384 - INFO - Message sent: owo hunt
2026-08-20 02:36:15,611 - INFO - Next message will be sent in 2.8 seconds: owo battle
2026-08-20 02:36:18,556 - INFO - Typed message: owo hunt
2026-08-20 02:36:18,556 - INFO - Message sent: owo hunt
2026-08-20 02:36:18,833 - INFO - Next message will be sent in 3.0 seconds: owo battle
2026-08-20 02:36:22,951 - INFO - Typed message: owo battle
2026-08-20 02:36:22,951 - INFO - Message sent: owo battle
2026-08-20 02:36:23,170 - INFO - Next message will be sent in 2.1 seconds: owo sell all
2026-08-20 02:36:27,466 - INFO - Typed message: owo battle
2026-08-20 02:36:27,466 - INFO - Message sent: owo battle
2026-08-20 02:36:28,059 - INFO - Next message will be sent in 2.1 seconds: owo sell all
2026-08-20 02:36:30,321 - INFO - Typed message: owo sell all
2026-08-20 02:36:30,324 - INFO - Message sent: owo sell all
2026-08-20 02:36:30,990 - INFO - Next message will be sent in 2.2 seconds: owo cf 3
2026-08-20 02:36:34,710 - INFO - Typed message: owo sell all
2026-08-20 02:36:34,712 - INFO - Message sent: owo sell all
2026-08-20 02:36:35,475 - INFO - Next message will be sent in 2.3 seconds: owo cf 3
2026-08-20 02:36:38,225 - INFO - Typed message: owo cf 3
2026-08-20 02:36:38,225 - INFO - Message sent: owo cf 3
2026-08-20 02:36:38,477 - INFO - Next message will be sent in 2.7 seconds: owo use 75 65 54
2026-08-20 02:36:42,382 - INFO - Typed message: owo cf 3
2026-08-20 02:36:42,382 - INFO - Message sent: owo cf 3
2026-08-20 02:36:43,156 - INFO - Next message will be sent in 2.6 seconds: owo use 75 65 54
2026-08-20 02:36:47,163 - INFO - Typed message: owo use 75 65 54
2026-08-20 02:36:47,163 - INFO - Message sent: owo use 75 65 54
2026-08-20 02:36:47,887 - INFO - Next message will be sent in 2.3 seconds: owo hunt
2026-08-20 02:36:51,722 - INFO - Typed message: owo use 75 65 54
2026-08-20 02:36:51,722 - INFO - Message sent: owo use 75 65 54
2026-08-20 02:36:52,439 - INFO - Next message will be sent in 2.9 seconds: owo hunt
2026-08-20 02:36:55,770 - INFO - Typed message: owo hunt
2026-08-20 02:36:55,774 - INFO - Message sent: owo hunt
2026-08-20 02:36:56,200 - INFO - Next message will be sent in 2.5 seconds: owo battle
2026-08-20 02:37:01,116 - INFO - Typed message: owo hunt
2026-08-20 02:37:01,116 - INFO - Message sent: owo hunt
2026-08-20 02:37:01,355 - INFO - Next message will be sent in 2.7 seconds: owo battle
2026-08-20 02:37:04,724 - INFO - Typed message: owo battle
2026-08-20 02:37:04,724 - INFO - Message sent: owo battle
2026-08-20 02:37:04,957 - INFO - Next message will be sent in 2.9 seconds: owo sell all
2026-08-20 02:37:09,270 - INFO - Typed message: owo battle
2026-08-20 02:37:09,271 - INFO - Message sent: owo battle
2026-08-20 02:37:09,815 - INFO - Next message will be sent in 2.6 seconds: owo sell all
2026-08-20 02:37:12,182 - INFO - Typed message: owo sell all
2026-08-20 02:37:12,182 - INFO - Message sent: owo sell all
2026-08-20 02:37:12,562 - INFO - Next message will be sent in 2.7 seconds: owo cf 3
2026-08-20 02:37:17,696 - INFO - Typed message: owo sell all
2026-08-20 02:37:17,696 - INFO - Message sent: owo sell all
2026-08-20 02:37:18,227 - INFO - Next message will be sent in 2.7 seconds: owo cf 3
2026-08-20 02:37:21,157 - INFO - Typed message: owo cf 3
2026-08-20 02:37:21,159 - INFO - Message sent: owo cf 3
2026-08-20 02:37:21,867 - INFO - Next message will be sent in 3.0 seconds: owo use 75 65 54
2026-08-20 02:37:25,700 - INFO - Typed message: owo cf 3
2026-08-20 02:37:25,700 - INFO - Message sent: owo cf 3
2026-08-20 02:37:26,285 - INFO - Next message will be sent in 2.7 seconds: owo use 75 65 54
2026-08-20 02:37:30,775 - INFO - Typed message: owo use 75 65 54
2026-08-20 02:37:30,775 - INFO - Message sent: owo use 75 65 54
2026-08-20 02:37:31,569 - INFO - Next message will be sent in 2.3 seconds: owo hunt
2026-08-20 02:37:35,035 - INFO - Typed message: owo use 75 65 54
2026-08-20 02:37:35,035 - INFO - Message sent: owo use 75 65 54
2026-08-20 02:37:35,738 - INFO - Next message will be sent in 2.6 seconds: owo hunt
2026-08-20 02:37:38,876 - INFO - Typed message: owo hunt
2026-08-20 02:37:38,876 - INFO - Message sent: owo hunt
2026-08-20 02:37:39,162 - INFO - Next message will be sent in 2.0 seconds: owo battle
2026-08-20 02:37:43,072 - INFO - Typed message: owo hunt
2026-08-20 02:37:43,075 - INFO - Message sent: owo hunt
2026-08-20 02:37:43,767 - INFO - Next message will be sent in 2.8 seconds: owo battle
2026-08-20 02:37:47,116 - INFO - Typed message: owo battle
2026-08-20 02:37:47,116 - INFO - Message sent: owo battle
2026-08-20 02:37:47,906 - INFO - Next message will be sent in 2.3 seconds: owo sell all
2026-08-20 02:37:52,332 - INFO - Typed message: owo battle
2026-08-20 02:37:52,333 - INFO - Message sent: owo battle
2026-08-20 02:37:52,857 - INFO - Next message will be sent in 3.0 seconds: owo sell all
2026-08-20 02:37:56,086 - INFO - Typed message: owo sell all
2026-08-20 02:37:56,086 - INFO - Message sent: owo sell all
2026-08-20 02:37:56,461 - INFO - Next message will be sent in 2.2 seconds: owo cf 3
2026-08-20 02:38:01,628 - INFO - Typed message: owo sell all
2026-08-20 02:38:01,629 - INFO - Message sent: owo sell all
2026-08-20 02:38:02,161 - INFO - Next message will be sent in 2.9 seconds: owo cf 3
2026-08-20 02:38:03,182 - INFO - Typed message: owo cf 3
2026-08-20 02:38:03,182 - INFO - Message sent: owo cf 3
2026-08-20 02:38:03,655 - INFO - Next message will be sent in 2.4 seconds: owo use 75 65 54
2026-08-20 02:38:10,578 - INFO - Typed message: owo cf 3
2026-08-20 02:38:10,580 - INFO - Message sent: owo cf 3
2026-08-20 02:38:11,344 - INFO - Next message will be sent in 3.0 seconds: owo use 75 65 54
2026-08-20 02:38:11,546 - INFO - Typed message: owo use 75 65 54
2026-08-20 02:38:11,546 - INFO - Message sent: owo use 75 65 54
2026-08-20 02:38:11,827 - INFO - Next message will be sent in 2.4 seconds: owo hunt
2026-08-20 02:38:18,248 - INFO - Typed message: owo hunt
2026-08-20 02:38:18,248 - INFO - Message sent: owo hunt
2026-08-20 02:38:18,560 - INFO - Next message will be sent in 2.7 seconds: owo battle
2026-08-20 02:38:20,384 - INFO - Typed message: owo use 75 65 54
2026-08-20 02:38:20,387 - INFO - Message sent: owo use 75 65 54
2026-08-20 02:38:20,684 - INFO - Next message will be sent in 2.3 seconds: owo hunt
2026-08-20 02:38:27,201 - INFO - Typed message: owo hunt
2026-08-20 02:38:27,203 - INFO - Message sent: owo hunt
2026-08-20 02:38:27,649 - INFO - Next message will be sent in 2.6 seconds: owo battle
2026-08-20 02:38:27,941 - INFO - Typed message: owo battle
2026-08-20 02:38:27,941 - INFO - Message sent: owo battle
2026-08-20 02:38:28,420 - INFO - Next message will be sent in 2.8 seconds: owo sell all
2026-08-20 02:38:36,155 - INFO - Typed message: owo battle
2026-08-20 02:38:36,156 - INFO - Message sent: owo battle
2026-08-20 02:38:36,854 - INFO - Next message will be sent in 2.1 seconds: owo sell all
2026-08-20 02:38:36,854 - INFO - Typed message: owo sell all
2026-08-20 02:38:36,854 - INFO - Message sent: owo sell all
2026-08-20 02:38:37,121 - INFO - Next message will be sent in 2.4 seconds: owo cf 3
2026-08-20 02:38:44,733 - INFO - Typed message: owo cf 3
2026-08-20 02:38:44,734 - INFO - Message sent: owo cf 3
2026-08-20 02:38:45,064 - INFO - Typed message: owo sell all
2026-08-20 02:38:45,064 - INFO - Message sent: owo sell all
2026-08-20 02:38:45,238 - INFO - Next message will be sent in 2.4 seconds: owo use 75 65 54
2026-08-20 02:38:45,506 - INFO - Next message will be sent in 2.8 seconds: owo cf 3
2026-08-20 02:38:52,850 - INFO - Typed message: owo cf 3
2026-08-20 02:38:52,850 - INFO - Message sent: owo cf 3
2026-08-20 02:38:53,411 - INFO - Next message will be sent in 2.6 seconds: owo use 75 65 54
2026-08-20 02:38:54,561 - INFO - Typed message: owo use 75 65 54
2026-08-20 02:38:54,561 - INFO - Message sent: owo use 75 65 54
2026-08-20 02:38:55,318 - INFO - Next message will be sent in 2.0 seconds: owo hunt
2026-08-20 02:39:01,004 - INFO - Typed message: owo use 75 65 54
2026-08-20 02:39:01,009 - INFO - Message sent: owo use 75 65 54
2026-08-20 02:39:01,423 - INFO - Next message will be sent in 2.8 seconds: owo hunt
2026-08-20 02:39:01,862 - INFO - Typed message: owo hunt
2026-08-20 02:39:01,862 - INFO - Message sent: owo hunt
2026-08-20 02:39:02,357 - INFO - Next message will be sent in 2.8 seconds: owo battle
2026-08-20 02:39:08,262 - INFO - Typed message: owo hunt
2026-08-20 02:39:08,264 - INFO - Message sent: owo hunt
2026-08-20 02:39:08,698 - INFO - Next message will be sent in 2.9 seconds: owo battle
2026-08-20 02:39:09,573 - INFO - Typed message: owo battle
2026-08-20 02:39:09,573 - INFO - Message sent: owo battle
2026-08-20 02:39:09,919 - INFO - Next message will be sent in 2.5 seconds: owo sell all
2026-08-20 02:39:15,673 - INFO - Typed message: owo battle
2026-08-20 02:39:15,674 - INFO - Message sent: owo battle
2026-08-20 02:39:16,048 - INFO - Next message will be sent in 2.5 seconds: owo sell all
2026-08-20 02:39:17,210 - INFO - Typed message: owo sell all
2026-08-20 02:39:17,211 - INFO - Message sent: owo sell all
2026-08-20 02:39:17,593 - INFO - Next message will be sent in 2.3 seconds: owo cf 3
2026-08-20 02:39:24,741 - INFO - Typed message: owo sell all
2026-08-20 02:39:24,743 - INFO - Message sent: owo sell all
2026-08-20 02:39:25,094 - INFO - Typed message: owo cf 3
2026-08-20 02:39:25,094 - INFO - Message sent: owo cf 3
2026-08-20 02:39:25,338 - INFO - Next message will be sent in 2.4 seconds: owo use 75 65 54
2026-08-20 02:39:25,411 - INFO - Next message will be sent in 2.2 seconds: owo cf 3
2026-08-20 02:39:32,038 - INFO - Typed message: owo cf 3
2026-08-20 02:39:32,039 - INFO - Message sent: owo cf 3
2026-08-20 02:39:32,463 - INFO - Next message will be sent in 2.6 seconds: owo use 75 65 54
2026-08-20 02:39:33,157 - INFO - Typed message: owo use 75 65 54
2026-08-20 02:39:33,158 - INFO - Message sent: owo use 75 65 54
2026-08-20 02:39:33,450 - INFO - Next message will be sent in 2.1 seconds: owo hunt
2026-08-20 02:39:39,946 - INFO - Typed message: owo hunt
2026-08-20 02:39:39,946 - INFO - Message sent: owo hunt
2026-08-20 02:39:40,192 - INFO - Next message will be sent in 2.9 seconds: owo battle
2026-08-20 02:39:41,445 - INFO - Typed message: owo use 75 65 54
2026-08-20 02:39:41,445 - INFO - Message sent: owo use 75 65 54
2026-08-20 02:39:41,786 - INFO - Next message will be sent in 2.0 seconds: owo hunt
2026-08-20 02:39:47,751 - INFO - Typed message: owo battle
2026-08-20 02:39:47,757 - INFO - Message sent: owo battle
2026-08-20 02:39:48,353 - INFO - Next message will be sent in 2.0 seconds: owo sell all
2026-08-20 02:39:49,294 - INFO - Typed message: owo hunt
2026-08-20 02:39:49,294 - INFO - Message sent: owo hunt
2026-08-20 02:39:50,006 - INFO - Next message will be sent in 2.4 seconds: owo battle
2026-08-20 02:39:54,946 - INFO - Typed message: owo sell all
2026-08-20 02:39:54,946 - INFO - Message sent: owo sell all
2026-08-20 02:39:55,645 - INFO - Next message will be sent in 3.0 seconds: owo cf 3
2026-08-20 02:39:57,636 - INFO - Typed message: owo battle
2026-08-20 02:39:57,636 - INFO - Message sent: owo battle
2026-08-20 02:39:57,953 - INFO - Next message will be sent in 2.8 seconds: owo sell all
2026-08-20 02:40:03,817 - INFO - Typed message: owo cf 3
2026-08-20 02:40:03,817 - INFO - Message sent: owo cf 3
2026-08-20 02:40:04,355 - INFO - Next message will be sent in 2.7 seconds: owo use 75 65 54
2026-08-20 02:40:06,341 - INFO - Typed message: owo sell all
2026-08-20 02:40:06,341 - INFO - Message sent: owo sell all
2026-08-20 02:40:06,726 - INFO - Next message will be sent in 2.6 seconds: owo cf 3
2026-08-20 02:40:12,892 - INFO - Typed message: owo use 75 65 54
2026-08-20 02:40:12,892 - INFO - Message sent: owo use 75 65 54
2026-08-20 02:40:13,659 - INFO - Next message will be sent in 2.1 seconds: owo hunt
2026-08-20 02:40:14,076 - INFO - Typed message: owo cf 3
2026-08-20 02:40:14,076 - INFO - Message sent: owo cf 3
2026-08-20 02:40:14,783 - INFO - Next message will be sent in 2.7 seconds: owo use 75 65 54
2026-08-20 02:40:20,236 - INFO - Typed message: owo hunt
2026-08-20 02:40:20,236 - INFO - Message sent: owo hunt
2026-08-20 02:40:20,638 - INFO - Next message will be sent in 2.7 seconds: owo battle
2026-08-20 02:40:23,757 - INFO - Typed message: owo use 75 65 54
2026-08-20 02:40:23,757 - INFO - Message sent: owo use 75 65 54
2026-08-20 02:40:24,391 - INFO - Next message will be sent in 2.9 seconds: owo hunt
2026-08-20 02:40:28,555 - INFO - Typed message: owo battle
2026-08-20 02:40:28,555 - INFO - Message sent: owo battle
2026-08-20 02:40:29,142 - INFO - Next message will be sent in 2.6 seconds: owo sell all
2026-08-20 02:40:31,420 - INFO - Typed message: owo hunt
2026-08-20 02:40:31,420 - INFO - Message sent: owo hunt
2026-08-20 02:40:32,153 - INFO - Next message will be sent in 2.9 seconds: owo battle
2026-08-20 02:40:37,140 - INFO - Typed message: owo sell all
2026-08-20 02:40:37,155 - INFO - Message sent: owo sell all
2026-08-20 02:40:37,663 - INFO - Next message will be sent in 3.0 seconds: owo cf 3
2026-08-20 02:40:40,143 - INFO - Typed message: owo battle
2026-08-20 02:40:40,143 - INFO - Message sent: owo battle
2026-08-20 02:40:40,595 - INFO - Next message will be sent in 2.0 seconds: owo sell all
2026-08-20 02:40:44,826 - INFO - Typed message: owo cf 3
2026-08-20 02:40:44,826 - INFO - Message sent: owo cf 3
2026-08-20 02:40:45,393 - INFO - Next message will be sent in 2.8 seconds: owo use 75 65 54
2026-08-20 02:40:47,707 - INFO - Typed message: owo sell all
2026-08-20 02:40:47,707 - INFO - Message sent: owo sell all
2026-08-20 02:40:48,508 - INFO - Next message will be sent in 2.2 seconds: owo cf 3
2026-08-20 02:40:53,326 - INFO - Typed message: owo use 75 65 54
2026-08-20 02:40:53,326 - INFO - Message sent: owo use 75 65 54
2026-08-20 02:40:53,767 - INFO - Next message will be sent in 3.0 seconds: owo hunt
2026-08-20 02:40:54,644 - INFO - Typed message: owo cf 3
2026-08-20 02:40:54,648 - INFO - Message sent: owo cf 3
2026-08-20 02:40:55,419 - INFO - Next message will be sent in 2.8 seconds: owo use 75 65 54
2026-08-20 02:41:02,789 - INFO - Typed message: owo hunt
2026-08-20 02:41:02,790 - INFO - Message sent: owo hunt
2026-08-20 02:41:03,208 - INFO - Next message will be sent in 2.0 seconds: owo battle
2026-08-20 02:41:05,012 - INFO - Typed message: owo use 75 65 54
2026-08-20 02:41:05,012 - INFO - Message sent: owo use 75 65 54
2026-08-20 02:41:05,642 - INFO - Next message will be sent in 2.2 seconds: owo hunt
2026-08-20 02:41:11,482 - INFO - Typed message: owo battle
2026-08-20 02:41:11,483 - INFO - Message sent: owo battle
2026-08-20 02:41:11,920 - INFO - Next message will be sent in 2.1 seconds: owo sell all
2026-08-20 02:41:12,238 - INFO - Typed message: owo hunt
2026-08-20 02:41:12,238 - INFO - Message sent: owo hunt
2026-08-20 02:41:12,486 - INFO - Next message will be sent in 2.0 seconds: owo battle
2026-08-20 02:41:19,247 - INFO - Typed message: owo sell all
2026-08-20 02:41:19,247 - INFO - Message sent: owo sell all
2026-08-20 02:41:19,761 - INFO - Next message will be sent in 2.6 seconds: owo cf 3
2026-08-20 02:41:20,196 - INFO - Typed message: owo battle
2026-08-20 02:41:20,196 - INFO - Message sent: owo battle
2026-08-20 02:41:20,577 - INFO - Next message will be sent in 2.8 seconds: owo sell all
2026-08-20 02:41:27,180 - INFO - Typed message: owo cf 3
2026-08-20 02:41:27,180 - INFO - Message sent: owo cf 3
2026-08-20 02:41:27,395 - INFO - Next message will be sent in 2.5 seconds: owo use 75 65 54
2026-08-20 02:41:28,365 - INFO - Typed message: owo sell all
2026-08-20 02:41:28,366 - INFO - Message sent: owo sell all
2026-08-20 02:41:28,867 - INFO - Next message will be sent in 2.7 seconds: owo cf 3
2026-08-20 02:41:36,782 - INFO - Typed message: owo cf 3
2026-08-20 02:41:36,788 - INFO - Message sent: owo cf 3
2026-08-20 02:41:36,831 - INFO - Typed message: owo use 75 65 54
2026-08-20 02:41:36,834 - INFO - Message sent: owo use 75 65 54
2026-08-20 02:41:37,085 - INFO - Next message will be sent in 2.7 seconds: owo hunt
2026-08-20 02:41:37,228 - INFO - Next message will be sent in 2.6 seconds: owo use 75 65 54
2026-08-20 02:41:44,379 - INFO - Typed message: owo hunt
2026-08-20 02:41:44,381 - INFO - Message sent: owo hunt
2026-08-20 02:41:44,808 - INFO - Next message will be sent in 2.1 seconds: owo battle
2026-08-20 02:41:46,297 - INFO - Typed message: owo use 75 65 54
2026-08-20 02:41:46,298 - INFO - Message sent: owo use 75 65 54
2026-08-20 02:41:46,629 - INFO - Next message will be sent in 2.2 seconds: owo hunt
2026-08-20 02:41:51,922 - INFO - Typed message: owo battle
2026-08-20 02:41:51,923 - INFO - Message sent: owo battle
2026-08-20 02:41:52,452 - INFO - Next message will be sent in 2.9 seconds: owo sell all
2026-08-20 02:41:54,850 - INFO - Typed message: owo hunt
2026-08-20 02:41:54,850 - INFO - Message sent: owo hunt
2026-08-20 02:41:55,595 - INFO - Next message will be sent in 2.8 seconds: owo battle
2026-08-20 02:42:00,975 - INFO - Typed message: owo sell all
2026-08-20 02:42:00,975 - INFO - Message sent: owo sell all
2026-08-20 02:42:01,385 - INFO - Next message will be sent in 2.3 seconds: owo cf 3
2026-08-20 02:42:02,968 - INFO - Typed message: owo battle
2026-08-20 02:42:02,968 - INFO - Message sent: owo battle
2026-08-20 02:42:03,499 - INFO - Next message will be sent in 2.1 seconds: owo sell all
2026-08-20 02:42:08,077 - INFO - Typed message: owo cf 3
2026-08-20 02:42:08,078 - INFO - Message sent: owo cf 3
2026-08-20 02:42:08,524 - INFO - Next message will be sent in 2.5 seconds: owo use 75 65 54
2026-08-20 02:42:11,252 - INFO - Typed message: owo sell all
2026-08-20 02:42:11,252 - INFO - Message sent: owo sell all
2026-08-20 02:42:11,533 - INFO - Next message will be sent in 2.4 seconds: owo cf 3
2026-08-20 02:42:16,858 - INFO - Typed message: owo use 75 65 54
2026-08-20 02:42:16,859 - INFO - Message sent: owo use 75 65 54
2026-08-20 02:42:17,399 - INFO - Next message will be sent in 2.4 seconds: owo hunt
2026-08-20 02:42:18,100 - INFO - Typed message: owo cf 3
2026-08-20 02:42:18,100 - INFO - Message sent: owo cf 3
2026-08-20 02:42:18,696 - INFO - Next message will be sent in 2.2 seconds: owo use 75 65 54
2026-08-20 02:42:25,013 - INFO - Typed message: owo hunt
2026-08-20 02:42:25,017 - INFO - Message sent: owo hunt
2026-08-20 02:42:25,604 - INFO - Next message will be sent in 2.2 seconds: owo battle
2026-08-20 02:42:27,524 - INFO - Typed message: owo use 75 65 54
2026-08-20 02:42:27,524 - INFO - Message sent: owo use 75 65 54
2026-08-20 02:42:27,820 - INFO - Next message will be sent in 2.1 seconds: owo hunt
2026-08-20 02:42:32,891 - INFO - Typed message: owo battle
2026-08-20 02:42:32,891 - INFO - Message sent: owo battle
2026-08-20 02:42:33,666 - INFO - Next message will be sent in 2.4 seconds: owo sell all
2026-08-20 02:42:34,308 - INFO - Typed message: owo hunt
2026-08-20 02:42:34,308 - INFO - Message sent: owo hunt
2026-08-20 02:42:34,686 - INFO - Next message will be sent in 2.2 seconds: owo battle
2026-08-20 02:42:42,055 - INFO - Typed message: owo sell all
2026-08-20 02:42:42,055 - INFO - Message sent: owo sell all
2026-08-20 02:42:42,460 - INFO - Next message will be sent in 2.2 seconds: owo cf 3
2026-08-20 02:42:43,298 - INFO - Typed message: owo battle
2026-08-20 02:42:43,298 - INFO - Message sent: owo battle
2026-08-20 02:42:43,910 - INFO - Next message will be sent in 2.5 seconds: owo sell all
2026-08-20 02:42:49,498 - INFO - Typed message: owo cf 3
2026-08-20 02:42:49,498 - INFO - Message sent: owo cf 3
2026-08-20 02:42:50,075 - INFO - Next message will be sent in 2.6 seconds: owo use 75 65 54
2026-08-20 02:42:51,684 - INFO - Typed message: owo sell all
2026-08-20 02:42:51,687 - INFO - Message sent: owo sell all
2026-08-20 02:42:52,245 - INFO - Next message will be sent in 2.3 seconds: owo cf 3
2026-08-20 02:42:57,880 - INFO - Typed message: owo use 75 65 54
2026-08-20 02:42:57,880 - INFO - Message sent: owo use 75 65 54
2026-08-20 02:42:58,558 - INFO - Next message will be sent in 2.0 seconds: owo hunt
2026-08-20 02:42:59,888 - INFO - Typed message: owo cf 3
2026-08-20 02:42:59,888 - INFO - Message sent: owo cf 3
2026-08-20 02:43:00,640 - INFO - Next message will be sent in 2.4 seconds: owo use 75 65 54
2026-08-20 02:43:05,575 - INFO - Typed message: owo hunt
2026-08-20 02:43:05,575 - INFO - Message sent: owo hunt
2026-08-20 02:43:06,155 - INFO - Next message will be sent in 2.6 seconds: owo battle
2026-08-20 02:43:08,637 - INFO - Typed message: owo use 75 65 54
2026-08-20 02:43:08,638 - INFO - Message sent: owo use 75 65 54
2026-08-20 02:43:08,907 - INFO - Next message will be sent in 2.7 seconds: owo hunt
2026-08-20 02:43:14,806 - INFO - Typed message: owo battle
2026-08-20 02:43:14,808 - INFO - Message sent: owo battle
2026-08-20 02:43:15,460 - INFO - Next message will be sent in 2.8 seconds: owo sell all
2026-08-20 02:43:15,892 - INFO - Typed message: owo hunt
2026-08-20 02:43:15,892 - INFO - Message sent: owo hunt
2026-08-20 02:43:16,526 - INFO - Next message will be sent in 2.7 seconds: owo battle
2026-08-20 02:43:24,130 - INFO - Typed message: owo sell all
2026-08-20 02:43:24,131 - INFO - Message sent: owo sell all
2026-08-20 02:43:24,704 - INFO - Next message will be sent in 2.2 seconds: owo cf 3
2026-08-20 02:43:25,443 - INFO - Typed message: owo battle
2026-08-20 02:43:25,444 - INFO - Message sent: owo battle
2026-08-20 02:43:26,208 - INFO - Next message will be sent in 2.1 seconds: owo sell all
2026-08-20 02:43:33,310 - INFO - Typed message: owo cf 3
2026-08-20 02:43:33,310 - INFO - Message sent: owo cf 3
2026-08-20 02:43:33,732 - INFO - Next message will be sent in 2.4 seconds: owo use 75 65 54
2026-08-20 02:43:33,771 - INFO - Typed message: owo sell all
2026-08-20 02:43:33,771 - INFO - Message sent: owo sell all
2026-08-20 02:43:34,399 - INFO - Next message will be sent in 3.0 seconds: owo cf 3
2026-08-20 02:43:41,925 - INFO - Typed message: owo use 75 65 54
2026-08-20 02:43:41,925 - INFO - Message sent: owo use 75 65 54
2026-08-20 02:43:42,157 - INFO - Next message will be sent in 2.1 seconds: owo hunt
2026-08-20 02:43:43,008 - INFO - Typed message: owo cf 3
2026-08-20 02:43:43,008 - INFO - Message sent: owo cf 3
2026-08-20 02:43:43,534 - INFO - Next message will be sent in 2.4 seconds: owo use 75 65 54
2026-08-20 02:43:49,892 - INFO - Typed message: owo hunt
2026-08-20 02:43:49,892 - INFO - Message sent: owo hunt
2026-08-20 02:43:50,153 - INFO - Next message will be sent in 2.1 seconds: owo battle
2026-08-20 02:43:51,239 - INFO - Typed message: owo use 75 65 54
2026-08-20 02:43:51,239 - INFO - Message sent: owo use 75 65 54
2026-08-20 02:43:51,604 - INFO - Next message will be sent in 2.5 seconds: owo hunt
2026-08-20 02:43:57,769 - INFO - Typed message: owo battle
2026-08-20 02:43:57,777 - INFO - Message sent: owo battle
2026-08-20 02:43:58,233 - INFO - Next message will be sent in 2.3 seconds: owo sell all
2026-08-20 02:43:59,509 - INFO - Typed message: owo hunt
2026-08-20 02:43:59,509 - INFO - Message sent: owo hunt
2026-08-20 02:44:00,185 - INFO - Next message will be sent in 2.2 seconds: owo battle
2026-08-20 02:44:05,786 - INFO - Typed message: owo sell all
2026-08-20 02:44:05,786 - INFO - Message sent: owo sell all
2026-08-20 02:44:06,080 - INFO - Next message will be sent in 2.6 seconds: owo cf 3
2026-08-20 02:44:07,740 - INFO - Typed message: owo battle
2026-08-20 02:44:07,741 - INFO - Message sent: owo battle
2026-08-20 02:44:08,218 - INFO - Next message will be sent in 2.1 seconds: owo sell all
2026-08-20 02:44:14,056 - INFO - Typed message: owo cf 3
2026-08-20 02:44:14,058 - INFO - Message sent: owo cf 3
2026-08-20 02:44:14,566 - INFO - Next message will be sent in 2.1 seconds: owo use 75 65 54
2026-08-20 02:44:16,541 - INFO - Typed message: owo sell all
2026-08-20 02:44:16,541 - INFO - Message sent: owo sell all
2026-08-20 02:44:17,309 - INFO - Next message will be sent in 2.4 seconds: owo cf 3
2026-08-20 02:44:23,493 - INFO - Typed message: owo use 75 65 54
2026-08-20 02:44:23,495 - INFO - Message sent: owo use 75 65 54
2026-08-20 02:44:23,792 - INFO - Typed message: owo cf 3
2026-08-20 02:44:23,792 - INFO - Message sent: owo cf 3
2026-08-20 02:44:23,850 - INFO - Next message will be sent in 2.3 seconds: owo hunt
2026-08-20 02:44:24,195 - INFO - Next message will be sent in 3.0 seconds: owo use 75 65 54
2026-08-20 02:44:31,877 - INFO - Typed message: owo hunt
2026-08-20 02:44:31,877 - INFO - Message sent: owo hunt
2026-08-20 02:44:32,534 - INFO - Next message will be sent in 2.7 seconds: owo battle
2026-08-20 02:44:33,929 - INFO - Typed message: owo use 75 65 54
2026-08-20 02:44:33,929 - INFO - Message sent: owo use 75 65 54
2026-08-20 02:44:34,448 - INFO - Next message will be sent in 2.0 seconds: owo hunt
2026-08-20 02:44:41,765 - INFO - Typed message: owo battle
2026-08-20 02:44:41,765 - INFO - Message sent: owo battle
2026-08-20 02:44:41,890 - INFO - Typed message: owo hunt
2026-08-20 02:44:41,891 - INFO - Message sent: owo hunt
2026-08-20 02:44:42,260 - INFO - Next message will be sent in 2.5 seconds: owo battle
2026-08-20 02:44:42,387 - INFO - Next message will be sent in 2.2 seconds: owo sell all
2026-08-20 02:44:50,960 - INFO - Typed message: owo battle
2026-08-20 02:44:50,966 - INFO - Message sent: owo battle
2026-08-20 02:44:51,234 - INFO - Next message will be sent in 2.4 seconds: owo sell all
2026-08-20 02:44:51,340 - INFO - Typed message: owo sell all
2026-08-20 02:44:51,340 - INFO - Message sent: owo sell all
2026-08-20 02:44:51,785 - INFO - Next message will be sent in 3.0 seconds: owo cf 3
2026-08-20 02:44:58,245 - INFO - Typed message: owo sell all
2026-08-20 02:44:58,246 - INFO - Message sent: owo sell all
2026-08-20 02:44:58,737 - INFO - Next message will be sent in 2.4 seconds: owo cf 3
2026-08-20 02:45:00,864 - INFO - Typed message: owo cf 3
2026-08-20 02:45:00,864 - INFO - Message sent: owo cf 3
2026-08-20 02:45:01,423 - INFO - Next message will be sent in 2.7 seconds: owo use 75 65 54
2026-08-20 02:45:06,610 - INFO - Typed message: owo cf 3
2026-08-20 02:45:06,610 - INFO - Message sent: owo cf 3
2026-08-20 02:45:07,279 - INFO - Next message will be sent in 2.3 seconds: owo use 75 65 54
2026-08-20 02:45:11,006 - INFO - Typed message: owo use 75 65 54
2026-08-20 02:45:11,009 - INFO - Message sent: owo use 75 65 54
2026-08-20 02:45:11,599 - INFO - Next message will be sent in 2.4 seconds: owo hunt
2026-08-20 02:45:16,065 - INFO - Typed message: owo use 75 65 54
2026-08-20 02:45:16,065 - INFO - Message sent: owo use 75 65 54
2026-08-20 02:45:16,692 - INFO - Next message will be sent in 2.8 seconds: owo hunt
2026-08-20 02:45:19,215 - INFO - Typed message: owo hunt
2026-08-20 02:45:19,215 - INFO - Message sent: owo hunt
2026-08-20 02:45:19,969 - INFO - Next message will be sent in 3.0 seconds: owo battle
2026-08-20 02:45:25,378 - INFO - Typed message: owo hunt
2026-08-20 02:45:25,378 - INFO - Message sent: owo hunt
2026-08-20 02:45:25,962 - INFO - Next message will be sent in 2.9 seconds: owo battle
2026-08-20 02:45:28,666 - INFO - Typed message: owo battle
2026-08-20 02:45:28,666 - INFO - Message sent: owo battle
2026-08-20 02:45:29,016 - INFO - Next message will be sent in 2.4 seconds: owo sell all
2026-08-20 02:45:33,843 - INFO - Typed message: owo battle
2026-08-20 02:45:33,846 - INFO - Message sent: owo battle
2026-08-20 02:45:34,342 - INFO - Next message will be sent in 2.7 seconds: owo sell all
2026-08-20 02:45:36,056 - INFO - Typed message: owo sell all
2026-08-20 02:45:36,058 - INFO - Message sent: owo sell all
2026-08-20 02:45:36,700 - INFO - Next message will be sent in 2.4 seconds: owo cf 3
2026-08-20 02:45:42,673 - INFO - Typed message: owo sell all
2026-08-20 02:45:42,673 - INFO - Message sent: owo sell all
2026-08-20 02:45:43,100 - INFO - Next message will be sent in 2.4 seconds: owo cf 3
2026-08-20 02:45:43,725 - INFO - Typed message: owo cf 3
2026-08-20 02:45:43,726 - INFO - Message sent: owo cf 3
2026-08-20 02:45:44,310 - INFO - Next message will be sent in 2.8 seconds: owo use 75 65 54
2026-08-20 02:45:49,506 - INFO - Typed message: owo cf 3
2026-08-20 02:45:49,506 - INFO - Message sent: owo cf 3
2026-08-20 02:45:50,269 - INFO - Next message will be sent in 2.6 seconds: owo use 75 65 54
2026-08-20 02:45:53,588 - INFO - Typed message: owo use 75 65 54
2026-08-20 02:45:53,588 - INFO - Message sent: owo use 75 65 54
2026-08-20 02:45:53,817 - INFO - Next message will be sent in 2.5 seconds: owo hunt
2026-08-20 02:45:58,503 - INFO - Typed message: owo use 75 65 54
2026-08-20 02:45:58,504 - INFO - Message sent: owo use 75 65 54
2026-08-20 02:45:58,943 - INFO - Next message will be sent in 2.0 seconds: owo hunt
2026-08-20 02:46:01,858 - INFO - Typed message: owo hunt
2026-08-20 02:46:01,858 - INFO - Message sent: owo hunt
2026-08-20 02:46:02,235 - INFO - Next message will be sent in 2.9 seconds: owo battle
2026-08-20 02:46:06,422 - INFO - Typed message: owo hunt
2026-08-20 02:46:06,422 - INFO - Message sent: owo hunt
2026-08-20 02:46:07,148 - INFO - Next message will be sent in 2.1 seconds: owo battle
2026-08-20 02:46:10,145 - INFO - Typed message: owo battle
2026-08-20 02:46:10,146 - INFO - Message sent: owo battle
2026-08-20 02:46:10,756 - INFO - Next message will be sent in 2.5 seconds: owo sell all
2026-08-20 02:46:15,174 - INFO - Typed message: owo battle
2026-08-20 02:46:15,175 - INFO - Message sent: owo battle
2026-08-20 02:46:15,805 - INFO - Next message will be sent in 2.3 seconds: owo sell all
2026-08-20 02:46:19,411 - INFO - Typed message: owo sell all
2026-08-20 02:46:19,412 - INFO - Message sent: owo sell all
2026-08-20 02:46:19,966 - INFO - Next message will be sent in 2.4 seconds: owo cf 3
2026-08-20 02:46:24,489 - INFO - Typed message: owo sell all
2026-08-20 02:46:24,489 - INFO - Message sent: owo sell all
2026-08-20 02:46:25,233 - INFO - Next message will be sent in 2.8 seconds: owo cf 3
2026-08-20 02:46:27,445 - INFO - Typed message: owo cf 3
2026-08-20 02:46:27,445 - INFO - Message sent: owo cf 3
2026-08-20 02:46:27,938 - INFO - Next message will be sent in 2.3 seconds: owo use 75 65 54
2026-08-20 02:46:34,108 - INFO - Typed message: owo cf 3
2026-08-20 02:46:34,110 - INFO - Message sent: owo cf 3
2026-08-20 02:46:34,366 - INFO - Next message will be sent in 2.2 seconds: owo use 75 65 54
2026-08-20 02:46:36,738 - INFO - Typed message: owo use 75 65 54
2026-08-20 02:46:36,739 - INFO - Message sent: owo use 75 65 54
2026-08-20 02:46:37,434 - INFO - Next message will be sent in 2.6 seconds: owo hunt
2026-08-20 02:46:41,994 - INFO - Typed message: owo use 75 65 54
2026-08-20 02:46:41,994 - INFO - Message sent: owo use 75 65 54
2026-08-20 02:46:42,606 - INFO - Next message will be sent in 2.1 seconds: owo hunt
2026-08-20 02:46:45,769 - INFO - Typed message: owo hunt
2026-08-20 02:46:45,769 - INFO - Message sent: owo hunt
2026-08-20 02:46:46,365 - INFO - Next message will be sent in 2.2 seconds: owo battle
2026-08-20 02:46:49,397 - INFO - Typed message: owo hunt
2026-08-20 02:46:49,415 - INFO - Message sent: owo hunt
2026-08-20 02:46:49,665 - INFO - Next message will be sent in 2.1 seconds: owo battle
2026-08-20 02:46:53,453 - INFO - Typed message: owo battle
2026-08-20 02:46:53,459 - INFO - Message sent: owo battle
2026-08-20 02:46:54,108 - INFO - Next message will be sent in 3.0 seconds: owo sell all
2026-08-20 02:46:57,380 - INFO - Typed message: owo battle
2026-08-20 02:46:57,380 - INFO - Message sent: owo battle
2026-08-20 02:46:57,713 - INFO - Next message will be sent in 2.1 seconds: owo sell all
2026-08-20 02:47:01,715 - INFO - Typed message: owo sell all
2026-08-20 02:47:01,715 - INFO - Message sent: owo sell all
2026-08-20 02:47:02,032 - INFO - Next message will be sent in 2.1 seconds: owo cf 3
2026-08-20 02:47:04,632 - INFO - Typed message: owo sell all
2026-08-20 02:47:04,632 - INFO - Message sent: owo sell all
2026-08-20 02:47:05,293 - INFO - Next message will be sent in 2.2 seconds: owo cf 3
2026-08-20 02:47:08,476 - INFO - Typed message: owo cf 3
2026-08-20 02:47:08,478 - INFO - Message sent: owo cf 3
2026-08-20 02:47:08,806 - INFO - Next message will be sent in 2.5 seconds: owo use 75 65 54
2026-08-20 02:47:12,489 - INFO - Typed message: owo cf 3
2026-08-20 02:47:12,491 - INFO - Message sent: owo cf 3
2026-08-20 02:47:12,916 - INFO - Next message will be sent in 2.4 seconds: owo use 75 65 54
2026-08-20 02:47:17,599 - INFO - Typed message: owo use 75 65 54
2026-08-20 02:47:17,599 - INFO - Message sent: owo use 75 65 54
2026-08-20 02:47:17,857 - INFO - Next message will be sent in 2.5 seconds: owo hunt
2026-08-20 02:47:21,176 - INFO - Typed message: owo use 75 65 54
2026-08-20 02:47:21,178 - INFO - Message sent: owo use 75 65 54
2026-08-20 02:47:21,645 - INFO - Next message will be sent in 2.5 seconds: owo hunt
2026-08-20 02:47:25,337 - INFO - Typed message: owo hunt
2026-08-20 02:47:25,337 - INFO - Message sent: owo hunt
2026-08-20 02:47:25,990 - INFO - Next message will be sent in 2.7 seconds: owo battle
2026-08-20 02:47:29,093 - INFO - Typed message: owo hunt
2026-08-20 02:47:29,093 - INFO - Message sent: owo hunt
2026-08-20 02:47:29,810 - INFO - Next message will be sent in 2.8 seconds: owo battle
2026-08-20 02:47:33,399 - INFO - Typed message: owo battle
2026-08-20 02:47:33,399 - INFO - Message sent: owo battle
2026-08-20 02:47:33,927 - INFO - Next message will be sent in 2.1 seconds: owo sell all
2026-08-20 02:47:37,325 - INFO - Typed message: owo battle
2026-08-20 02:47:37,325 - INFO - Message sent: owo battle
2026-08-20 02:47:38,005 - INFO - Next message will be sent in 2.4 seconds: owo sell all
2026-08-20 02:47:41,709 - INFO - Typed message: owo sell all
2026-08-20 02:47:41,715 - INFO - Message sent: owo sell all
2026-08-20 02:47:42,096 - INFO - Next message will be sent in 2.4 seconds: owo cf 3
2026-08-20 02:47:46,586 - INFO - Typed message: owo sell all
2026-08-20 02:47:46,586 - INFO - Message sent: owo sell all
2026-08-20 02:47:47,104 - INFO - Next message will be sent in 2.1 seconds: owo cf 3
2026-08-20 02:47:50,847 - INFO - Typed message: owo cf 3
2026-08-20 02:47:50,847 - INFO - Message sent: owo cf 3
2026-08-20 02:47:51,445 - INFO - Next message will be sent in 2.7 seconds: owo use 75 65 54
2026-08-20 02:47:54,729 - INFO - Typed message: owo cf 3
2026-08-20 02:47:54,729 - INFO - Message sent: owo cf 3
2026-08-20 02:47:55,480 - INFO - Next message will be sent in 2.6 seconds: owo use 75 65 54
2026-08-20 02:47:59,366 - INFO - Typed message: owo use 75 65 54
2026-08-20 02:47:59,366 - INFO - Message sent: owo use 75 65 54
2026-08-20 02:47:59,917 - INFO - Next message will be sent in 2.6 seconds: owo hunt
2026-08-20 02:48:05,039 - INFO - Typed message: owo use 75 65 54
2026-08-20 02:48:05,039 - INFO - Message sent: owo use 75 65 54
2026-08-20 02:48:05,500 - INFO - Next message will be sent in 2.6 seconds: owo hunt
2026-08-20 02:48:07,298 - INFO - Typed message: owo hunt
2026-08-20 02:48:07,298 - INFO - Message sent: owo hunt
2026-08-20 02:48:07,692 - INFO - Next message will be sent in 2.9 seconds: owo battle
2026-08-20 02:48:12,538 - INFO - Typed message: owo hunt
2026-08-20 02:48:12,539 - INFO - Message sent: owo hunt
2026-08-20 02:48:13,237 - INFO - Next message will be sent in 2.5 seconds: owo battle
2026-08-20 02:48:15,161 - INFO - Typed message: owo battle
2026-08-20 02:48:15,161 - INFO - Message sent: owo battle
2026-08-20 02:48:15,368 - INFO - Next message will be sent in 2.3 seconds: owo sell all
2026-08-20 02:48:20,500 - INFO - Typed message: owo battle
2026-08-20 02:48:20,500 - INFO - Message sent: owo battle
2026-08-20 02:48:20,872 - INFO - Next message will be sent in 2.4 seconds: owo sell all
2026-08-20 02:48:23,049 - INFO - Typed message: owo sell all
2026-08-20 02:48:23,050 - INFO - Message sent: owo sell all
2026-08-20 02:48:23,559 - INFO - Next message will be sent in 2.1 seconds: owo cf 3
2026-08-20 02:48:29,811 - INFO - Typed message: owo sell all
2026-08-20 02:48:29,811 - INFO - Message sent: owo sell all
2026-08-20 02:48:30,387 - INFO - Next message will be sent in 2.7 seconds: owo cf 3
2026-08-20 02:48:30,685 - INFO - Typed message: owo cf 3
2026-08-20 02:48:30,701 - INFO - Message sent: owo cf 3
2026-08-20 02:48:31,311 - INFO - Next message will be sent in 2.9 seconds: owo use 75 65 54
2026-08-20 02:48:37,594 - INFO - Typed message: owo cf 3
2026-08-20 02:48:37,594 - INFO - Message sent: owo cf 3
2026-08-20 02:48:37,965 - INFO - Next message will be sent in 2.5 seconds: owo use 75 65 54
2026-08-20 02:48:39,674 - INFO - Typed message: owo use 75 65 54
2026-08-20 02:48:39,674 - INFO - Message sent: owo use 75 65 54
2026-08-20 02:48:40,208 - INFO - Next message will be sent in 2.8 seconds: owo hunt
2026-08-20 02:48:46,756 - INFO - Typed message: owo use 75 65 54
2026-08-20 02:48:46,756 - INFO - Message sent: owo use 75 65 54
2026-08-20 02:48:47,119 - INFO - Next message will be sent in 2.6 seconds: owo hunt
2026-08-20 02:48:48,385 - INFO - Typed message: owo hunt
2026-08-20 02:48:48,385 - INFO - Message sent: owo hunt
2026-08-20 02:48:48,608 - INFO - Next message will be sent in 2.8 seconds: owo battle
2026-08-20 02:48:53,669 - INFO - Typed message: owo hunt
2026-08-20 02:48:53,669 - INFO - Message sent: owo hunt
2026-08-20 02:48:54,011 - INFO - Next message will be sent in 2.0 seconds: owo battle
2026-08-20 02:48:56,024 - INFO - Typed message: owo battle
2026-08-20 02:48:56,024 - INFO - Message sent: owo battle
2026-08-20 02:48:56,598 - INFO - Next message will be sent in 2.9 seconds: owo sell all
2026-08-20 02:49:00,572 - INFO - Typed message: owo battle
2026-08-20 02:49:00,575 - INFO - Message sent: owo battle
2026-08-20 02:49:00,959 - INFO - Next message will be sent in 2.0 seconds: owo sell all
2026-08-20 02:49:04,502 - INFO - Typed message: owo sell all
2026-08-20 02:49:04,503 - INFO - Message sent: owo sell all
2026-08-20 02:49:05,151 - INFO - Next message will be sent in 2.0 seconds: owo cf 3
2026-08-20 02:49:09,516 - INFO - Typed message: owo sell all
2026-08-20 02:49:09,517 - INFO - Message sent: owo sell all
2026-08-20 02:49:09,938 - INFO - Next message will be sent in 2.5 seconds: owo cf 3
2026-08-20 02:49:13,266 - INFO - Typed message: owo cf 3
2026-08-20 02:49:13,266 - INFO - Message sent: owo cf 3
2026-08-20 02:49:13,675 - INFO - Next message will be sent in 2.3 seconds: owo use 75 65 54
2026-08-20 02:49:16,762 - INFO - Typed message: owo cf 3
2026-08-20 02:49:16,762 - INFO - Message sent: owo cf 3
2026-08-20 02:49:17,393 - INFO - Next message will be sent in 2.4 seconds: owo use 75 65 54
2026-08-20 02:49:23,051 - INFO - Typed message: owo use 75 65 54
2026-08-20 02:49:23,051 - INFO - Message sent: owo use 75 65 54
2026-08-20 02:49:23,606 - INFO - Next message will be sent in 2.3 seconds: owo hunt
2026-08-20 02:49:24,641 - INFO - Typed message: owo use 75 65 54
2026-08-20 02:49:24,641 - INFO - Message sent: owo use 75 65 54
2026-08-20 02:49:24,959 - INFO - Next message will be sent in 3.0 seconds: owo hunt
2026-08-20 02:49:31,613 - INFO - Typed message: owo hunt
2026-08-20 02:49:31,613 - INFO - Message sent: owo hunt
2026-08-20 02:49:32,161 - INFO - Next message will be sent in 2.9 seconds: owo battle
2026-08-20 02:49:33,639 - INFO - Typed message: owo hunt
2026-08-20 02:49:33,639 - INFO - Message sent: owo hunt
2026-08-20 02:49:33,850 - INFO - Next message will be sent in 2.8 seconds: owo battle
2026-08-20 02:49:39,411 - INFO - Typed message: owo battle
2026-08-20 02:49:39,411 - INFO - Message sent: owo battle
2026-08-20 02:49:39,932 - INFO - Next message will be sent in 2.8 seconds: owo sell all
2026-08-20 02:49:42,748 - INFO - Typed message: owo battle
2026-08-20 02:49:42,748 - INFO - Message sent: owo battle
2026-08-20 02:49:43,136 - INFO - Next message will be sent in 2.7 seconds: owo sell all
2026-08-20 02:49:47,534 - INFO - Typed message: owo sell all
2026-08-20 02:49:47,534 - INFO - Message sent: owo sell all
2026-08-20 02:49:47,747 - INFO - Next message will be sent in 2.8 seconds: owo cf 3
2026-08-20 02:49:50,278 - INFO - Typed message: owo sell all
2026-08-20 02:49:50,278 - INFO - Message sent: owo sell all
2026-08-20 02:49:50,852 - INFO - Next message will be sent in 2.7 seconds: owo cf 3
2026-08-20 02:49:55,501 - INFO - Typed message: owo cf 3
2026-08-20 02:49:55,501 - INFO - Message sent: owo cf 3
2026-08-20 02:49:56,200 - INFO - Next message will be sent in 2.8 seconds: owo use 75 65 54
2026-08-20 02:49:59,288 - INFO - Typed message: owo cf 3
2026-08-20 02:49:59,290 - INFO - Message sent: owo cf 3
2026-08-20 02:49:59,983 - INFO - Next message will be sent in 2.7 seconds: owo use 75 65 54
2026-08-20 02:50:05,110 - INFO - Typed message: owo use 75 65 54
2026-08-20 02:50:05,110 - INFO - Message sent: owo use 75 65 54
2026-08-20 02:50:05,515 - INFO - Next message will be sent in 2.6 seconds: owo hunt
2026-08-20 02:50:09,472 - INFO - Typed message: owo use 75 65 54
2026-08-20 02:50:09,473 - INFO - Message sent: owo use 75 65 54
2026-08-20 02:50:10,113 - INFO - Next message will be sent in 2.9 seconds: owo hunt
2026-08-20 02:50:12,384 - INFO - Typed message: owo hunt
2026-08-20 02:50:12,384 - INFO - Message sent: owo hunt
2026-08-20 02:50:12,612 - INFO - Next message will be sent in 2.5 seconds: owo battle
2026-08-20 02:50:18,969 - INFO - Typed message: owo hunt
2026-08-20 02:50:18,969 - INFO - Message sent: owo hunt
2026-08-20 02:50:19,615 - INFO - Next message will be sent in 2.3 seconds: owo battle
2026-08-20 02:50:21,065 - INFO - Typed message: owo battle
2026-08-20 02:50:21,066 - INFO - Message sent: owo battle
2026-08-20 02:50:21,617 - INFO - Next message will be sent in 2.9 seconds: owo sell all
2026-08-20 02:50:27,313 - INFO - Typed message: owo battle
2026-08-20 02:50:27,315 - INFO - Message sent: owo battle
2026-08-20 02:50:27,841 - INFO - Next message will be sent in 2.8 seconds: owo sell all
2026-08-20 02:50:29,859 - INFO - Typed message: owo sell all
2026-08-20 02:50:29,860 - INFO - Message sent: owo sell all
2026-08-20 02:50:30,382 - INFO - Next message will be sent in 2.4 seconds: owo cf 3
2026-08-20 02:50:37,060 - INFO - Typed message: owo cf 3
2026-08-20 02:50:37,069 - INFO - Message sent: owo cf 3
2026-08-20 02:50:37,073 - INFO - Typed message: owo sell all
2026-08-20 02:50:37,074 - INFO - Message sent: owo sell all
2026-08-20 02:50:37,542 - INFO - Next message will be sent in 2.1 seconds: owo cf 3
2026-08-20 02:50:37,655 - INFO - Next message will be sent in 2.6 seconds: owo use 75 65 54
2026-08-20 02:50:43,815 - INFO - Typed message: owo cf 3
2026-08-20 02:50:43,815 - INFO - Message sent: owo cf 3
2026-08-20 02:50:44,223 - INFO - Next message will be sent in 2.8 seconds: owo use 75 65 54
2026-08-20 02:50:47,133 - INFO - Typed message: owo use 75 65 54
2026-08-20 02:50:47,133 - INFO - Message sent: owo use 75 65 54
2026-08-20 02:50:47,386 - INFO - Next message will be sent in 2.9 seconds: owo hunt
2026-08-20 02:50:53,714 - INFO - Typed message: owo use 75 65 54
2026-08-20 02:50:53,714 - INFO - Message sent: owo use 75 65 54
2026-08-20 02:50:54,146 - INFO - Next message will be sent in 2.6 seconds: owo hunt
2026-08-20 02:50:54,847 - INFO - Typed message: owo hunt
2026-08-20 02:50:54,847 - INFO - Message sent: owo hunt
2026-08-20 02:50:55,150 - INFO - Next message will be sent in 2.8 seconds: owo battle
2026-08-20 02:51:01,790 - INFO - Typed message: owo hunt
2026-08-20 02:51:01,790 - INFO - Message sent: owo hunt
2026-08-20 02:51:02,161 - INFO - Next message will be sent in 2.7 seconds: owo battle
2026-08-20 02:51:03,226 - INFO - Typed message: owo battle
2026-08-20 02:51:03,226 - INFO - Message sent: owo battle
2026-08-20 02:51:03,993 - INFO - Next message will be sent in 2.5 seconds: owo sell all
2026-08-20 02:51:09,240 - INFO - Typed message: owo battle
2026-08-20 02:51:09,241 - INFO - Message sent: owo battle
2026-08-20 02:51:09,599 - INFO - Next message will be sent in 2.2 seconds: owo sell all
2026-08-20 02:51:11,655 - INFO - Typed message: owo sell all
2026-08-20 02:51:11,655 - INFO - Message sent: owo sell all
2026-08-20 02:51:12,221 - INFO - Next message will be sent in 2.7 seconds: owo cf 3
2026-08-20 02:51:18,525 - INFO - Typed message: owo sell all
2026-08-20 02:51:18,525 - INFO - Message sent: owo sell all
2026-08-20 02:51:18,935 - INFO - Next message will be sent in 2.6 seconds: owo cf 3
2026-08-20 02:51:20,265 - INFO - Typed message: owo cf 3
2026-08-20 02:51:20,265 - INFO - Message sent: owo cf 3
2026-08-20 02:51:20,780 - INFO - Next message will be sent in 2.4 seconds: owo use 75 65 54
2026-08-20 02:51:27,192 - INFO - Typed message: owo cf 3
2026-08-20 02:51:27,193 - INFO - Message sent: owo cf 3
2026-08-20 02:51:27,606 - INFO - Next message will be sent in 2.8 seconds: owo use 75 65 54
2026-08-20 02:51:29,655 - INFO - Typed message: owo use 75 65 54
2026-08-20 02:51:29,655 - INFO - Message sent: owo use 75 65 54
2026-08-20 02:51:29,931 - INFO - Next message will be sent in 2.7 seconds: owo hunt
2026-08-20 02:51:36,746 - INFO - Typed message: owo hunt
2026-08-20 02:51:36,746 - INFO - Message sent: owo hunt
2026-08-20 02:51:37,378 - INFO - Typed message: owo use 75 65 54
2026-08-20 02:51:37,378 - INFO - Message sent: owo use 75 65 54
2026-08-20 02:51:37,434 - INFO - Next message will be sent in 2.8 seconds: owo battle
2026-08-20 02:51:37,926 - INFO - Next message will be sent in 2.8 seconds: owo hunt
2026-08-20 02:51:45,405 - INFO - Typed message: owo hunt
2026-08-20 02:51:45,405 - INFO - Message sent: owo hunt
2026-08-20 02:51:45,518 - INFO - Typed message: owo battle
2026-08-20 02:51:45,518 - INFO - Message sent: owo battle
2026-08-20 02:51:46,174 - INFO - Next message will be sent in 2.1 seconds: owo battle
2026-08-20 02:51:46,293 - INFO - Next message will be sent in 2.6 seconds: owo sell all
2026-08-20 02:51:53,641 - INFO - Typed message: owo battle
2026-08-20 02:51:53,645 - INFO - Message sent: owo battle
2026-08-20 02:51:53,942 - INFO - Next message will be sent in 2.2 seconds: owo sell all
2026-08-20 02:51:54,564 - INFO - Typed message: owo sell all
2026-08-20 02:51:54,564 - INFO - Message sent: owo sell all
2026-08-20 02:51:55,004 - INFO - Next message will be sent in 2.2 seconds: owo cf 3
2026-08-20 02:52:01,812 - INFO - Typed message: owo cf 3
2026-08-20 02:52:01,812 - INFO - Message sent: owo cf 3
2026-08-20 02:52:02,446 - INFO - Next message will be sent in 2.3 seconds: owo use 75 65 54
2026-08-20 02:52:02,684 - INFO - Typed message: owo sell all
2026-08-20 02:52:02,684 - INFO - Message sent: owo sell all
2026-08-20 02:52:03,457 - INFO - Next message will be sent in 2.4 seconds: owo cf 3
2026-08-20 02:52:10,275 - INFO - Typed message: owo use 75 65 54
2026-08-20 02:52:10,275 - INFO - Message sent: owo use 75 65 54
2026-08-20 02:52:10,531 - INFO - Next message will be sent in 2.2 seconds: owo hunt
2026-08-20 02:52:11,217 - INFO - Typed message: owo cf 3
2026-08-20 02:52:11,217 - INFO - Message sent: owo cf 3
2026-08-20 02:52:11,446 - INFO - Next message will be sent in 2.2 seconds: owo use 75 65 54
2026-08-20 02:52:18,371 - INFO - Typed message: owo hunt
2026-08-20 02:52:18,371 - INFO - Message sent: owo hunt
2026-08-20 02:52:19,012 - INFO - Next message will be sent in 2.8 seconds: owo battle
2026-08-20 02:52:20,229 - INFO - Typed message: owo use 75 65 54
2026-08-20 02:52:20,229 - INFO - Message sent: owo use 75 65 54
2026-08-20 02:52:20,579 - INFO - Next message will be sent in 2.9 seconds: owo hunt
2026-08-20 02:52:27,704 - INFO - Typed message: owo hunt
2026-08-20 02:52:27,705 - INFO - Message sent: owo hunt
2026-08-20 02:52:28,111 - INFO - Typed message: owo battle
2026-08-20 02:52:28,114 - INFO - Message sent: owo battle
2026-08-20 02:52:28,238 - INFO - Next message will be sent in 2.4 seconds: owo battle
2026-08-20 02:52:28,765 - INFO - Next message will be sent in 2.7 seconds: owo sell all
2026-08-20 02:52:35,160 - INFO - Typed message: owo battle
2026-08-20 02:52:35,162 - INFO - Message sent: owo battle
2026-08-20 02:52:35,554 - INFO - Next message will be sent in 2.3 seconds: owo sell all
2026-08-20 02:52:36,300 - INFO - Typed message: owo sell all
2026-08-20 02:52:36,303 - INFO - Message sent: owo sell all
2026-08-20 02:52:36,672 - INFO - Next message will be sent in 2.0 seconds: owo cf 3
2026-08-20 02:52:43,086 - INFO - Typed message: owo cf 3
2026-08-20 02:52:43,087 - INFO - Message sent: owo cf 3
2026-08-20 02:52:43,704 - INFO - Typed message: owo sell all
2026-08-20 02:52:43,704 - INFO - Message sent: owo sell all
2026-08-20 02:52:43,864 - INFO - Next message will be sent in 2.5 seconds: owo use 75 65 54
2026-08-20 02:52:44,383 - INFO - Next message will be sent in 2.9 seconds: owo cf 3
2026-08-20 02:52:52,047 - INFO - Typed message: owo cf 3
2026-08-20 02:52:52,047 - INFO - Message sent: owo cf 3
2026-08-20 02:52:52,562 - INFO - Typed message: owo use 75 65 54
2026-08-20 02:52:52,567 - INFO - Message sent: owo use 75 65 54
2026-08-20 02:52:52,567 - INFO - Next message will be sent in 2.1 seconds: owo use 75 65 54
2026-08-20 02:52:52,913 - INFO - Next message will be sent in 2.0 seconds: owo hunt
2026-08-20 02:52:59,294 - INFO - Typed message: owo hunt
2026-08-20 02:52:59,295 - INFO - Message sent: owo hunt
2026-08-20 02:52:59,779 - INFO - Next message will be sent in 2.3 seconds: owo battle
2026-08-20 02:53:01,434 - INFO - Typed message: owo use 75 65 54
2026-08-20 02:53:01,435 - INFO - Message sent: owo use 75 65 54
2026-08-20 02:53:01,833 - INFO - Next message will be sent in 2.1 seconds: owo hunt
2026-08-20 02:53:07,688 - INFO - Typed message: owo battle
2026-08-20 02:53:07,688 - INFO - Message sent: owo battle
2026-08-20 02:53:08,473 - INFO - Next message will be sent in 2.6 seconds: owo sell all
2026-08-20 02:53:08,955 - INFO - Typed message: owo hunt
2026-08-20 02:53:08,955 - INFO - Message sent: owo hunt
2026-08-20 02:53:09,484 - INFO - Next message will be sent in 2.1 seconds: owo battle
2026-08-20 02:53:16,029 - INFO - Typed message: owo battle
2026-08-20 02:53:16,029 - INFO - Message sent: owo battle
2026-08-20 02:53:16,355 - INFO - Next message will be sent in 2.4 seconds: owo sell all
2026-08-20 02:53:16,844 - INFO - Typed message: owo sell all
2026-08-20 02:53:16,846 - INFO - Message sent: owo sell all
2026-08-20 02:53:17,447 - INFO - Next message will be sent in 2.4 seconds: owo cf 3
2026-08-20 02:53:23,514 - INFO - Typed message: owo sell all
2026-08-20 02:53:23,515 - INFO - Message sent: owo sell all
2026-08-20 02:53:24,154 - INFO - Next message will be sent in 2.0 seconds: owo cf 3
2026-08-20 02:53:24,608 - INFO - Typed message: owo cf 3
2026-08-20 02:53:24,610 - INFO - Message sent: owo cf 3
2026-08-20 02:53:24,987 - INFO - Next message will be sent in 2.3 seconds: owo use 75 65 54
2026-08-20 02:53:31,217 - INFO - Typed message: owo cf 3
2026-08-20 02:53:31,217 - INFO - Message sent: owo cf 3
2026-08-20 02:53:31,739 - INFO - Next message will be sent in 2.4 seconds: owo use 75 65 54
2026-08-20 02:53:33,848 - INFO - Typed message: owo use 75 65 54
2026-08-20 02:53:33,850 - INFO - Message sent: owo use 75 65 54
2026-08-20 02:53:34,112 - INFO - Next message will be sent in 2.3 seconds: owo hunt
2026-08-20 02:53:39,197 - INFO - Typed message: owo use 75 65 54
2026-08-20 02:53:39,197 - INFO - Message sent: owo use 75 65 54
2026-08-20 02:53:39,660 - INFO - Next message will be sent in 2.0 seconds: owo hunt
2026-08-20 02:53:41,952 - INFO - Typed message: owo hunt
2026-08-20 02:53:41,952 - INFO - Message sent: owo hunt
2026-08-20 02:53:42,531 - INFO - Next message will be sent in 2.6 seconds: owo battle
2026-08-20 02:53:46,027 - INFO - Typed message: owo hunt
2026-08-20 02:53:46,027 - INFO - Message sent: owo hunt
2026-08-20 02:53:46,326 - INFO - Next message will be sent in 2.1 seconds: owo battle
2026-08-20 02:53:50,396 - INFO - Typed message: owo battle
2026-08-20 02:53:50,398 - INFO - Message sent: owo battle
2026-08-20 02:53:50,678 - INFO - Next message will be sent in 2.9 seconds: owo sell all
2026-08-20 02:53:53,945 - INFO - Typed message: owo battle
2026-08-20 02:53:53,950 - INFO - Message sent: owo battle
2026-08-20 02:53:54,377 - INFO - Next message will be sent in 2.7 seconds: owo sell all
2026-08-20 02:53:58,777 - INFO - Typed message: owo sell all
2026-08-20 02:53:58,778 - INFO - Message sent: owo sell all
2026-08-20 02:53:59,120 - INFO - Next message will be sent in 2.2 seconds: owo cf 3
2026-08-20 02:54:03,553 - INFO - Typed message: owo sell all
2026-08-20 02:54:03,559 - INFO - Message sent: owo sell all
2026-08-20 02:54:03,822 - INFO - Next message will be sent in 2.5 seconds: owo cf 3
2026-08-20 02:54:05,492 - INFO - Typed message: owo cf 3
2026-08-20 02:54:05,492 - INFO - Message sent: owo cf 3
2026-08-20 02:54:05,893 - INFO - Next message will be sent in 2.2 seconds: owo use 75 65 54
2026-08-20 02:54:12,369 - INFO - Typed message: owo cf 3
2026-08-20 02:54:12,369 - INFO - Message sent: owo cf 3
2026-08-20 02:54:12,693 - INFO - Next message will be sent in 2.9 seconds: owo use 75 65 54
2026-08-20 02:54:14,692 - INFO - Typed message: owo use 75 65 54
2026-08-20 02:54:14,692 - INFO - Message sent: owo use 75 65 54
2026-08-20 02:54:15,232 - INFO - Next message will be sent in 2.1 seconds: owo hunt
2026-08-20 02:54:21,436 - INFO - Typed message: owo use 75 65 54
2026-08-20 02:54:21,448 - INFO - Message sent: owo use 75 65 54
2026-08-20 02:54:21,716 - INFO - Typed message: owo hunt
2026-08-20 02:54:21,717 - INFO - Message sent: owo hunt
2026-08-20 02:54:21,938 - INFO - Next message will be sent in 2.4 seconds: owo battle
2026-08-20 02:54:22,072 - INFO - Next message will be sent in 2.8 seconds: owo hunt
2026-08-20 02:54:29,081 - INFO - Typed message: owo battle
2026-08-20 02:54:29,081 - INFO - Message sent: owo battle
2026-08-20 02:54:29,523 - INFO - Typed message: owo hunt
2026-08-20 02:54:29,523 - INFO - Message sent: owo hunt
2026-08-20 02:54:29,632 - INFO - Next message will be sent in 2.9 seconds: owo sell all
2026-08-20 02:54:29,873 - INFO - Next message will be sent in 2.6 seconds: owo battle
2026-08-20 02:54:37,652 - INFO - Typed message: owo sell all
2026-08-20 02:54:37,652 - INFO - Message sent: owo sell all
2026-08-20 02:54:38,027 - INFO - Next message will be sent in 2.9 seconds: owo cf 3
2026-08-20 02:54:38,874 - INFO - Typed message: owo battle
2026-08-20 02:54:38,874 - INFO - Message sent: owo battle
2026-08-20 02:54:39,187 - INFO - Next message will be sent in 2.8 seconds: owo sell all
2026-08-20 02:54:45,722 - INFO - Typed message: owo cf 3
2026-08-20 02:54:45,722 - INFO - Message sent: owo cf 3
2026-08-20 02:54:45,925 - INFO - Next message will be sent in 2.4 seconds: owo use 75 65 54
2026-08-20 02:54:48,499 - INFO - Typed message: owo sell all
2026-08-20 02:54:48,500 - INFO - Message sent: owo sell all
2026-08-20 02:54:48,792 - INFO - Next message will be sent in 2.4 seconds: owo cf 3
2026-08-20 02:54:55,082 - INFO - Typed message: owo use 75 65 54
2026-08-20 02:54:55,082 - INFO - Message sent: owo use 75 65 54
2026-08-20 02:54:55,487 - INFO - Next message will be sent in 2.5 seconds: owo hunt
2026-08-20 02:54:56,932 - INFO - Typed message: owo cf 3
2026-08-20 02:54:56,933 - INFO - Message sent: owo cf 3
2026-08-20 02:54:57,472 - INFO - Next message will be sent in 2.6 seconds: owo use 75 65 54
2026-08-20 02:55:03,641 - INFO - Typed message: owo hunt
2026-08-20 02:55:03,641 - INFO - Message sent: owo hunt
2026-08-20 02:55:04,238 - INFO - Next message will be sent in 2.2 seconds: owo battle
2026-08-20 02:55:06,293 - INFO - Typed message: owo use 75 65 54
2026-08-20 02:55:06,294 - INFO - Message sent: owo use 75 65 54
2026-08-20 02:55:06,747 - INFO - Next message will be sent in 2.2 seconds: owo hunt
2026-08-20 02:55:12,348 - INFO - Typed message: owo battle
2026-08-20 02:55:12,348 - INFO - Message sent: owo battle
2026-08-20 02:55:12,914 - INFO - Next message will be sent in 3.0 seconds: owo sell all
2026-08-20 02:55:14,559 - INFO - Typed message: owo hunt
2026-08-20 02:55:14,560 - INFO - Message sent: owo hunt
2026-08-20 02:55:14,964 - INFO - Next message will be sent in 2.7 seconds: owo battle
2026-08-20 02:55:21,202 - INFO - Typed message: owo sell all
2026-08-20 02:55:21,202 - INFO - Message sent: owo sell all
2026-08-20 02:55:21,660 - INFO - Next message will be sent in 2.8 seconds: owo cf 3
2026-08-20 02:55:23,122 - INFO - Typed message: owo battle
2026-08-20 02:55:23,122 - INFO - Message sent: owo battle
2026-08-20 02:55:23,805 - INFO - Next message will be sent in 2.2 seconds: owo sell all
2026-08-20 02:55:29,932 - INFO - Typed message: owo cf 3
2026-08-20 02:55:29,934 - INFO - Message sent: owo cf 3
2026-08-20 02:55:30,521 - INFO - Next message will be sent in 2.7 seconds: owo use 75 65 54
2026-08-20 02:55:31,906 - INFO - Typed message: owo sell all
2026-08-20 02:55:31,907 - INFO - Message sent: owo sell all
2026-08-20 02:55:32,656 - INFO - Next message will be sent in 2.9 seconds: owo cf 3
2026-08-20 02:55:39,790 - INFO - Typed message: owo use 75 65 54
2026-08-20 02:55:39,798 - INFO - Message sent: owo use 75 65 54
2026-08-20 02:55:40,050 - INFO - Next message will be sent in 2.3 seconds: owo hunt
2026-08-20 02:55:41,319 - INFO - Typed message: owo cf 3
2026-08-20 02:55:41,320 - INFO - Message sent: owo cf 3
2026-08-20 02:55:42,095 - INFO - Next message will be sent in 2.1 seconds: owo use 75 65 54
2026-08-20 02:55:47,710 - INFO - Typed message: owo hunt
2026-08-20 02:55:47,710 - INFO - Message sent: owo hunt
2026-08-20 02:55:47,914 - INFO - Next message will be sent in 2.1 seconds: owo battle
2026-08-20 02:55:49,344 - INFO - Typed message: owo use 75 65 54
2026-08-20 02:55:49,345 - INFO - Message sent: owo use 75 65 54
2026-08-20 02:55:49,550 - INFO - Next message will be sent in 2.8 seconds: owo hunt
2026-08-20 02:55:56,024 - INFO - Typed message: owo battle
2026-08-20 02:55:56,030 - INFO - Message sent: owo battle
2026-08-20 02:55:56,552 - INFO - Next message will be sent in 2.0 seconds: owo sell all
2026-08-20 02:55:57,353 - INFO - Typed message: owo hunt
2026-08-20 02:55:57,353 - INFO - Message sent: owo hunt
2026-08-20 02:55:57,695 - INFO - Next message will be sent in 2.4 seconds: owo battle
2026-08-20 02:56:04,502 - INFO - Typed message: owo sell all
2026-08-20 02:56:04,502 - INFO - Typed message: owo battle
2026-08-20 02:56:04,502 - INFO - Message sent: owo sell all
2026-08-20 02:56:04,502 - INFO - Message sent: owo battle
2026-08-20 02:56:04,779 - INFO - Next message will be sent in 2.6 seconds: owo sell all
2026-08-20 02:56:04,799 - INFO - Next message will be sent in 2.1 seconds: owo cf 3
2026-08-20 02:56:12,275 - INFO - Typed message: owo sell all
2026-08-20 02:56:12,275 - INFO - Message sent: owo sell all
2026-08-20 02:56:12,305 - INFO - Typed message: owo cf 3
2026-08-20 02:56:12,305 - INFO - Message sent: owo cf 3
2026-08-20 02:56:12,653 - INFO - Next message will be sent in 2.9 seconds: owo cf 3
2026-08-20 02:56:12,987 - INFO - Next message will be sent in 2.9 seconds: owo use 75 65 54
2026-08-20 02:56:20,954 - INFO - Typed message: owo cf 3
2026-08-20 02:56:20,955 - INFO - Message sent: owo cf 3
2026-08-20 02:56:20,967 - INFO - Typed message: owo use 75 65 54
2026-08-20 02:56:20,967 - INFO - Message sent: owo use 75 65 54
2026-08-20 02:56:21,370 - INFO - Next message will be sent in 2.1 seconds: owo hunt
2026-08-20 02:56:21,727 - INFO - Next message will be sent in 2.2 seconds: owo use 75 65 54
2026-08-20 02:56:29,192 - INFO - Typed message: owo hunt
2026-08-20 02:56:29,194 - INFO - Message sent: owo hunt
2026-08-20 02:56:29,565 - INFO - Next message will be sent in 2.6 seconds: owo battle
2026-08-20 02:56:30,260 - INFO - Typed message: owo use 75 65 54
2026-08-20 02:56:30,261 - INFO - Message sent: owo use 75 65 54
2026-08-20 02:56:30,584 - INFO - Next message will be sent in 2.4 seconds: owo hunt
2026-08-20 02:56:36,820 - INFO - Typed message: owo hunt
2026-08-20 02:56:36,821 - INFO - Message sent: owo hunt
2026-08-20 02:56:37,134 - INFO - Next message will be sent in 2.7 seconds: owo battle
2026-08-20 02:56:37,257 - INFO - Typed message: owo battle
2026-08-20 02:56:37,259 - INFO - Message sent: owo battle
2026-08-20 02:56:37,729 - INFO - Next message will be sent in 2.4 seconds: owo sell all
2026-08-20 02:56:44,951 - INFO - Typed message: owo battle
2026-08-20 02:56:44,952 - INFO - Message sent: owo battle
2026-08-20 02:56:45,517 - INFO - Next message will be sent in 2.8 seconds: owo sell all
2026-08-20 02:56:45,935 - INFO - Typed message: owo sell all
2026-08-20 02:56:45,935 - INFO - Message sent: owo sell all
2026-08-20 02:56:46,669 - INFO - Next message will be sent in 2.8 seconds: owo cf 3
2026-08-20 02:56:53,684 - INFO - Typed message: owo cf 3
2026-08-20 02:56:53,685 - INFO - Message sent: owo cf 3
2026-08-20 02:56:54,181 - INFO - Typed message: owo sell all
2026-08-20 02:56:54,181 - INFO - Message sent: owo sell all
2026-08-20 02:56:54,439 - INFO - Next message will be sent in 3.0 seconds: owo use 75 65 54
2026-08-20 02:56:54,583 - INFO - Next message will be sent in 2.5 seconds: owo cf 3
2026-08-20 02:57:01,780 - INFO - Typed message: owo cf 3
2026-08-20 02:57:01,781 - INFO - Message sent: owo cf 3
2026-08-20 02:57:02,165 - INFO - Next message will be sent in 2.2 seconds: owo use 75 65 54
2026-08-20 02:57:04,146 - INFO - Typed message: owo use 75 65 54
2026-08-20 02:57:04,146 - INFO - Message sent: owo use 75 65 54
2026-08-20 02:57:04,667 - INFO - Next message will be sent in 2.8 seconds: owo hunt
2026-08-20 02:57:11,245 - INFO - Typed message: owo use 75 65 54
2026-08-20 02:57:11,245 - INFO - Message sent: owo use 75 65 54
2026-08-20 02:57:11,872 - INFO - Next message will be sent in 2.6 seconds: owo hunt
2026-08-20 02:57:13,516 - INFO - Typed message: owo hunt
2026-08-20 02:57:13,516 - INFO - Message sent: owo hunt
2026-08-20 02:57:14,138 - INFO - Next message will be sent in 2.7 seconds: owo battle
2026-08-20 02:57:20,268 - INFO - Typed message: owo hunt
2026-08-20 02:57:20,268 - INFO - Message sent: owo hunt
2026-08-20 02:57:20,779 - INFO - Next message will be sent in 2.1 seconds: owo battle
2026-08-20 02:57:23,089 - INFO - Typed message: owo battle
2026-08-20 02:57:23,089 - INFO - Message sent: owo battle
2026-08-20 02:57:23,788 - INFO - Next message will be sent in 2.0 seconds: owo sell all
2026-08-20 02:57:28,327 - INFO - Typed message: owo battle
2026-08-20 02:57:28,327 - INFO - Message sent: owo battle
2026-08-20 02:57:28,710 - INFO - Next message will be sent in 2.5 seconds: owo sell all
2026-08-20 02:57:31,687 - INFO - Typed message: owo sell all
2026-08-20 02:57:31,687 - INFO - Message sent: owo sell all
2026-08-20 02:57:32,328 - INFO - Next message will be sent in 2.5 seconds: owo cf 3
2026-08-20 02:57:35,944 - INFO - Typed message: owo sell all
2026-08-20 02:57:35,945 - INFO - Message sent: owo sell all
2026-08-20 02:57:36,420 - INFO - Next message will be sent in 2.2 seconds: owo cf 3
2026-08-20 02:57:40,197 - INFO - Typed message: owo cf 3
2026-08-20 02:57:40,198 - INFO - Message sent: owo cf 3
2026-08-20 02:57:40,806 - INFO - Next message will be sent in 2.2 seconds: owo use 75 65 54
2026-08-20 02:57:43,386 - INFO - Typed message: owo cf 3
2026-08-20 02:57:43,387 - INFO - Message sent: owo cf 3
2026-08-20 02:57:44,130 - INFO - Next message will be sent in 2.5 seconds: owo use 75 65 54
2026-08-20 02:57:48,340 - INFO - Typed message: owo use 75 65 54
2026-08-20 02:57:48,340 - INFO - Message sent: owo use 75 65 54
2026-08-20 02:57:48,593 - INFO - Next message will be sent in 2.8 seconds: owo hunt
2026-08-20 02:57:51,722 - INFO - Typed message: owo use 75 65 54
2026-08-20 02:57:51,722 - INFO - Message sent: owo use 75 65 54
2026-08-20 02:57:52,124 - INFO - Next message will be sent in 2.2 seconds: owo hunt
2026-08-20 02:57:57,371 - INFO - Typed message: owo hunt
2026-08-20 02:57:57,371 - INFO - Message sent: owo hunt
2026-08-20 02:57:57,651 - INFO - Next message will be sent in 2.3 seconds: owo battle
2026-08-20 02:57:59,978 - INFO - Typed message: owo hunt
2026-08-20 02:57:59,980 - INFO - Message sent: owo hunt
2026-08-20 02:58:00,392 - INFO - Next message will be sent in 2.0 seconds: owo battle
2026-08-20 02:58:04,975 - INFO - Typed message: owo battle
2026-08-20 02:58:04,975 - INFO - Message sent: owo battle
2026-08-20 02:58:05,716 - INFO - Next message will be sent in 2.3 seconds: owo sell all
2026-08-20 02:58:07,200 - INFO - Typed message: owo battle
2026-08-20 02:58:07,202 - INFO - Message sent: owo battle
2026-08-20 02:58:07,535 - INFO - Next message will be sent in 2.5 seconds: owo sell all
2026-08-20 02:58:14,430 - INFO - Typed message: owo sell all
2026-08-20 02:58:14,430 - INFO - Message sent: owo sell all
2026-08-20 02:58:14,915 - INFO - Next message will be sent in 2.6 seconds: owo cf 3
2026-08-20 02:58:16,120 - INFO - Typed message: owo sell all
2026-08-20 02:58:16,120 - INFO - Message sent: owo sell all
2026-08-20 02:58:16,336 - INFO - Next message will be sent in 2.3 seconds: owo cf 3
2026-08-20 02:58:23,227 - INFO - Typed message: owo cf 3
2026-08-20 02:58:23,227 - INFO - Message sent: owo cf 3
2026-08-20 02:58:23,581 - INFO - Next message will be sent in 2.1 seconds: owo use 75 65 54
2026-08-20 02:58:23,636 - INFO - Typed message: owo cf 3
2026-08-20 02:58:23,637 - INFO - Message sent: owo cf 3
2026-08-20 02:58:24,199 - INFO - Next message will be sent in 2.3 seconds: owo use 75 65 54
2026-08-20 02:58:30,677 - INFO - Typed message: owo use 75 65 54
2026-08-20 02:58:30,679 - INFO - Message sent: owo use 75 65 54
2026-08-20 02:58:31,386 - INFO - Next message will be sent in 2.3 seconds: owo hunt
2026-08-20 02:58:32,373 - INFO - Typed message: owo use 75 65 54
2026-08-20 02:58:32,373 - INFO - Message sent: owo use 75 65 54
2026-08-20 02:58:32,790 - INFO - Next message will be sent in 2.5 seconds: owo hunt
2026-08-20 02:58:37,768 - INFO - Typed message: owo hunt
2026-08-20 02:58:37,768 - INFO - Message sent: owo hunt
2026-08-20 02:58:38,362 - INFO - Next message will be sent in 2.4 seconds: owo battle
2026-08-20 02:58:40,084 - INFO - Typed message: owo hunt
2026-08-20 02:58:40,084 - INFO - Message sent: owo hunt
2026-08-20 02:58:40,352 - INFO - Next message will be sent in 2.9 seconds: owo battle
2026-08-20 02:58:45,850 - INFO - Typed message: owo battle
2026-08-20 02:58:45,850 - INFO - Message sent: owo battle
2026-08-20 02:58:46,071 - INFO - Next message will be sent in 2.3 seconds: owo sell all
2026-08-20 02:58:48,746 - INFO - Typed message: owo battle
2026-08-20 02:58:48,747 - INFO - Message sent: owo battle
2026-08-20 02:58:49,201 - INFO - Next message will be sent in 2.1 seconds: owo sell all
2026-08-20 02:58:54,299 - INFO - Typed message: owo sell all
2026-08-20 02:58:54,299 - INFO - Message sent: owo sell all
2026-08-20 02:58:55,075 - INFO - Next message will be sent in 2.6 seconds: owo cf 3
2026-08-20 02:58:56,109 - INFO - Typed message: owo sell all
2026-08-20 02:58:56,109 - INFO - Message sent: owo sell all
2026-08-20 02:58:56,831 - INFO - Next message will be sent in 2.9 seconds: owo cf 3
2026-08-20 02:59:02,987 - INFO - Typed message: owo cf 3
2026-08-20 02:59:02,987 - INFO - Message sent: owo cf 3
2026-08-20 02:59:03,212 - INFO - Next message will be sent in 2.7 seconds: owo use 75 65 54
2026-08-20 02:59:04,162 - INFO - Typed message: owo cf 3
2026-08-20 02:59:04,162 - INFO - Message sent: owo cf 3
2026-08-20 02:59:04,450 - INFO - Next message will be sent in 2.7 seconds: owo use 75 65 54
2026-08-20 02:59:12,268 - INFO - Typed message: owo use 75 65 54
2026-08-20 02:59:12,270 - INFO - Message sent: owo use 75 65 54
2026-08-20 02:59:12,716 - INFO - Next message will be sent in 2.5 seconds: owo hunt
2026-08-20 02:59:14,362 - INFO - Typed message: owo use 75 65 54
2026-08-20 02:59:14,362 - INFO - Message sent: owo use 75 65 54
2026-08-20 02:59:15,037 - INFO - Next message will be sent in 2.9 seconds: owo hunt
2026-08-20 02:59:20,795 - INFO - Typed message: owo hunt
2026-08-20 02:59:20,795 - INFO - Message sent: owo hunt
2026-08-20 02:59:21,555 - INFO - Next message will be sent in 2.6 seconds: owo battle
2026-08-20 02:59:23,097 - INFO - Typed message: owo hunt
2026-08-20 02:59:23,097 - INFO - Message sent: owo hunt
2026-08-20 02:59:23,400 - INFO - Next message will be sent in 2.7 seconds: owo battle
2026-08-20 02:59:29,658 - INFO - Typed message: owo battle
2026-08-20 02:59:29,658 - INFO - Message sent: owo battle
2026-08-20 02:59:30,132 - INFO - Next message will be sent in 2.3 seconds: owo sell all
2026-08-20 02:59:32,269 - INFO - Typed message: owo battle
2026-08-20 02:59:32,269 - INFO - Message sent: owo battle
2026-08-20 02:59:32,559 - INFO - Next message will be sent in 2.4 seconds: owo sell all
2026-08-20 02:59:37,229 - INFO - Typed message: owo sell all
2026-08-20 02:59:37,230 - INFO - Message sent: owo sell all
2026-08-20 02:59:37,807 - INFO - Next message will be sent in 2.0 seconds: owo cf 3
2026-08-20 02:59:40,189 - INFO - Typed message: owo sell all
2026-08-20 02:59:40,189 - INFO - Message sent: owo sell all
2026-08-20 02:59:40,767 - INFO - Next message will be sent in 2.3 seconds: owo cf 3
2026-08-20 02:59:45,849 - INFO - Typed message: owo cf 3
2026-08-20 02:59:45,851 - INFO - Message sent: owo cf 3
2026-08-20 02:59:46,483 - INFO - Next message will be sent in 2.8 seconds: owo use 75 65 54
2026-08-20 02:59:48,594 - INFO - Typed message: owo cf 3
2026-08-20 02:59:48,594 - INFO - Message sent: owo cf 3
2026-08-20 02:59:48,901 - INFO - Next message will be sent in 2.6 seconds: owo use 75 65 54
2026-08-20 02:59:54,576 - INFO - Typed message: owo use 75 65 54
2026-08-20 02:59:54,576 - INFO - Message sent: owo use 75 65 54
2026-08-20 02:59:55,324 - INFO - Next message will be sent in 2.3 seconds: owo hunt
2026-08-20 02:59:56,511 - INFO - Typed message: owo use 75 65 54
2026-08-20 02:59:56,511 - INFO - Message sent: owo use 75 65 54
2026-08-20 02:59:56,795 - INFO - Next message will be sent in 2.9 seconds: owo hunt
2026-08-20 03:00:03,132 - INFO - Typed message: owo hunt
2026-08-20 03:00:03,132 - INFO - Message sent: owo hunt
2026-08-20 03:00:03,886 - INFO - Next message will be sent in 2.5 seconds: owo battle
2026-08-20 03:00:04,286 - INFO - Typed message: owo hunt
2026-08-20 03:00:04,286 - INFO - Message sent: owo hunt
2026-08-20 03:00:04,616 - INFO - Next message will be sent in 2.1 seconds: owo battle
2026-08-20 03:00:11,440 - INFO - Typed message: owo battle
2026-08-20 03:00:11,440 - INFO - Message sent: owo battle
2026-08-20 03:00:11,880 - INFO - Next message will be sent in 2.0 seconds: owo sell all
2026-08-20 03:00:12,025 - INFO - Typed message: owo battle
2026-08-20 03:00:12,027 - INFO - Message sent: owo battle
2026-08-20 03:00:12,522 - INFO - Next message will be sent in 2.7 seconds: owo sell all
2026-08-20 03:00:19,291 - INFO - Typed message: owo sell all
2026-08-20 03:00:19,292 - INFO - Message sent: owo sell all
2026-08-20 03:00:19,537 - INFO - Next message will be sent in 2.7 seconds: owo cf 3
2026-08-20 03:00:21,584 - INFO - Typed message: owo sell all
2026-08-20 03:00:21,585 - INFO - Message sent: owo sell all
2026-08-20 03:00:22,349 - INFO - Next message will be sent in 2.4 seconds: owo cf 3
2026-08-20 03:00:27,906 - INFO - Typed message: owo cf 3
2026-08-20 03:00:27,906 - INFO - Message sent: owo cf 3
2026-08-20 03:00:28,303 - INFO - Next message will be sent in 2.8 seconds: owo use 75 65 54
2026-08-20 03:00:29,846 - INFO - Typed message: owo cf 3
2026-08-20 03:00:29,846 - INFO - Message sent: owo cf 3
2026-08-20 03:00:30,193 - INFO - Next message will be sent in 2.6 seconds: owo use 75 65 54
2026-08-20 03:00:37,602 - INFO - Typed message: owo use 75 65 54
2026-08-20 03:00:37,603 - INFO - Message sent: owo use 75 65 54
2026-08-20 03:00:37,928 - INFO - Next message will be sent in 2.3 seconds: owo hunt
2026-08-20 03:00:39,162 - INFO - Typed message: owo use 75 65 54
2026-08-20 03:00:39,162 - INFO - Message sent: owo use 75 65 54
2026-08-20 03:00:39,943 - INFO - Next message will be sent in 2.2 seconds: owo hunt
2026-08-20 03:00:44,770 - INFO - Typed message: owo hunt
2026-08-20 03:00:44,770 - INFO - Message sent: owo hunt
2026-08-20 03:00:45,194 - INFO - Next message will be sent in 2.9 seconds: owo battle
2026-08-20 03:00:47,868 - INFO - Typed message: owo hunt
2026-08-20 03:00:47,868 - INFO - Message sent: owo hunt
2026-08-20 03:00:48,427 - INFO - Next message will be sent in 2.4 seconds: owo battle
2026-08-20 03:00:53,617 - INFO - Typed message: owo battle
2026-08-20 03:00:53,617 - INFO - Message sent: owo battle
2026-08-20 03:00:54,034 - INFO - Next message will be sent in 2.8 seconds: owo sell all
2026-08-20 03:00:55,856 - INFO - Typed message: owo battle
2026-08-20 03:00:55,856 - INFO - Message sent: owo battle
2026-08-20 03:00:56,429 - INFO - Next message will be sent in 2.1 seconds: owo sell all
2026-08-20 03:01:01,669 - INFO - Typed message: owo sell all
2026-08-20 03:01:01,669 - INFO - Message sent: owo sell all
2026-08-20 03:01:02,159 - INFO - Next message will be sent in 2.0 seconds: owo cf 3
2026-08-20 03:01:04,313 - INFO - Typed message: owo sell all
2026-08-20 03:01:04,315 - INFO - Message sent: owo sell all
2026-08-20 03:01:04,746 - INFO - Next message will be sent in 2.7 seconds: owo cf 3
2026-08-20 03:01:08,282 - INFO - Typed message: owo cf 3
2026-08-20 03:01:08,282 - INFO - Message sent: owo cf 3
2026-08-20 03:01:09,070 - INFO - Next message will be sent in 2.5 seconds: owo use 75 65 54
2026-08-20 03:01:11,942 - INFO - Typed message: owo cf 3
2026-08-20 03:01:11,942 - INFO - Message sent: owo cf 3
2026-08-20 03:01:12,411 - INFO - Next message will be sent in 2.8 seconds: owo use 75 65 54
2026-08-20 03:01:17,122 - INFO - Typed message: owo use 75 65 54
2026-08-20 03:01:17,125 - INFO - Message sent: owo use 75 65 54
2026-08-20 03:01:17,392 - INFO - Next message will be sent in 2.6 seconds: owo hunt
2026-08-20 03:01:21,803 - INFO - Typed message: owo use 75 65 54
2026-08-20 03:01:21,804 - INFO - Message sent: owo use 75 65 54
2026-08-20 03:01:22,053 - INFO - Next message will be sent in 2.9 seconds: owo hunt
2026-08-20 03:01:24,511 - INFO - Typed message: owo hunt
2026-08-20 03:01:24,511 - INFO - Message sent: owo hunt
2026-08-20 03:01:25,037 - INFO - Next message will be sent in 2.0 seconds: owo battle
2026-08-20 03:01:29,581 - INFO - Typed message: owo hunt
2026-08-20 03:01:29,581 - INFO - Message sent: owo hunt
2026-08-20 03:01:30,166 - INFO - Next message will be sent in 2.1 seconds: owo battle
2026-08-20 03:01:32,856 - INFO - Typed message: owo battle
2026-08-20 03:01:32,863 - INFO - Message sent: owo battle
2026-08-20 03:01:33,509 - INFO - Next message will be sent in 2.7 seconds: owo sell all
2026-08-20 03:01:36,692 - INFO - Typed message: owo battle
2026-08-20 03:01:36,692 - INFO - Message sent: owo battle
2026-08-20 03:01:37,426 - INFO - Next message will be sent in 2.4 seconds: owo sell all
2026-08-20 03:01:42,286 - INFO - Typed message: owo sell all
2026-08-20 03:01:42,286 - INFO - Message sent: owo sell all
2026-08-20 03:01:42,994 - INFO - Next message will be sent in 2.2 seconds: owo cf 3
2026-08-20 03:01:44,517 - INFO - Typed message: owo sell all
2026-08-20 03:01:44,517 - INFO - Message sent: owo sell all
2026-08-20 03:01:45,040 - INFO - Next message will be sent in 2.1 seconds: owo cf 3
2026-08-20 03:01:50,803 - INFO - Typed message: owo cf 3
2026-08-20 03:01:50,804 - INFO - Message sent: owo cf 3
2026-08-20 03:01:51,107 - INFO - Typed message: owo cf 3
2026-08-20 03:01:51,107 - INFO - Message sent: owo cf 3
2026-08-20 03:01:51,400 - INFO - Next message will be sent in 2.5 seconds: owo use 75 65 54
2026-08-20 03:01:51,423 - INFO - Next message will be sent in 2.4 seconds: owo use 75 65 54
2026-08-20 03:01:59,683 - INFO - Typed message: owo use 75 65 54
2026-08-20 03:01:59,683 - INFO - Message sent: owo use 75 65 54
2026-08-20 03:02:00,184 - INFO - Typed message: owo use 75 65 54
2026-08-20 03:02:00,185 - INFO - Message sent: owo use 75 65 54
2026-08-20 03:02:00,478 - INFO - Next message will be sent in 2.9 seconds: owo hunt
2026-08-20 03:02:00,623 - INFO - Next message will be sent in 2.0 seconds: owo hunt
2026-08-20 03:02:07,441 - INFO - Typed message: owo hunt
2026-08-20 03:02:07,442 - INFO - Message sent: owo hunt
2026-08-20 03:02:07,568 - INFO - Typed message: owo hunt
2026-08-20 03:02:07,568 - INFO - Message sent: owo hunt
2026-08-20 03:02:07,662 - INFO - Next message will be sent in 2.8 seconds: owo battle
2026-08-20 03:02:07,877 - INFO - Next message will be sent in 2.7 seconds: owo battle
2026-08-20 03:02:15,664 - INFO - Typed message: owo battle
2026-08-20 03:02:15,665 - INFO - Message sent: owo battle
2026-08-20 03:02:15,754 - INFO - Typed message: owo battle
2026-08-20 03:02:15,754 - INFO - Message sent: owo battle
2026-08-20 03:02:16,126 - INFO - Next message will be sent in 2.7 seconds: owo sell all
2026-08-20 03:02:16,192 - INFO - Next message will be sent in 2.7 seconds: owo sell all
2026-08-20 03:02:23,997 - INFO - Typed message: owo sell all
2026-08-20 03:02:23,998 - INFO - Message sent: owo sell all
2026-08-20 03:02:24,354 - INFO - Next message will be sent in 2.8 seconds: owo cf 3
2026-08-20 03:02:24,558 - INFO - Typed message: owo sell all
2026-08-20 03:02:24,559 - INFO - Message sent: owo sell all
2026-08-20 03:02:25,015 - INFO - Next message will be sent in 3.0 seconds: owo cf 3
2026-08-20 03:02:31,056 - INFO - Typed message: owo cf 3
2026-08-20 03:02:31,056 - INFO - Message sent: owo cf 3
2026-08-20 03:02:31,581 - INFO - Next message will be sent in 2.4 seconds: owo use 75 65 54
2026-08-20 03:02:33,074 - INFO - Typed message: owo cf 3
2026-08-20 03:02:33,074 - INFO - Message sent: owo cf 3
2026-08-20 03:02:33,560 - INFO - Next message will be sent in 2.4 seconds: owo use 75 65 54
2026-08-20 03:02:39,898 - INFO - Typed message: owo use 75 65 54
2026-08-20 03:02:39,898 - INFO - Message sent: owo use 75 65 54
2026-08-20 03:02:40,180 - INFO - Next message will be sent in 2.7 seconds: owo hunt
2026-08-20 03:02:42,165 - INFO - Typed message: owo use 75 65 54
2026-08-20 03:02:42,165 - INFO - Message sent: owo use 75 65 54
2026-08-20 03:02:42,391 - INFO - Next message will be sent in 2.4 seconds: owo hunt
2026-08-20 03:02:48,271 - INFO - Typed message: owo hunt
2026-08-20 03:02:48,271 - INFO - Message sent: owo hunt
2026-08-20 03:02:48,960 - INFO - Next message will be sent in 2.0 seconds: owo battle
2026-08-20 03:02:50,253 - INFO - Typed message: owo hunt
2026-08-20 03:02:50,255 - INFO - Message sent: owo hunt
2026-08-20 03:02:50,457 - INFO - Next message will be sent in 2.5 seconds: owo battle
2026-08-20 03:02:56,065 - INFO - Typed message: owo battle
2026-08-20 03:02:56,067 - INFO - Message sent: owo battle
2026-08-20 03:02:56,468 - INFO - Next message will be sent in 2.6 seconds: owo sell all
2026-08-20 03:02:57,518 - INFO - Typed message: owo battle
2026-08-20 03:02:57,518 - INFO - Message sent: owo battle
2026-08-20 03:02:58,211 - INFO - Next message will be sent in 2.1 seconds: owo sell all
2026-08-20 03:03:04,153 - INFO - Typed message: owo sell all
2026-08-20 03:03:04,153 - INFO - Message sent: owo sell all
2026-08-20 03:03:04,554 - INFO - Next message will be sent in 2.6 seconds: owo cf 3
2026-08-20 03:03:05,535 - INFO - Typed message: owo sell all
2026-08-20 03:03:05,535 - INFO - Message sent: owo sell all
2026-08-20 03:03:06,305 - INFO - Next message will be sent in 2.9 seconds: owo cf 3
2026-08-20 03:03:11,022 - INFO - Typed message: owo cf 3
2026-08-20 03:03:11,022 - INFO - Message sent: owo cf 3
2026-08-20 03:03:11,355 - INFO - Next message will be sent in 2.8 seconds: owo use 75 65 54
2026-08-20 03:03:14,204 - INFO - Typed message: owo cf 3
2026-08-20 03:03:14,206 - INFO - Message sent: owo cf 3
2026-08-20 03:03:14,428 - INFO - Next message will be sent in 2.3 seconds: owo use 75 65 54
2026-08-20 03:03:20,171 - INFO - Typed message: owo use 75 65 54
2026-08-20 03:03:20,171 - INFO - Message sent: owo use 75 65 54
2026-08-20 03:03:20,430 - INFO - Next message will be sent in 2.7 seconds: owo hunt
2026-08-20 03:03:22,339 - INFO - Typed message: owo use 75 65 54
2026-08-20 03:03:22,339 - INFO - Message sent: owo use 75 65 54
2026-08-20 03:03:23,003 - INFO - Next message will be sent in 2.9 seconds: owo hunt
2026-08-20 03:03:27,838 - INFO - Typed message: owo hunt
2026-08-20 03:03:27,839 - INFO - Message sent: owo hunt
2026-08-20 03:03:28,387 - INFO - Next message will be sent in 2.6 seconds: owo battle
2026-08-20 03:03:30,563 - INFO - Typed message: owo hunt
2026-08-20 03:03:30,563 - INFO - Message sent: owo hunt
2026-08-20 03:03:31,000 - INFO - Next message will be sent in 2.4 seconds: owo battle
2026-08-20 03:03:38,092 - ERROR - human_type error: Message: element not interactable
  (Session info: chrome=151.0.7922.169); For documentation on this error, please visit: https://www.selenium.dev/documentation/webdriver/troubleshooting/errors#elementnotinteractableexception
Stacktrace:
	chromedriver!GetHandleVerifier [0x7ff74e06abb5+151b5]
	chromedriver!GetHandleVerifier [0x7ff74e06ac10+15210]
	chromedriver!(No symbol) [0x7ff74db95b56]
	chromedriver!(No symbol) [0x7ff74dbec099]
	chromedriver!(No symbol) [0x7ff74dbeb006]
	chromedriver!(No symbol) [0x7ff74dc19d0a]
	chromedriver!(No symbol) [0x7ff74dbe4f76]
	chromedriver!(No symbol) [0x7ff74dc3ec0b]
	chromedriver!(No symbol) [0x7ff74dbe37cc]
	chromedriver!(No symbol) [0x7ff74dbe46f3]
	chromedriver!GetHandleVerifier [0x7ff74e68b79b+635d9b]
	chromedriver!GetHandleVerifier [0x7ff74e685ac6+6300c6]
	chromedriver!GetHandleVerifier [0x7ff74e6abcee+6562ee]
	chromedriver!GetHandleVerifier [0x7ff74e088ffe+335fe]
	chromedriver!GetHandleVerifier [0x7ff74e09147c+3ba7c]
	chromedriver!GetHandleVerifier [0x7ff74e074d64+1f364]
	chromedriver!GetHandleVerifier [0x7ff74e074ef4+1f4f4]
	chromedriver!GetHandleVerifier [0x7ff74e057d97+2397]
	KERNEL32!BaseThreadInitThunk [0x7ffb9f7eccb7+17]
	ntdll!RtlUserThreadStart [0x7ffba12ead6c+2c]

2026-08-20 03:03:38,093 - WARNING - Failed to send message: owo battle
2026-08-20 03:03:38,695 - INFO - Next message will be sent in 2.7 seconds: owo sell all
2026-08-20 03:03:39,275 - INFO - Typed message: owo battle
2026-08-20 03:03:39,275 - INFO - Message sent: owo battle
2026-08-20 03:03:39,500 - INFO - Next message will be sent in 2.3 seconds: owo sell all
2026-08-20 03:03:45,995 - ERROR - human_type error: Message: stale element reference: stale element not found in the current frame
  (Session info: chrome=151.0.7922.169); For documentation on this error, please visit: https://www.selenium.dev/documentation/webdriver/troubleshooting/errors#staleelementreferenceexception
Stacktrace:
	chromedriver!GetHandleVerifier [0x7ff74e06abb5+151b5]
	chromedriver!GetHandleVerifier [0x7ff74e06ac10+15210]
	chromedriver!(No symbol) [0x7ff74db95d6d]
	chromedriver!(No symbol) [0x7ff74db9dcd1]
	chromedriver!(No symbol) [0x7ff74dba0c85]
	chromedriver!(No symbol) [0x7ff74dba0d4f]
	chromedriver!(No symbol) [0x7ff74dbf24e0]
	chromedriver!(No symbol) [0x7ff74dbf25d7]
	chromedriver!(No symbol) [0x7ff74dbe907a]
	chromedriver!(No symbol) [0x7ff74dc19d0a]
	chromedriver!(No symbol) [0x7ff74dbe4f76]
	chromedriver!(No symbol) [0x7ff74dc3ec0b]
	chromedriver!(No symbol) [0x7ff74dbe37cc]
	chromedriver!(No symbol) [0x7ff74dbe46f3]
	chromedriver!GetHandleVerifier [0x7ff74e68b79b+635d9b]
	chromedriver!GetHandleVerifier [0x7ff74e685ac6+6300c6]
	chromedriver!GetHandleVerifier [0x7ff74e6abcee+6562ee]
	chromedriver!GetHandleVerifier [0x7ff74e088ffe+335fe]
	chromedriver!GetHandleVerifier [0x7ff74e09147c+3ba7c]
	chromedriver!GetHandleVerifier [0x7ff74e074d64+1f364]
	chromedriver!GetHandleVerifier [0x7ff74e074ef4+1f4f4]
	chromedriver!GetHandleVerifier [0x7ff74e057d97+2397]
	KERNEL32!BaseThreadInitThunk [0x7ffb9f7eccb7+17]
	ntdll!RtlUserThreadStart [0x7ffba12ead6c+2c]

2026-08-20 03:03:45,998 - WARNING - Failed to send message: owo sell all
2026-08-20 03:03:46,432 - INFO - Next message will be sent in 2.6 seconds: owo cf 3
2026-08-20 03:03:46,953 - INFO - Typed message: owo sell all
2026-08-20 03:03:46,953 - INFO - Message sent: owo sell all
2026-08-20 03:03:47,494 - INFO - Next message will be sent in 2.4 seconds: owo cf 3
2026-08-20 03:03:55,133 - INFO - Typed message: owo cf 3
2026-08-20 03:03:55,133 - INFO - Message sent: owo cf 3
2026-08-20 03:03:55,744 - INFO - Next message will be sent in 2.3 seconds: owo use 75 65 54
2026-08-20 03:04:03,721 - INFO - Typed message: owo use 75 65 54
2026-08-20 03:04:03,722 - INFO - Message sent: owo use 75 65 54
2026-08-20 03:04:04,016 - INFO - Next message will be sent in 2.5 seconds: owo hunt
2026-08-20 03:04:11,900 - INFO - Typed message: owo hunt
2026-08-20 03:04:11,900 - INFO - Message sent: owo hunt
2026-08-20 03:04:12,324 - INFO - Next message will be sent in 2.8 seconds: owo battle
2026-08-20 03:04:18,655 - INFO - Typed message: owo cf 3
2026-08-20 03:04:18,655 - INFO - Message sent: owo cf 3
2026-08-20 03:04:19,134 - INFO - Next message will be sent in 2.2 seconds: owo use 75 65 54
2026-08-20 03:04:20,444 - INFO - Typed message: owo battle
2026-08-20 03:04:20,444 - INFO - Message sent: owo battle
2026-08-20 03:04:20,658 - INFO - Next message will be sent in 2.5 seconds: owo sell all
2026-08-20 03:04:26,948 - INFO - Typed message: owo use 75 65 54
2026-08-20 03:04:26,950 - INFO - Message sent: owo use 75 65 54
2026-08-20 03:04:27,620 - INFO - Next message will be sent in 2.5 seconds: owo hunt
2026-08-20 03:04:29,250 - INFO - Typed message: owo sell all
2026-08-20 03:04:29,250 - INFO - Message sent: owo sell all
2026-08-20 03:04:29,575 - INFO - Next message will be sent in 2.9 seconds: owo cf 3
2026-08-20 03:04:35,631 - INFO - Typed message: owo hunt
2026-08-20 03:04:35,631 - INFO - Message sent: owo hunt
2026-08-20 03:04:36,325 - INFO - Next message will be sent in 2.4 seconds: owo battle
2026-08-20 03:04:37,514 - INFO - Typed message: owo cf 3
2026-08-20 03:04:37,515 - INFO - Message sent: owo cf 3
2026-08-20 03:04:38,065 - INFO - Next message will be sent in 2.4 seconds: owo use 75 65 54
2026-08-20 03:04:45,949 - INFO - Typed message: owo use 75 65 54
2026-08-20 03:04:45,955 - INFO - Message sent: owo use 75 65 54
2026-08-20 03:04:46,583 - INFO - Next message will be sent in 2.5 seconds: owo hunt
2026-08-20 03:04:50,047 - INFO - Typed message: owo battle
2026-08-20 03:04:50,047 - INFO - Message sent: owo battle
2026-08-20 03:04:50,631 - INFO - Next message will be sent in 2.6 seconds: owo sell all
2026-08-29 22:39:20,096 - INFO - Runner starting
2026-08-29 22:39:20,225 - INFO - Running 2 accounts with concurrency=2
2026-08-29 22:39:20,231 - INFO - Starting account 97aa6447d4 -> channel 980696581777027092
2026-08-29 22:39:20,232 - INFO - Starting account bafd1f4103 -> channel 1506890846652338206
2026-08-29 22:39:20,234 - INFO - ====== WebDriver manager ======
2026-08-29 22:39:20,235 - INFO - ====== WebDriver manager ======
2026-08-29 22:39:21,431 - INFO - Driver [C:\Users\satis\.wdm\drivers\chromedriver\win64\152.0.7977.64\chromedriver-win64/chromedriver.exe] found in cache by browser version
2026-08-29 22:39:21,432 - INFO - Driver [C:\Users\satis\.wdm\drivers\chromedriver\win64\152.0.7977.64\chromedriver-win64/chromedriver.exe] found in cache by browser version
2026-08-29 22:39:25,252 - INFO - CDP injection scheduled (single attempt)
2026-08-29 22:39:31,644 - INFO - CDP injection scheduled (single attempt)
2026-08-29 22:39:36,237 - INFO - Token not verified after single attempt; proceeding to open channel
2026-08-29 22:39:36,268 - INFO - Token injection not verified for 97aa6447d4; proceeding to open channel
2026-08-29 22:39:39,573 - INFO - Starting message loop for account
2026-08-29 22:39:39,589 - INFO - Next message will be sent in 2.2 seconds: owo hunt
2026-08-29 22:39:44,186 - INFO - Token not verified after single attempt; proceeding to open channel
2026-08-29 22:39:44,227 - INFO - Token injection not verified for bafd1f4103; proceeding to open channel
2026-08-29 22:39:45,707 - INFO - Starting message loop for account
2026-08-29 22:39:45,728 - INFO - Next message will be sent in 2.0 seconds: owo hunt
2026-08-29 22:39:54,849 - WARNING - No message box for 97aa6447d4; will retry after interval
2026-08-29 22:39:54,868 - INFO - Next message will be sent in 2.3 seconds: owo battle
2026-08-29 22:40:01,125 - WARNING - No message box for 97aa6447d4; will retry after interval
2026-08-29 22:40:01,125 - INFO - Next message will be sent in 2.5 seconds: owo sell all
2026-08-29 22:40:03,644 - WARNING - No message box for 97aa6447d4; will retry after interval
2026-08-29 22:40:03,645 - INFO - Next message will be sent in 2.5 seconds: owo cf 3
2026-08-29 22:40:06,103 - WARNING - No message box for 97aa6447d4; will retry after interval
2026-08-29 22:40:06,104 - INFO - Next message will be sent in 2.9 seconds: owo use 75 65 54
2026-08-29 22:40:06,732 - INFO - Typed message: owo hunt
2026-08-29 22:40:06,733 - INFO - Message sent: owo hunt
2026-08-29 22:40:07,174 - INFO - Next message will be sent in 2.8 seconds: owo battle
2026-08-29 22:40:09,030 - WARNING - No message box for 97aa6447d4; will retry after interval
2026-08-29 22:40:09,031 - INFO - Next message will be sent in 2.4 seconds: owo hunt
2026-08-29 22:40:11,391 - WARNING - No message box for 97aa6447d4; will retry after interval
2026-08-29 22:40:11,393 - INFO - Next message will be sent in 2.7 seconds: owo battle
2026-08-29 22:40:14,114 - WARNING - No message box for 97aa6447d4; will retry after interval
2026-08-29 22:40:14,114 - INFO - Next message will be sent in 2.1 seconds: owo sell all
2026-08-29 22:40:16,137 - INFO - Typed message: owo battle
2026-08-29 22:40:16,154 - INFO - Message sent: owo battle
2026-08-29 22:40:16,221 - WARNING - No message box for 97aa6447d4; will retry after interval
2026-08-29 22:40:16,221 - INFO - Next message will be sent in 2.6 seconds: owo cf 3
2026-08-29 22:40:16,836 - INFO - Next message will be sent in 2.5 seconds: owo sell all
2026-08-29 22:40:18,849 - WARNING - No message box for 97aa6447d4; will retry after interval
2026-08-29 22:40:18,849 - INFO - Next message will be sent in 2.7 seconds: owo use 75 65 54
2026-08-29 22:40:21,575 - WARNING - No message box for 97aa6447d4; will retry after interval
2026-08-29 22:40:21,575 - INFO - Next message will be sent in 2.3 seconds: owo hunt
2026-08-29 22:40:23,899 - WARNING - No message box for 97aa6447d4; will retry after interval
2026-08-29 22:40:23,899 - INFO - Next message will be sent in 2.0 seconds: owo battle
2026-08-29 22:40:25,477 - INFO - Typed message: owo sell all
2026-08-29 22:40:25,478 - INFO - Message sent: owo sell all
2026-08-29 22:40:25,909 - WARNING - No message box for 97aa6447d4; will retry after interval
2026-08-29 22:40:25,909 - INFO - Next message will be sent in 2.4 seconds: owo sell all
2026-08-29 22:40:26,217 - INFO - Next message will be sent in 2.6 seconds: owo cf 3
2026-08-29 22:40:28,368 - WARNING - No message box for 97aa6447d4; will retry after interval
2026-08-29 22:40:28,370 - INFO - Next message will be sent in 2.1 seconds: owo cf 3
2026-08-29 22:40:30,524 - WARNING - No message box for 97aa6447d4; will retry after interval
2026-08-29 22:40:30,525 - INFO - Next message will be sent in 2.0 seconds: owo use 75 65 54
2026-08-29 22:40:32,534 - WARNING - No message box for 97aa6447d4; will retry after interval
2026-08-29 22:40:32,534 - INFO - Next message will be sent in 2.1 seconds: owo hunt
2026-08-29 22:40:34,622 - WARNING - No message box for 97aa6447d4; will retry after interval
2026-08-29 22:40:34,622 - INFO - Next message will be sent in 2.9 seconds: owo battle
2026-08-29 22:40:34,854 - INFO - Typed message: owo cf 3
2026-08-29 22:40:34,855 - INFO - Message sent: owo cf 3
2026-08-29 22:40:35,352 - INFO - Next message will be sent in 2.2 seconds: owo use 75 65 54
2026-08-29 22:40:37,480 - WARNING - No message box for 97aa6447d4; will retry after interval
2026-08-29 22:40:37,480 - INFO - Next message will be sent in 2.8 seconds: owo sell all
2026-08-29 22:40:40,271 - WARNING - No message box for 97aa6447d4; will retry after interval
2026-08-29 22:40:40,272 - INFO - Next message will be sent in 2.9 seconds: owo cf 3
2026-08-29 22:40:43,149 - WARNING - No message box for 97aa6447d4; will retry after interval
2026-08-29 22:40:43,150 - INFO - Next message will be sent in 2.0 seconds: owo use 75 65 54
2026-08-29 22:40:45,173 - WARNING - No message box for 97aa6447d4; will retry after interval
2026-08-29 22:40:45,174 - INFO - Next message will be sent in 2.9 seconds: owo hunt
2026-08-29 22:40:45,657 - INFO - Typed message: owo use 75 65 54
2026-08-29 22:40:45,658 - INFO - Message sent: owo use 75 65 54
2026-08-29 22:40:46,257 - INFO - Next message will be sent in 2.6 seconds: owo hunt
2026-08-29 22:40:48,038 - WARNING - No message box for 97aa6447d4; will retry after interval
2026-08-29 22:40:48,039 - INFO - Next message will be sent in 2.6 seconds: owo battle
2026-08-29 22:40:50,661 - WARNING - No message box for 97aa6447d4; will retry after interval
2026-08-29 22:40:50,662 - INFO - Next message will be sent in 2.4 seconds: owo sell all
2026-08-29 22:40:52,729 - ERROR - human_type error: Message: no such window: target window already closed
from unknown error: web view not found
  (Session info: chrome=152.0.7977.64)
Stacktrace:
	chromedriver!GetHandleVerifier [0x7ff757ea8a65+5625]
	chromedriver!(No symbol) [0x7ff757dcce10]
	chromedriver!(No symbol) [0x7ff757bf5f8d]
	chromedriver!(No symbol) [0x7ff757bccf92]
	chromedriver!(No symbol) [0x7ff757c81356]
	chromedriver!(No symbol) [0x7ff757c9e7c2]
	chromedriver!(No symbol) [0x7ff757c4384b]
	chromedriver!(No symbol) [0x7ff757c44783]
	chromedriver!GetHandleVerifier [0x7ff7582c476b+42132b]
	chromedriver!GetHandleVerifier [0x7ff7582efcf2+44c8b2]
	chromedriver!GetHandleVerifier [0x7ff7582e3c9e+44085e]
	chromedriver!GetHandleVerifier [0x7ff757fa4e3e+1019fe]
	chromedriver!(No symbol) [0x7ff757dd9f6c]
	chromedriver!(No symbol) [0x7ff757dd5c44]
	chromedriver!(No symbol) [0x7ff757dd5dd4]
	chromedriver!(No symbol) [0x7ff757dc0cbc]
	KERNEL32!BaseThreadInitThunk [0x7ffb9f7eccb7+17]
	ntdll!RtlUserThreadStart [0x7ffba12ead6c+2c]

2026-08-29 22:40:52,743 - WARNING - Failed to send message: owo hunt
2026-08-29 22:40:53,105 - WARNING - No message box for 97aa6447d4; will retry after interval
2026-08-29 22:40:53,105 - INFO - Next message will be sent in 2.6 seconds: owo cf 3
2026-08-29 22:40:53,243 - INFO - Next message will be sent in 2.5 seconds: owo battle
